match_id,country,league_full_name,league_code,season,round,date,time,home_team,away_team,home_score,away_score,home_score_ht,away_score_ht,home_goals_minutes,away_goals_minutes,odd_h_ft,odd_d_ft,odd_a_ft,odd_h_ht,odd_d_ht,odd_a_ht,over_ft_0.5,under_ft_0.5,over_ft_1.5,under_ft_1.5,over_ft_2.5,under_ft_2.5,over_ft_3.5,under_ft_3.5,over_ft_4.5,under_ft_4.5,over_ht_0.5,under_ht_0.5,over_ht_1.5,under_ht_1.5,over_ht_2.5,under_ht_2.5,btts_yes,btts_no,dc_1x,dc_12,dc_x2,xG_Home_FT,xG_Away_FT,Possession_Home_FT,Possession_Away_FT,Total_Shots_Home_FT,Total_Shots_Away_FT,Shots_On_Target_Home_FT,Shots_On_Target_Away_FT,Big_Chances_Home_FT,Big_Chances_Away_FT,Corners_Home_FT,Corners_Away_FT,Passes_Pct_Home_FT,Passes_Pct_Away_FT,xGOT_Home_FT,xGOT_Away_FT,Shots_Off_Target_Home_FT,Shots_Off_Target_Away_FT,Blocked_Shots_Home_FT,Blocked_Shots_Away_FT,Shots_Inside_Box_Home_FT,Shots_Inside_Box_Away_FT,Shots_Outside_Box_Home_FT,Shots_Outside_Box_Away_FT,Hit_Woodwork_Home_FT,Hit_Woodwork_Away_FT,Touches_Box_Home_FT,Touches_Box_Away_FT,Through_Passes_Home_FT,Through_Passes_Away_FT,Offsides_Home_FT,Offsides_Away_FT,Free_Kicks_Home_FT,Free_Kicks_Away_FT,Long_Passes_Pct_Home_FT,Long_Passes_Pct_Away_FT,Passes_Final_Third_Pct_Home_FT,Passes_Final_Third_Pct_Away_FT,Crosses_Pct_Home_FT,Crosses_Pct_Away_FT,xA_Home_FT,xA_Away_FT,Throw_Ins_Home_FT,Throw_Ins_Away_FT,Fouls_Home_FT,Fouls_Away_FT,Tackles_Pct_Home_FT,Tackles_Pct_Away_FT,Duels_Won_Home_FT,Duels_Won_Away_FT,Clearances_Home_FT,Clearances_Away_FT,Interceptions_Home_FT,Interceptions_Away_FT,Errors_Shot_Home_FT,Errors_Shot_Away_FT,Errors_Goal_Home_FT,Errors_Goal_Away_FT,Goalkeeper_Saves_Home_FT,Goalkeeper_Saves_Away_FT,xGOT_Faced_Home_FT,xGOT_Faced_Away_FT,Goals_Prevented_Home_FT,Goals_Prevented_Away_FT,xG_Home_HT,xG_Away_HT,Possession_Home_HT,Possession_Away_HT,Total_Shots_Home_HT,Total_Shots_Away_HT,Shots_On_Target_Home_HT,Shots_On_Target_Away_HT,Big_Chances_Home_HT,Big_Chances_Away_HT,Corners_Home_HT,Corners_Away_HT,Passes_Pct_Home_HT,Passes_Pct_Away_HT,xGOT_Home_HT,xGOT_Away_HT,Shots_Off_Target_Home_HT,Shots_Off_Target_Away_HT,Blocked_Shots_Home_HT,Blocked_Shots_Away_HT,Shots_Inside_Box_Home_HT,Shots_Inside_Box_Away_HT,Shots_Outside_Box_Home_HT,Shots_Outside_Box_Away_HT,Hit_Woodwork_Home_HT,Hit_Woodwork_Away_HT,Touches_Box_Home_HT,Touches_Box_Away_HT,Through_Passes_Home_HT,Through_Passes_Away_HT,Offsides_Home_HT,Offsides_Away_HT,Free_Kicks_Home_HT,Free_Kicks_Away_HT,Long_Passes_Pct_Home_HT,Long_Passes_Pct_Away_HT,Passes_Final_Third_Pct_Home_HT,Passes_Final_Third_Pct_Away_HT,Crosses_Pct_Home_HT,Crosses_Pct_Away_HT,xA_Home_HT,xA_Away_HT,Throw_Ins_Home_HT,Throw_Ins_Away_HT,Fouls_Home_HT,Fouls_Away_HT,Tackles_Pct_Home_HT,Tackles_Pct_Away_HT,Duels_Won_Home_HT,Duels_Won_Away_HT,Clearances_Home_HT,Clearances_Away_HT,Interceptions_Home_HT,Interceptions_Away_HT,Errors_Shot_Home_HT,Errors_Shot_Away_HT,Errors_Goal_Home_HT,Errors_Goal_Away_HT,Goalkeeper_Saves_Home_HT,Goalkeeper_Saves_Away_HT,xGOT_Faced_Home_HT,xGOT_Faced_Away_HT,Goals_Prevented_Home_HT,Goals_Prevented_Away_HT,xG_Home_2T,xG_Away_2T,Possession_Home_2T,Possession_Away_2T,Total_Shots_Home_2T,Total_Shots_Away_2T,Shots_On_Target_Home_2T,Shots_On_Target_Away_2T,Big_Chances_Home_2T,Big_Chances_Away_2T,Corners_Home_2T,Corners_Away_2T,Passes_Pct_Home_2T,Passes_Pct_Away_2T,xGOT_Home_2T,xGOT_Away_2T,Shots_Off_Target_Home_2T,Shots_Off_Target_Away_2T,Blocked_Shots_Home_2T,Blocked_Shots_Away_2T,Shots_Inside_Box_Home_2T,Shots_Inside_Box_Away_2T,Shots_Outside_Box_Home_2T,Shots_Outside_Box_Away_2T,Hit_Woodwork_Home_2T,Hit_Woodwork_Away_2T,Touches_Box_Home_2T,Touches_Box_Away_2T,Through_Passes_Home_2T,Through_Passes_Away_2T,Offsides_Home_2T,Offsides_Away_2T,Free_Kicks_Home_2T,Free_Kicks_Away_2T,Long_Passes_Pct_Home_2T,Long_Passes_Pct_Away_2T,Passes_Final_Third_Pct_Home_2T,Passes_Final_Third_Pct_Away_2T,Crosses_Pct_Home_2T,Crosses_Pct_Away_2T,xA_Home_2T,xA_Away_2T,Throw_Ins_Home_2T,Throw_Ins_Away_2T,Fouls_Home_2T,Fouls_Away_2T,Tackles_Pct_Home_2T,Tackles_Pct_Away_2T,Duels_Won_Home_2T,Duels_Won_Away_2T,Clearances_Home_2T,Clearances_Away_2T,Interceptions_Home_2T,Interceptions_Away_2T,Errors_Shot_Home_2T,Errors_Shot_Away_2T,Errors_Goal_Home_2T,Errors_Goal_Away_2T,Goalkeeper_Saves_Home_2T,Goalkeeper_Saves_Away_2T,xGOT_Faced_Home_2T,xGOT_Faced_Away_2T,Goals_Prevented_Home_2T,Goals_Prevented_Away_2T,stats_collected
fLt2NVW1,BRAZIL,Serie A Betano 2026,BRAZIL 1,2026,RODADA 15,10/05/2026,20:30,Vasco,Athletico-PR,1,0,1,0,[37],[],2.02,3.95,3.5,2.5,4.2,2.16,1.03,9.0,1.3,3.2,2.1,1.65,3.8,1.22,7.5,1.05,1.36,2.88,3.0,1.33,8.0,1.05,1.73,1.92,1.27,1.23,1.74,2.11,0.9,0.53,0.47,16.0,9.0,6.0,3.0,2.0,0.0,4.0,3.0,0.89,0.84,1.51,0.44,6.0,4.0,4.0,2.0,12.0,4.0,4.0,5.0,1.0,1.0,24.0,18.0,0.0,0.0,1.0,0.0,9.0,6.0,0.65,0.47,0.78,0.69,0.55,0.27,1.44,0.72,16.0,19.0,6.0,9.0,0.64,0.59,45.0,41.0,24.0,17.0,13.0,6.0,0.0,1.0,0.0,0.0,3.0,5.0,0.44,1.51,0.44,0.51,1.4,0.32,0.57,0.43,12.0,5.0,6.0,3.0,1.0,0.0,4.0,2.0,0.88,0.81,1.51,0.44,3.0,1.0,3.0,1.0,8.0,2.0,4.0,3.0,1.0,0.0,15.0,8.0,0.0,0.0,1.0,0.0,1.0,1.0,0.68,0.46,0.8,0.67,0.57,0.11,1.01,0.23,10.0,5.0,1.0,1.0,0.5,0.6,17.0,19.0,10.0,9.0,6.0,3.0,0.0,0.0,0.0,0.0,3.0,5.0,0.44,1.51,0.44,0.51,0.71,0.58,0.49,0.51,4.0,4.0,0.0,0.0,1.0,0.0,0.0,1.0,0.89,0.86,0.0,0.0,3.0,3.0,1.0,1.0,4.0,2.0,0.0,2.0,0.0,1.0,9.0,10.0,0.0,0.0,0.0,0.0,8.0,5.0,0.63,0.5,0.75,0.71,0.5,0.5,0.43,0.49,6.0,14.0,5.0,8.0,0.71,0.58,28.0,22.0,14.0,8.0,7.0,3.0,0.0,1.0,0.0,0.0,0.0,0.0,0.0,0.0,0.0,0.0,1
23epNMxJ,BRAZIL,Serie A Betano 2026,BRAZIL 1,2026,RODADA 15,10/05/2026,19:30,Grêmio,Flamengo,0,1,0,0,[],[68],3.75,1.9,3.25,4.33,2.54,2.14,1.06,8.5,1.33,3.14,2.05,1.71,3.6,1.26,7.0,1.09,1.27,3.4,2.28,1.55,5.0,1.14,1.86,1.83,1.27,1.73,1.25,0.26,2.77,0.32,0.68,6.0,20.0,3.0,5.0,0.0,4.0,0.0,6.0,0.8,0.89,0.04,1.54,2.0,10.0,1.0,5.0,2.0,13.0,4.0,7.0,0.0,2.0,7.0,34.0,0.0,2.0,0.0,0.0,10.0,10.0,0.44,0.53,0.69,0.82,0.14,0.18,0.18,1.88,15.0,18.0,10.0,10.0,0.46,0.47,41.0,44.0,37.0,20.0,16.0,6.0,0.0,1.0,0.0,0.0,4.0,2.0,1.54,0.04,0.54,0.04,0.13,0.57,0.26,0.74,4.0,11.0,2.0,2.0,0.0,1.0,0.0,4.0,0.7,0.87,0.01,0.26,2.0,7.0,0.0,2.0,1.0,6.0,3.0,5.0,0.0,2.0,1.0,15.0,0.0,0.0,0.0,0.0,6.0,6.0,0.32,0.45,0.62,0.79,0.33,0.09,0.05,0.42,6.0,15.0,6.0,6.0,0.57,0.5,27.0,19.0,21.0,3.0,7.0,4.0,0.0,1.0,0.0,0.0,2.0,1.0,0.26,0.01,0.26,0.01,0.13,2.2,0.37,0.63,2.0,9.0,1.0,3.0,0.0,3.0,0.0,2.0,0.85,0.91,0.03,1.28,0.0,3.0,1.0,3.0,1.0,7.0,1.0,2.0,0.0,0.0,6.0,19.0,0.0,2.0,0.0,0.0,4.0,4.0,0.54,0.7,0.73,0.84,0.09,0.27,0.13,1.46,9.0,3.0,4.0,4.0,0.33,0.45,14.0,25.0,16.0,17.0,9.0,2.0,0.0,0.0,0.0,0.0,2.0,1.0,1.28,0.03,0.28,0.03,1
tGoMSQ8s,BRAZIL,Serie A Betano 2026,BRAZIL 1,2026,RODADA 15,10/05/2026,18:30,Corinthians,São Paulo,3,2,1,1,"[17, 52, 57]","[41, 89]",2.05,3.4,3.0,2.8,4.0,2.0,1.09,7.0,1.42,2.8,2.3,1.6,4.33,1.2,8.5,1.06,1.29,3.4,2.3,1.55,5.1,1.13,1.95,1.75,1.33,1.3,1.67,1.37,1.06,0.49,0.51,15.0,7.0,6.0,4.0,2.0,1.0,7.0,7.0,0.82,0.81,2.36,1.53,5.0,0.0,4.0,3.0,11.0,3.0,4.0,4.0,0.0,0.0,24.0,13.0,2.0,0.0,1.0,3.0,13.0,12.0,0.51,0.27,0.79,0.66,0.38,0.0,1.01,0.79,26.0,19.0,12.0,13.0,0.88,0.6,34.0,42.0,29.0,33.0,15.0,14.0,1.0,2.0,1.0,0.0,3.0,3.0,1.53,2.36,0.53,-0.64,1.05,0.94,0.54,0.46,9.0,3.0,4.0,2.0,2.0,1.0,6.0,3.0,0.81,0.8,1.7,1.33,2.0,0.0,3.0,1.0,7.0,2.0,2.0,1.0,0.0,0.0,14.0,8.0,2.0,0.0,0.0,2.0,3.0,5.0,0.35,0.21,0.74,0.68,0.41,0.0,0.84,0.74,12.0,11.0,5.0,3.0,1.0,0.5,14.0,19.0,16.0,21.0,5.0,6.0,0.0,0.0,1.0,0.0,1.0,3.0,1.33,1.7,0.33,0.7,0.32,0.12,0.44,0.56,6.0,4.0,2.0,2.0,0.0,0.0,1.0,4.0,0.84,0.82,0.66,0.2,3.0,0.0,1.0,2.0,4.0,1.0,2.0,3.0,0.0,0.0,10.0,5.0,0.0,0.0,1.0,1.0,10.0,7.0,0.67,0.32,0.85,0.64,0.33,0.0,0.17,0.05,14.0,8.0,7.0,10.0,0.5,0.67,20.0,23.0,13.0,12.0,10.0,8.0,1.0,2.0,0.0,0.0,2.0,0.0,0.2,0.66,0.2,-1.34,1
ltkUQ4wf,BRAZIL,Serie A Betano 2026,BRAZIL 1,2026,RODADA 15,10/05/2026,18:30,Mirassol,Chapecoense,1,1,0,0,[71],[81],1.6,5.33,3.5,2.16,5.5,2.25,1.04,7.5,1.27,3.28,1.83,1.83,3.01,1.32,5.2,1.11,1.35,2.57,2.58,1.35,5.4,1.06,1.88,1.81,1.23,1.15,2.08,1.48,0.46,0.59,0.41,23.0,11.0,4.0,4.0,2.0,1.0,8.0,1.0,0.86,0.81,1.17,0.37,13.0,5.0,6.0,2.0,9.0,3.0,14.0,8.0,0.0,0.0,20.0,11.0,0.0,0.0,1.0,1.0,20.0,10.0,0.5,0.56,0.72,0.67,0.09,0.46,0.91,0.63,25.0,23.0,10.0,20.0,0.58,0.88,48.0,49.0,14.0,43.0,3.0,9.0,0.0,0.0,0.0,0.0,4.0,3.0,0.37,1.17,0.37,0.17,0.49,0.02,0.63,0.37,11.0,1.0,0.0,1.0,0.0,0.0,4.0,0.0,0.87,0.81,0.0,0.12,6.0,0.0,5.0,0.0,4.0,0.0,7.0,1.0,0.0,0.0,8.0,1.0,0.0,0.0,1.0,1.0,8.0,5.0,0.52,0.58,0.7,0.65,0.07,0.25,0.21,0.06,15.0,15.0,5.0,8.0,0.56,0.75,25.0,22.0,6.0,18.0,1.0,4.0,0.0,0.0,0.0,0.0,1.0,1.0,0.12,0.0,0.12,0.0,0.99,0.44,0.54,0.46,12.0,10.0,4.0,3.0,2.0,1.0,4.0,1.0,0.85,0.81,1.17,0.25,7.0,5.0,1.0,2.0,5.0,3.0,7.0,7.0,0.0,0.0,12.0,10.0,0.0,0.0,0.0,0.0,12.0,5.0,0.48,0.55,0.74,0.67,0.12,0.56,0.7,0.57,10.0,8.0,5.0,12.0,0.67,1.0,23.0,27.0,8.0,25.0,2.0,5.0,0.0,0.0,0.0,0.0,3.0,2.0,0.25,1.17,0.25,0.17,1
MRYmoZO8,BRAZIL,Serie A Betano 2026,BRAZIL 1,2026,RODADA 15,10/05/2026,18:30,Santos,Red Bull Bragantino,2,0,1,0,"[45+5, 76]",[],2.08,3.45,3.25,2.7,4.0,2.0,1.03,9.0,1.29,3.3,2.0,1.73,3.6,1.25,7.5,1.06,1.36,2.88,2.88,1.33,8.0,1.05,1.75,1.95,1.29,1.29,1.7,1.12,0.65,0.53,0.47,9.0,10.0,3.0,3.0,2.0,2.0,7.0,3.0,0.81,0.79,1.46,0.3,5.0,5.0,1.0,2.0,8.0,5.0,1.0,5.0,0.0,0.0,27.0,23.0,1.0,1.0,3.0,2.0,18.0,13.0,0.38,0.5,0.72,0.64,0.1,0.24,0.96,0.54,15.0,20.0,13.0,18.0,0.73,0.29,50.0,45.0,29.0,22.0,8.0,13.0,0.0,0.0,0.0,0.0,3.0,1.0,0.3,1.46,0.3,-0.54,0.94,0.55,0.64,0.36,7.0,6.0,2.0,1.0,2.0,1.0,6.0,2.0,0.84,0.66,0.7,0.2,4.0,3.0,1.0,2.0,6.0,3.0,1.0,3.0,0.0,0.0,16.0,8.0,0.0,1.0,1.0,1.0,8.0,4.0,0.4,0.43,0.77,0.49,0.13,0.17,0.68,0.26,7.0,12.0,4.0,8.0,0.78,0.33,24.0,19.0,12.0,15.0,4.0,8.0,0.0,0.0,0.0,0.0,1.0,1.0,0.2,0.7,0.2,-0.3,0.18,0.1,0.42,0.58,2.0,4.0,1.0,2.0,0.0,1.0,1.0,1.0,0.77,0.87,0.76,0.1,1.0,2.0,0.0,0.0,2.0,2.0,0.0,2.0,0.0,0.0,11.0,15.0,1.0,0.0,2.0,1.0,10.0,9.0,0.36,0.58,0.67,0.74,0.0,0.27,0.28,0.28,8.0,8.0,9.0,10.0,0.69,0.25,26.0,26.0,17.0,7.0,4.0,5.0,0.0,0.0,0.0,0.0,2.0,0.0,0.1,0.76,0.1,-0.24,1
UkcxPr86,BRAZIL,Serie A Betano 2026,BRAZIL 1,2026,RODADA 15,10/05/2026,16:00,Atlético-MG,Botafogo,1,1,1,0,[23],[90],2.05,3.6,3.33,2.66,4.0,2.14,1.04,7.5,1.27,3.28,1.84,1.82,3.03,1.31,5.3,1.1,1.35,2.57,2.58,1.35,5.4,1.06,1.81,1.9,1.3,1.27,1.69,1.13,1.74,0.43,0.57,17.0,18.0,7.0,5.0,4.0,2.0,6.0,4.0,0.75,0.81,1.03,1.83,5.0,11.0,5.0,2.0,12.0,10.0,5.0,8.0,0.0,1.0,20.0,23.0,1.0,0.0,3.0,1.0,12.0,9.0,0.32,0.38,0.69,0.57,0.35,0.22,0.92,0.45,11.0,25.0,9.0,12.0,0.7,0.5,37.0,41.0,30.0,21.0,10.0,13.0,1.0,2.0,0.0,0.0,4.0,6.0,1.83,1.03,0.83,0.03,0.52,0.35,0.44,0.56,7.0,8.0,5.0,3.0,1.0,0.0,2.0,1.0,0.8,0.82,0.64,0.77,1.0,4.0,1.0,1.0,5.0,4.0,2.0,4.0,0.0,0.0,8.0,13.0,1.0,0.0,1.0,0.0,3.0,6.0,0.43,0.3,0.73,0.58,0.25,0.38,0.28,0.21,6.0,12.0,6.0,3.0,0.67,0.5,12.0,22.0,16.0,7.0,4.0,6.0,1.0,1.0,0.0,0.0,3.0,4.0,0.77,0.64,0.77,-0.36,0.61,1.39,0.42,0.58,10.0,10.0,2.0,2.0,3.0,2.0,4.0,3.0,0.68,0.8,0.39,1.06,4.0,7.0,4.0,1.0,7.0,6.0,3.0,4.0,0.0,1.0,12.0,10.0,0.0,0.0,2.0,1.0,9.0,3.0,0.2,0.43,0.65,0.56,0.44,0.1,0.64,0.24,5.0,13.0,3.0,9.0,0.71,0.5,25.0,19.0,14.0,14.0,6.0,7.0,0.0,1.0,0.0,0.0,1.0,2.0,1.06,0.39,0.06,0.39,1
A9IBwrNa,BRAZIL,Serie A Betano 2026,BRAZIL 1,2026,RODADA 15,10/05/2026,16:00,Remo,Palmeiras,1,1,1,1,[2],[24],5.77,1.63,3.58,5.96,2.29,2.22,1.05,7.77,1.29,3.25,1.92,1.79,3.23,1.3,5.91,1.1,1.25,3.58,2.16,1.62,4.6,1.16,2.01,1.74,1.26,2.18,1.11,0.97,1.2,0.34,0.66,15.0,18.0,4.0,5.0,2.0,2.0,5.0,17.0,0.62,0.81,1.46,0.69,8.0,8.0,3.0,5.0,9.0,11.0,6.0,7.0,1.0,0.0,13.0,37.0,0.0,1.0,0.0,7.0,6.0,6.0,0.36,0.48,0.52,0.72,0.27,0.24,0.62,1.06,15.0,19.0,6.0,6.0,0.87,0.67,42.0,48.0,41.0,25.0,6.0,4.0,0.0,1.0,1.0,0.0,4.0,3.0,0.69,1.46,-0.31,0.46,0.53,0.3,0.34,0.66,7.0,8.0,2.0,3.0,0.0,1.0,2.0,7.0,0.62,0.83,0.9,0.46,3.0,2.0,2.0,3.0,4.0,4.0,3.0,4.0,0.0,0.0,6.0,15.0,0.0,0.0,0.0,4.0,4.0,4.0,0.28,0.57,0.45,0.71,0.25,0.14,0.08,0.26,10.0,5.0,4.0,4.0,0.67,0.75,14.0,25.0,16.0,12.0,4.0,2.0,0.0,0.0,1.0,0.0,2.0,1.0,0.46,0.9,-0.54,-0.1,0.44,0.9,0.33,0.67,8.0,10.0,2.0,2.0,2.0,1.0,3.0,10.0,0.62,0.8,0.56,0.23,5.0,6.0,1.0,2.0,5.0,7.0,3.0,3.0,1.0,0.0,7.0,22.0,0.0,1.0,0.0,3.0,2.0,2.0,0.42,0.41,0.56,0.72,0.29,0.3,0.54,0.8,5.0,14.0,2.0,2.0,0.92,0.5,28.0,23.0,25.0,13.0,2.0,2.0,0.0,1.0,0.0,0.0,2.0,2.0,0.23,0.56,0.23,0.56,1
lfU2u4hm,BRAZIL,Serie A Betano 2026,BRAZIL 1,2026,RODADA 15,09/05/2026,21:00,Bahia,Cruzeiro,1,2,1,1,[27],"[41, 86]",2.22,3.34,3.3,2.8,3.94,2.02,1.03,9.0,1.29,3.3,2.0,1.73,3.6,1.25,7.5,1.06,1.36,2.88,3.0,1.33,8.0,1.05,1.74,1.98,1.34,1.33,1.66,1.2,1.52,0.46,0.54,8.0,20.0,3.0,7.0,2.0,2.0,6.0,8.0,0.81,0.87,1.51,0.52,3.0,10.0,2.0,3.0,5.0,14.0,3.0,6.0,0.0,0.0,14.0,23.0,0.0,1.0,0.0,2.0,16.0,14.0,0.47,0.59,0.65,0.8,0.05,0.41,0.31,1.36,19.0,16.0,14.0,16.0,0.5,0.59,46.0,46.0,21.0,33.0,8.0,10.0,1.0,0.0,0.0,0.0,5.0,2.0,1.39,1.44,-0.61,0.44,0.85,0.78,0.5,0.5,3.0,12.0,1.0,3.0,1.0,1.0,1.0,5.0,0.87,0.87,0.9,0.22,1.0,6.0,1.0,3.0,3.0,7.0,0.0,5.0,0.0,0.0,9.0,12.0,0.0,0.0,0.0,0.0,8.0,7.0,0.32,0.71,0.76,0.78,0.17,0.45,0.16,0.54,7.0,7.0,7.0,8.0,0.57,0.63,20.0,26.0,11.0,11.0,6.0,7.0,0.0,0.0,0.0,0.0,2.0,0.0,0.26,0.9,-0.74,-0.1,0.35,0.74,0.43,0.57,5.0,8.0,2.0,4.0,1.0,1.0,5.0,3.0,0.72,0.87,0.61,0.3,2.0,4.0,1.0,0.0,2.0,7.0,3.0,1.0,0.0,0.0,5.0,11.0,0.0,1.0,0.0,2.0,8.0,7.0,0.63,0.5,0.53,0.82,0.0,0.36,0.15,0.82,12.0,9.0,7.0,8.0,0.45,0.0,26.0,20.0,10.0,22.0,2.0,3.0,1.0,0.0,0.0,0.0,3.0,2.0,1.13,0.54,0.13,0.54,1
zJQ0Pi2k,BRAZIL,Serie A Betano 2026,BRAZIL 1,2026,RODADA 15,09/05/2026,18:00,Fluminense,Vitória,2,2,1,0,"[36, 90]","[63, 67]",1.57,6.5,3.85,2.15,6.4,2.12,1.03,9.0,1.29,3.3,1.92,1.69,3.6,1.25,7.5,1.06,1.36,2.35,2.62,1.33,8.0,1.05,2.05,1.72,1.25,1.14,2.47,1.05,1.44,0.58,0.42,12.0,10.0,5.0,3.0,2.0,1.0,6.0,3.0,0.89,0.84,2.42,1.67,5.0,5.0,2.0,2.0,7.0,6.0,5.0,4.0,0.0,0.0,23.0,19.0,1.0,0.0,1.0,0.0,7.0,15.0,0.55,0.61,0.84,0.66,0.24,0.33,1.06,0.41,15.0,6.0,15.0,7.0,0.71,0.65,48.0,61.0,19.0,21.0,4.0,11.0,1.0,1.0,0.0,0.0,1.0,3.0,1.67,2.42,-0.33,0.42,0.31,0.31,0.48,0.52,6.0,5.0,1.0,0.0,0.0,0.0,4.0,1.0,0.87,0.88,0.88,0.0,3.0,4.0,2.0,1.0,4.0,2.0,2.0,3.0,0.0,0.0,9.0,8.0,0.0,0.0,0.0,0.0,4.0,7.0,0.44,0.69,0.83,0.7,0.25,0.43,0.26,0.28,3.0,2.0,7.0,4.0,0.7,0.71,20.0,29.0,10.0,5.0,2.0,5.0,0.0,1.0,0.0,0.0,0.0,0.0,0.0,0.88,0.0,-0.12,0.74,1.13,0.7,0.3,6.0,5.0,4.0,3.0,2.0,1.0,2.0,2.0,0.9,0.76,1.54,1.67,2.0,1.0,0.0,1.0,3.0,4.0,3.0,1.0,0.0,0.0,14.0,11.0,1.0,0.0,1.0,0.0,3.0,8.0,0.73,0.47,0.84,0.59,0.23,0.2,0.8,0.13,12.0,4.0,8.0,3.0,0.71,0.6,28.0,32.0,9.0,16.0,2.0,6.0,1.0,0.0,0.0,0.0,1.0,3.0,1.67,1.54,-0.33,0.54,1
IBwXpQUP,BRAZIL,Serie A Betano 2026,BRAZIL 1,2026,RODADA 15,09/05/2026,16:00,Coritiba,Internacional,2,2,1,0,"[28, 84]","[69, 90+6]",2.36,2.92,3.06,3.14,3.73,1.98,1.1,6.66,1.46,2.6,2.4,1.52,4.5,1.18,9.0,1.05,1.36,2.9,2.54,1.45,5.33,1.11,2.0,1.75,1.34,1.36,1.51,0.55,3.35,0.36,0.64,8.0,22.0,3.0,4.0,1.0,6.0,3.0,8.0,0.74,0.83,0.78,2.71,3.0,11.0,2.0,7.0,5.0,16.0,3.0,6.0,1.0,0.0,13.0,36.0,1.0,0.0,0.0,1.0,10.0,11.0,0.31,0.53,0.58,0.73,0.29,0.16,0.34,1.39,18.0,32.0,11.0,10.0,0.67,0.88,51.0,49.0,62.0,17.0,6.0,5.0,1.0,0.0,0.0,0.0,2.0,1.0,2.71,0.78,0.71,-1.22,0.25,0.38,0.46,0.54,3.0,8.0,2.0,0.0,1.0,1.0,3.0,2.0,0.76,0.82,0.68,0.0,0.0,6.0,1.0,2.0,1.0,4.0,2.0,4.0,0.0,0.0,6.0,11.0,1.0,0.0,0.0,1.0,4.0,6.0,0.39,0.45,0.57,0.68,0.22,0.13,0.19,0.64,9.0,9.0,6.0,4.0,0.8,1.0,24.0,25.0,20.0,13.0,3.0,3.0,1.0,0.0,0.0,0.0,0.0,1.0,0.0,0.68,0.0,-0.32,0.3,2.97,0.25,0.75,5.0,14.0,1.0,4.0,0.0,5.0,0.0,6.0,0.7,0.84,0.1,2.71,3.0,5.0,1.0,5.0,4.0,12.0,1.0,2.0,1.0,0.0,7.0,25.0,0.0,0.0,0.0,0.0,6.0,5.0,0.22,0.6,0.63,0.77,0.4,0.17,0.15,0.75,9.0,23.0,5.0,6.0,0.5,0.8,27.0,24.0,42.0,4.0,3.0,2.0,0.0,0.0,0.0,0.0,2.0,0.0,2.71,0.1,0.71,-0.9,1
UHLnIzeM,BRAZIL,Serie A Betano 2026,BRAZIL 1,2026,RODADA 14,03/05/2026,20:30,Mirassol,Corinthians,2,1,2,0,"[23, 33]",[80],2.54,2.8,3.05,3.1,3.55,1.95,1.09,6.94,1.41,2.85,2.31,1.62,4.19,1.22,8.3,1.06,1.3,3.14,2.43,1.47,5.61,1.1,1.95,1.77,1.3,1.42,1.48,1.01,0.37,0.39,0.61,7.0,11.0,5.0,3.0,2.0,1.0,1.0,5.0,0.78,0.84,1.36,0.49,1.0,3.0,1.0,5.0,3.0,5.0,4.0,6.0,0.0,0.0,6.0,9.0,0.0,1.0,1.0,2.0,13.0,19.0,0.42,0.48,0.62,0.73,0.08,0.21,0.27,0.62,21.0,18.0,19.0,13.0,0.38,0.27,35.0,55.0,22.0,18.0,6.0,11.0,0.0,0.0,0.0,0.0,2.0,3.0,0.49,1.36,-0.51,-0.64,0.99,0.05,0.46,0.54,5.0,2.0,3.0,1.0,2.0,0.0,1.0,1.0,0.84,0.82,1.31,0.03,1.0,1.0,1.0,0.0,3.0,2.0,2.0,0.0,0.0,0.0,4.0,4.0,0.0,0.0,0.0,1.0,5.0,8.0,0.58,0.35,0.69,0.63,0.08,0.0,0.24,0.14,11.0,9.0,8.0,5.0,0.5,0.14,14.0,26.0,8.0,13.0,2.0,4.0,0.0,0.0,0.0,0.0,1.0,1.0,0.03,1.31,0.03,-0.69,0.02,0.32,0.31,0.69,2.0,9.0,2.0,2.0,0.0,1.0,0.0,4.0,0.7,0.85,0.05,0.46,0.0,2.0,0.0,5.0,0.0,3.0,2.0,6.0,0.0,0.0,2.0,5.0,0.0,1.0,1.0,1.0,8.0,11.0,0.32,0.57,0.5,0.78,0.0,0.31,0.03,0.48,10.0,9.0,11.0,8.0,0.33,0.5,21.0,29.0,14.0,5.0,4.0,7.0,0.0,0.0,0.0,0.0,1.0,2.0,0.46,0.05,-0.54,0.05,1
vmuVUDvS,BRAZIL,Serie A Betano 2026,BRAZIL 1,2026,RODADA 14,03/05/2026,18:30,Chapecoense,Red Bull Bragantino,1,2,1,1,[23],"[41, 73]",2.82,2.45,3.1,3.5,3.2,2.05,1.06,6.66,1.35,2.85,2.12,1.65,3.6,1.23,6.66,1.06,1.3,3.2,2.4,1.5,5.0,1.14,1.91,1.91,1.36,1.5,1.4,1.69,0.72,0.55,0.45,19.0,7.0,3.0,2.0,2.0,1.0,5.0,2.0,0.8,0.76,1.25,1.01,10.0,4.0,6.0,1.0,10.0,5.0,9.0,2.0,1.0,0.0,23.0,9.0,0.0,1.0,1.0,1.0,10.0,8.0,0.49,0.34,0.67,0.4,0.46,0.21,1.61,0.56,22.0,22.0,8.0,10.0,0.73,0.54,46.0,37.0,22.0,24.0,10.0,13.0,0.0,0.0,0.0,0.0,0.0,2.0,1.01,1.25,-0.99,0.25,0.38,0.05,0.49,0.51,7.0,2.0,2.0,1.0,1.0,0.0,1.0,0.0,0.74,0.77,1.01,0.07,2.0,1.0,3.0,0.0,3.0,2.0,4.0,0.0,0.0,0.0,6.0,4.0,0.0,0.0,0.0,0.0,7.0,5.0,0.32,0.3,0.55,0.42,0.25,0.14,0.63,0.11,13.0,13.0,5.0,7.0,0.75,0.25,25.0,17.0,9.0,11.0,7.0,4.0,0.0,0.0,0.0,0.0,0.0,1.0,0.07,1.01,-0.93,0.01,1.31,0.67,0.59,0.41,12.0,5.0,1.0,1.0,1.0,1.0,4.0,2.0,0.84,0.75,0.24,0.94,8.0,3.0,3.0,1.0,7.0,3.0,5.0,2.0,1.0,0.0,17.0,5.0,0.0,1.0,1.0,1.0,3.0,3.0,0.63,0.37,0.73,0.38,0.56,0.29,0.98,0.45,9.0,9.0,3.0,3.0,0.71,0.67,21.0,20.0,13.0,13.0,3.0,9.0,0.0,0.0,0.0,0.0,0.0,1.0,0.94,0.24,-0.06,0.24,1
fa5RAhmd,BRAZIL,Serie A Betano 2026,BRAZIL 1,2026,RODADA 14,03/05/2026,18:30,Internacional,Fluminense,2,0,1,0,"[39, 49]",[],2.48,2.82,3.15,3.0,3.45,2.05,1.05,8.0,1.36,2.88,2.22,1.56,4.0,1.2,8.0,1.05,1.39,2.48,3.02,1.26,6.2,1.03,1.9,1.8,1.3,1.4,1.5,2.37,1.05,0.33,0.67,18.0,11.0,9.0,6.0,4.0,3.0,3.0,3.0,0.8,0.88,2.73,0.98,6.0,3.0,3.0,2.0,7.0,2.0,11.0,9.0,0.0,1.0,20.0,13.0,1.0,0.0,0.0,0.0,18.0,25.0,0.47,0.53,0.74,0.82,0.13,0.21,0.53,0.89,17.0,17.0,25.0,18.0,0.53,0.56,49.0,49.0,25.0,20.0,8.0,5.0,0.0,1.0,0.0,0.0,6.0,7.0,0.98,2.73,0.98,0.73,0.47,0.02,0.37,0.63,8.0,1.0,3.0,0.0,1.0,0.0,1.0,1.0,0.86,0.87,0.55,0.0,3.0,1.0,2.0,0.0,3.0,0.0,5.0,1.0,0.0,0.0,8.0,3.0,0.0,0.0,0.0,0.0,11.0,13.0,0.61,0.32,0.83,0.79,0.14,0.17,0.13,0.16,11.0,5.0,13.0,11.0,0.63,0.57,24.0,31.0,6.0,11.0,3.0,3.0,0.0,1.0,0.0,0.0,0.0,2.0,0.0,0.55,0.0,-0.45,1.9,1.03,0.29,0.71,10.0,10.0,6.0,6.0,3.0,3.0,2.0,2.0,0.74,0.89,2.18,0.98,3.0,2.0,1.0,2.0,4.0,2.0,6.0,8.0,0.0,1.0,12.0,10.0,1.0,0.0,0.0,0.0,7.0,12.0,0.31,0.76,0.67,0.83,0.0,0.23,0.4,0.73,6.0,12.0,12.0,7.0,0.43,0.5,25.0,18.0,19.0,9.0,5.0,2.0,0.0,0.0,0.0,0.0,6.0,5.0,0.98,2.18,0.98,1.18,1
OdjE3ytT,BRAZIL,Serie A Betano 2026,BRAZIL 1,2026,RODADA 14,03/05/2026,16:00,Flamengo,Vasco,2,2,1,0,"[8, 60]","[84, 90+7]",1.42,6.66,4.0,1.93,6.66,2.36,1.05,9.5,1.25,3.66,1.81,1.92,3.0,1.36,5.75,1.12,1.22,3.75,2.1,1.66,4.0,1.2,2.0,1.72,1.2,1.1,2.37,2.15,1.67,0.49,0.51,12.0,20.0,5.0,6.0,3.0,2.0,5.0,6.0,0.87,0.89,2.3,2.01,4.0,9.0,3.0,5.0,7.0,11.0,5.0,9.0,0.0,0.0,17.0,27.0,0.0,0.0,0.0,3.0,12.0,15.0,0.53,0.45,0.77,0.79,0.27,0.28,0.53,1.69,10.0,16.0,15.0,12.0,0.88,0.5,42.0,53.0,28.0,14.0,9.0,11.0,1.0,0.0,0.0,0.0,4.0,3.0,2.01,2.3,0.01,0.3,1.12,0.27,0.56,0.44,6.0,9.0,2.0,2.0,2.0,0.0,3.0,2.0,0.89,0.88,1.23,0.11,3.0,5.0,1.0,2.0,5.0,4.0,1.0,5.0,0.0,0.0,9.0,12.0,0.0,0.0,0.0,3.0,5.0,6.0,0.6,0.43,0.75,0.77,0.33,0.27,0.22,0.49,3.0,6.0,6.0,5.0,0.86,0.5,20.0,23.0,9.0,8.0,5.0,6.0,1.0,0.0,0.0,0.0,2.0,1.0,0.11,1.23,0.11,0.23,1.03,1.4,0.41,0.59,6.0,11.0,3.0,4.0,1.0,2.0,2.0,4.0,0.84,0.89,1.07,1.9,1.0,4.0,2.0,3.0,2.0,7.0,4.0,4.0,0.0,0.0,8.0,15.0,0.0,0.0,0.0,0.0,7.0,9.0,0.43,0.47,0.79,0.8,0.2,0.28,0.31,1.2,7.0,10.0,9.0,7.0,0.89,0.5,22.0,30.0,19.0,6.0,4.0,5.0,0.0,0.0,0.0,0.0,2.0,2.0,1.9,1.07,-0.1,0.07,1
0xUVLIec,BRAZIL,Serie A Betano 2026,BRAZIL 1,2026,RODADA 14,03/05/2026,16:00,São Paulo,Bahia,2,2,1,0,"[17, 73]","[62, 90+7]",2.01,3.82,3.22,2.7,4.41,2.07,1.06,6.66,1.35,2.9,2.05,1.66,3.6,1.23,6.33,1.07,1.3,3.2,2.28,1.55,5.0,1.14,1.85,1.85,1.3,1.25,1.75,1.88,2.65,0.39,0.61,18.0,19.0,8.0,8.0,3.0,3.0,14.0,10.0,0.79,0.88,1.81,2.26,3.0,7.0,7.0,4.0,13.0,11.0,5.0,8.0,0.0,2.0,32.0,32.0,0.0,1.0,2.0,0.0,12.0,12.0,0.31,0.35,0.74,0.81,0.4,0.39,0.91,1.84,15.0,10.0,12.0,12.0,0.64,0.79,37.0,46.0,21.0,21.0,7.0,11.0,2.0,0.0,0.0,0.0,5.0,6.0,2.26,1.81,0.26,-0.19,0.83,0.54,0.4,0.6,10.0,10.0,3.0,3.0,1.0,0.0,5.0,8.0,0.84,0.88,0.48,0.03,2.0,5.0,5.0,2.0,7.0,6.0,3.0,4.0,0.0,0.0,19.0,15.0,0.0,1.0,0.0,0.0,4.0,8.0,0.36,0.31,0.81,0.84,0.5,0.39,0.62,0.71,6.0,4.0,8.0,4.0,0.5,0.71,20.0,27.0,14.0,12.0,5.0,6.0,1.0,0.0,0.0,0.0,2.0,2.0,0.03,0.48,0.03,-0.52,1.05,2.11,0.37,0.63,8.0,9.0,5.0,5.0,2.0,3.0,9.0,2.0,0.72,0.88,1.33,2.23,1.0,2.0,2.0,2.0,6.0,5.0,2.0,4.0,0.0,2.0,13.0,17.0,0.0,0.0,2.0,0.0,8.0,4.0,0.28,0.4,0.67,0.78,0.25,0.4,0.29,1.13,9.0,6.0,4.0,8.0,0.75,0.86,17.0,19.0,7.0,9.0,2.0,5.0,1.0,0.0,0.0,0.0,3.0,4.0,2.23,1.33,0.23,0.33,1
l22JCEIq,BRAZIL,Serie A Betano 2026,BRAZIL 1,2026,RODADA 14,02/05/2026,21:00,Cruzeiro,Atlético-MG,1,3,0,2,[86],"[12, 32, 72]",1.96,3.6,3.2,2.62,4.2,2.12,1.05,7.0,1.32,3.0,2.01,1.72,3.33,1.26,6.0,1.08,1.27,3.4,2.28,1.55,5.33,1.11,1.84,1.85,1.3,1.25,1.69,1.15,1.52,0.69,0.31,14.0,6.0,2.0,4.0,1.0,3.0,5.0,1.0,0.88,0.74,0.86,2.14,6.0,1.0,6.0,1.0,6.0,6.0,8.0,0.0,0.0,0.0,17.0,14.0,0.0,0.0,0.0,0.0,17.0,15.0,0.68,0.4,0.79,0.59,0.15,0.29,0.54,1.22,24.0,19.0,15.0,17.0,0.67,0.5,49.0,37.0,11.0,32.0,9.0,12.0,0.0,0.0,0.0,0.0,1.0,1.0,2.14,0.86,-0.86,-0.14,0.16,1.07,0.71,0.29,7.0,3.0,1.0,2.0,0.0,2.0,3.0,0.0,0.84,0.61,0.01,1.48,3.0,1.0,3.0,0.0,3.0,3.0,4.0,0.0,0.0,0.0,6.0,8.0,0.0,0.0,0.0,0.0,12.0,8.0,0.6,0.43,0.71,0.52,0.25,0.33,0.22,0.94,13.0,13.0,8.0,12.0,0.8,0.33,28.0,19.0,6.0,14.0,6.0,9.0,0.0,0.0,0.0,0.0,0.0,1.0,1.48,0.01,-0.52,0.01,0.99,0.45,0.67,0.33,7.0,3.0,1.0,2.0,1.0,1.0,2.0,1.0,0.91,0.82,0.85,0.66,3.0,0.0,3.0,1.0,3.0,3.0,4.0,0.0,0.0,0.0,11.0,6.0,0.0,0.0,0.0,0.0,5.0,7.0,0.76,0.33,0.86,0.66,0.09,0.25,0.32,0.28,11.0,6.0,7.0,5.0,0.6,0.56,21.0,18.0,5.0,18.0,3.0,3.0,0.0,0.0,0.0,0.0,1.0,0.0,0.66,0.85,-0.34,-0.15,1
zerEYeu3,BRAZIL,Serie A Betano 2026,BRAZIL 1,2026,RODADA 14,02/05/2026,20:30,Athletico-PR,Grêmio,0,0,0,0,[],[],2.01,3.84,3.31,2.59,4.4,2.19,1.06,8.5,1.32,3.2,2.0,1.76,3.4,1.28,6.66,1.1,1.27,3.4,2.2,1.6,5.0,1.14,1.81,1.94,1.32,1.25,1.71,0.83,1.02,0.45,0.55,11.0,8.0,5.0,0.0,2.0,2.0,7.0,3.0,0.79,0.87,0.42,0.0,6.0,5.0,0.0,3.0,8.0,6.0,3.0,2.0,0.0,0.0,17.0,15.0,0.0,0.0,1.0,2.0,13.0,11.0,0.47,0.49,0.6,0.73,0.25,0.23,0.61,0.98,20.0,14.0,11.0,13.0,0.56,0.71,42.0,51.0,14.0,20.0,10.0,7.0,0.0,0.0,0.0,0.0,0.0,4.0,0.0,0.42,0.0,0.42,0.51,0.02,0.6,0.4,7.0,1.0,3.0,0.0,1.0,0.0,4.0,1.0,0.83,0.82,0.32,0.0,4.0,0.0,0.0,1.0,5.0,0.0,2.0,1.0,0.0,0.0,11.0,2.0,0.0,0.0,1.0,2.0,8.0,4.0,0.5,0.46,0.63,0.48,0.17,0.0,0.32,0.06,10.0,7.0,4.0,8.0,0.6,0.56,27.0,20.0,4.0,9.0,5.0,6.0,0.0,0.0,0.0,0.0,0.0,3.0,0.0,0.32,0.0,0.32,0.32,1.0,0.31,0.69,4.0,7.0,2.0,0.0,1.0,2.0,3.0,2.0,0.73,0.9,0.1,0.0,2.0,5.0,0.0,2.0,3.0,6.0,1.0,1.0,0.0,0.0,6.0,13.0,0.0,0.0,0.0,0.0,5.0,7.0,0.44,0.53,0.55,0.82,0.33,0.33,0.29,0.92,10.0,7.0,7.0,5.0,0.5,0.88,15.0,31.0,10.0,11.0,5.0,1.0,0.0,0.0,0.0,0.0,0.0,1.0,0.0,0.1,0.0,0.1,1
d4NvKdQ9,BRAZIL,Serie A Betano 2026,BRAZIL 1,2026,RODADA 14,02/05/2026,18:30,Palmeiras,Santos,1,1,0,1,[64],[26],1.52,7.1,3.82,2.07,6.5,2.16,1.02,10.0,1.29,3.3,1.87,1.74,3.3,1.29,7.0,1.07,1.29,2.58,2.41,1.34,4.97,1.04,2.0,1.77,1.24,1.1,2.34,2.26,1.07,0.54,0.46,22.0,14.0,3.0,4.0,4.0,2.0,9.0,4.0,0.87,0.82,1.77,0.44,13.0,4.0,6.0,6.0,13.0,8.0,9.0,6.0,0.0,0.0,32.0,18.0,2.0,1.0,5.0,2.0,5.0,9.0,0.38,0.54,0.8,0.77,0.23,0.2,1.84,0.94,26.0,14.0,9.0,5.0,0.5,0.68,32.0,49.0,17.0,38.0,9.0,7.0,0.0,0.0,0.0,1.0,3.0,2.0,0.44,1.77,-0.56,0.77,1.12,0.52,0.57,0.43,9.0,7.0,1.0,3.0,2.0,1.0,3.0,2.0,0.9,0.82,0.69,0.2,6.0,2.0,2.0,2.0,7.0,3.0,2.0,4.0,0.0,0.0,13.0,11.0,2.0,1.0,3.0,2.0,2.0,4.0,0.45,0.42,0.83,0.8,0.23,0.33,1.05,0.6,11.0,5.0,4.0,2.0,0.5,0.82,15.0,23.0,10.0,13.0,5.0,3.0,0.0,0.0,0.0,0.0,2.0,1.0,0.2,0.69,-0.8,0.69,1.14,0.55,0.51,0.49,13.0,7.0,2.0,1.0,2.0,1.0,6.0,2.0,0.82,0.81,1.08,0.24,7.0,2.0,4.0,4.0,6.0,5.0,7.0,2.0,0.0,0.0,19.0,7.0,0.0,0.0,2.0,0.0,3.0,5.0,0.27,0.61,0.78,0.75,0.22,0.0,0.79,0.34,15.0,9.0,5.0,3.0,0.5,0.55,17.0,26.0,7.0,25.0,4.0,4.0,0.0,0.0,0.0,1.0,1.0,1.0,0.24,1.08,0.24,0.08,1
rLoMWZ9F,BRAZIL,Serie A Betano 2026,BRAZIL 1,2026,RODADA 14,02/05/2026,18:30,Vitória,Coritiba,4,1,2,1,"[15, 28, 55, 61]",[45+3],2.2,3.4,3.14,2.85,4.2,2.0,1.05,8.0,1.38,2.6,2.22,1.51,4.5,1.17,9.0,1.03,1.38,2.29,2.87,1.23,5.7,1.01,2.0,1.73,1.33,1.3,1.6,2.08,0.6,0.61,0.39,11.0,5.0,7.0,1.0,3.0,1.0,2.0,4.0,0.92,0.85,2.64,0.99,2.0,2.0,2.0,2.0,6.0,3.0,5.0,2.0,0.0,0.0,13.0,11.0,0.0,0.0,0.0,0.0,11.0,13.0,0.61,0.44,0.8,0.67,0.15,0.17,0.63,0.59,11.0,14.0,13.0,11.0,0.56,0.42,46.0,33.0,17.0,13.0,10.0,7.0,0.0,0.0,0.0,0.0,0.0,3.0,0.99,2.64,-0.01,-1.36,0.65,0.58,0.54,0.46,4.0,4.0,3.0,1.0,1.0,1.0,0.0,1.0,0.9,0.84,1.22,0.99,1.0,2.0,0.0,1.0,1.0,3.0,3.0,1.0,0.0,0.0,1.0,5.0,0.0,0.0,0.0,0.0,7.0,3.0,0.54,0.41,0.68,0.69,0.0,0.25,0.35,0.44,7.0,9.0,3.0,7.0,0.57,0.5,24.0,11.0,11.0,5.0,8.0,4.0,0.0,0.0,0.0,0.0,0.0,1.0,0.99,1.22,-0.01,-0.78,1.43,0.02,0.71,0.29,7.0,1.0,4.0,0.0,2.0,0.0,2.0,3.0,0.93,0.87,1.42,0.0,1.0,0.0,2.0,1.0,5.0,0.0,2.0,1.0,0.0,0.0,12.0,6.0,0.0,0.0,0.0,0.0,4.0,10.0,0.73,0.5,0.86,0.63,0.22,0.13,0.28,0.15,4.0,5.0,10.0,4.0,0.55,0.33,22.0,22.0,6.0,8.0,2.0,3.0,0.0,0.0,0.0,0.0,0.0,2.0,0.0,1.42,0.0,-0.58,1
8URpbF3j,BRAZIL,Serie A Betano 2026,BRAZIL 1,2026,RODADA 14,02/05/2026,16:00,Botafogo,Remo,1,2,1,0,[13],"[70, 90+3]",1.57,5.35,3.85,2.12,5.7,2.32,1.02,10.0,1.29,3.3,1.82,1.78,2.91,1.33,7.0,1.07,1.28,2.61,2.44,1.33,4.97,1.04,1.97,1.77,1.23,1.13,2.15,1.37,1.94,0.58,0.42,16.0,18.0,5.0,9.0,4.0,3.0,9.0,6.0,0.85,0.78,0.91,1.46,7.0,3.0,4.0,6.0,9.0,8.0,7.0,10.0,0.0,1.0,30.0,20.0,1.0,1.0,2.0,2.0,10.0,14.0,0.51,0.44,0.69,0.69,0.3,0.17,1.21,0.57,15.0,21.0,14.0,10.0,0.4,0.55,36.0,37.0,25.0,39.0,2.0,9.0,1.0,1.0,0.0,0.0,7.0,4.0,1.46,0.91,-0.54,-0.09,0.98,0.56,0.51,0.49,10.0,5.0,5.0,2.0,3.0,1.0,6.0,4.0,0.84,0.81,0.91,0.29,4.0,2.0,1.0,1.0,6.0,2.0,4.0,3.0,0.0,1.0,12.0,6.0,1.0,0.0,0.0,2.0,5.0,11.0,0.53,0.48,0.63,0.71,0.31,0.17,0.59,0.16,5.0,10.0,11.0,5.0,0.44,0.63,23.0,26.0,12.0,17.0,1.0,2.0,0.0,0.0,0.0,0.0,2.0,4.0,0.29,0.91,0.29,-0.09,0.39,1.38,0.64,0.36,6.0,13.0,0.0,7.0,1.0,2.0,3.0,2.0,0.85,0.75,0.0,1.17,3.0,1.0,3.0,5.0,3.0,6.0,3.0,7.0,0.0,0.0,18.0,14.0,0.0,1.0,2.0,0.0,5.0,3.0,0.48,0.42,0.74,0.67,0.29,0.17,0.62,0.41,10.0,11.0,3.0,5.0,0.0,0.33,13.0,11.0,13.0,22.0,1.0,7.0,1.0,1.0,0.0,0.0,5.0,0.0,1.17,0.0,-0.83,0.0,1
00zZ6kVN,BRAZIL,Serie A Betano 2026,BRAZIL 1,2026,RODADA 13,26/04/2026,20:30,Atlético-MG,Flamengo,0,4,0,3,[],"[8, 31, 45+1, 84]",3.33,2.12,3.25,3.8,2.66,2.2,1.07,8.25,1.35,3.1,2.1,1.74,3.87,1.25,7.62,1.08,1.26,3.37,2.23,1.55,5.22,1.11,1.75,1.96,1.3,1.63,1.3,1.37,2.78,0.51,0.49,18.0,9.0,6.0,6.0,2.0,3.0,8.0,1.0,0.91,0.93,1.19,3.58,5.0,1.0,7.0,2.0,8.0,6.0,10.0,3.0,2.0,1.0,24.0,14.0,0.0,0.0,1.0,2.0,13.0,10.0,0.68,0.54,0.85,0.83,0.25,0.44,0.96,2.25,18.0,11.0,10.0,13.0,0.5,0.5,36.0,34.0,10.0,26.0,8.0,4.0,0.0,1.0,0.0,0.0,2.0,6.0,3.58,1.19,-0.42,1.19,0.41,1.73,0.5,0.5,7.0,7.0,4.0,5.0,1.0,2.0,5.0,1.0,0.93,0.95,0.87,2.59,2.0,0.0,1.0,2.0,4.0,4.0,3.0,3.0,1.0,0.0,11.0,8.0,0.0,0.0,1.0,1.0,8.0,6.0,0.8,0.67,0.87,0.84,0.19,0.33,0.4,1.38,7.0,5.0,6.0,8.0,0.43,0.75,22.0,16.0,7.0,13.0,3.0,2.0,0.0,0.0,0.0,0.0,2.0,4.0,2.59,0.87,-0.41,0.87,0.96,1.05,0.52,0.48,11.0,2.0,2.0,1.0,1.0,1.0,3.0,0.0,0.9,0.9,0.32,0.99,3.0,1.0,6.0,0.0,4.0,2.0,7.0,0.0,1.0,1.0,13.0,6.0,0.0,0.0,0.0,1.0,5.0,4.0,0.54,0.44,0.82,0.81,0.33,0.67,0.56,0.87,11.0,6.0,4.0,5.0,0.67,0.38,14.0,18.0,3.0,13.0,5.0,2.0,0.0,1.0,0.0,0.0,0.0,2.0,0.99,0.32,-0.01,0.32,1
QNNd7bP6,BRAZIL,Serie A Betano 2026,BRAZIL 1,2026,RODADA 13,26/04/2026,20:30,Fluminense,Chapecoense,2,1,0,0,"[56, 86]",[78],1.38,9.0,4.1,1.74,8.0,2.45,1.02,11.0,1.18,3.35,1.89,1.8,2.6,1.46,4.4,1.14,1.37,2.52,2.52,1.36,3.95,1.21,2.14,1.61,1.19,1.07,2.55,2.84,0.4,0.71,0.29,30.0,8.0,12.0,3.0,2.0,0.0,7.0,1.0,0.93,0.79,2.4,0.69,12.0,3.0,6.0,2.0,22.0,2.0,8.0,6.0,0.0,0.0,44.0,3.0,0.0,0.0,1.0,0.0,16.0,6.0,0.69,0.4,0.88,0.58,0.31,0.4,2.04,0.17,11.0,10.0,6.0,16.0,0.69,0.86,52.0,41.0,13.0,36.0,2.0,9.0,1.0,0.0,0.0,0.0,2.0,10.0,0.69,2.4,-0.31,0.4,1.15,0.27,0.72,0.28,19.0,4.0,8.0,0.0,0.0,0.0,3.0,0.0,0.93,0.73,1.05,0.0,8.0,3.0,3.0,1.0,14.0,1.0,5.0,3.0,0.0,0.0,24.0,1.0,0.0,0.0,1.0,0.0,4.0,1.0,0.75,0.34,0.9,0.3,0.18,0.5,0.99,0.06,7.0,4.0,1.0,4.0,0.71,1.0,25.0,25.0,6.0,23.0,2.0,5.0,1.0,0.0,0.0,0.0,0.0,8.0,0.0,1.05,0.0,1.05,1.69,0.13,0.71,0.29,11.0,4.0,4.0,3.0,2.0,0.0,4.0,1.0,0.93,0.86,1.35,0.69,4.0,0.0,3.0,1.0,8.0,1.0,3.0,3.0,0.0,0.0,20.0,2.0,0.0,0.0,0.0,0.0,12.0,5.0,0.63,0.53,0.86,0.7,0.44,0.33,1.05,0.11,4.0,6.0,5.0,12.0,0.67,0.33,27.0,16.0,7.0,13.0,0.0,4.0,0.0,0.0,0.0,0.0,2.0,2.0,0.69,1.35,-0.31,-0.65,1
niek9uCi,BRAZIL,Serie A Betano 2026,BRAZIL 1,2026,RODADA 13,26/04/2026,18:30,Athletico-PR,Vitória,3,1,1,1,"[34, 90+2, 90+8]",[22],1.81,4.62,3.54,2.33,4.94,2.23,1.02,10.0,1.25,3.6,1.85,1.85,3.3,1.29,7.0,1.07,1.33,3.0,2.88,1.36,7.5,1.06,1.83,1.88,1.31,1.22,1.96,3.63,0.72,0.6,0.4,23.0,7.0,11.0,2.0,7.0,1.0,4.0,4.0,0.85,0.75,4.59,0.24,9.0,4.0,3.0,1.0,15.0,4.0,8.0,3.0,1.0,0.0,23.0,8.0,0.0,0.0,1.0,1.0,15.0,16.0,0.53,0.54,0.77,0.45,0.29,0.18,1.51,0.46,18.0,15.0,16.0,15.0,0.58,0.67,47.0,42.0,25.0,30.0,5.0,6.0,1.0,1.0,1.0,0.0,1.0,8.0,0.24,4.59,-0.76,1.59,0.96,0.09,0.57,0.43,6.0,2.0,2.0,2.0,1.0,0.0,3.0,3.0,0.82,0.73,0.95,0.24,4.0,0.0,0.0,0.0,3.0,2.0,3.0,0.0,0.0,0.0,7.0,2.0,0.0,0.0,0.0,0.0,7.0,11.0,0.44,0.54,0.67,0.42,0.33,0.17,0.22,0.07,10.0,9.0,11.0,7.0,0.5,0.75,22.0,24.0,16.0,13.0,2.0,4.0,0.0,0.0,1.0,0.0,1.0,1.0,0.24,0.95,-0.76,-0.05,2.67,0.63,0.64,0.36,17.0,5.0,9.0,0.0,6.0,1.0,1.0,1.0,0.88,0.76,3.64,0.0,5.0,4.0,3.0,1.0,12.0,2.0,5.0,3.0,1.0,0.0,16.0,6.0,0.0,0.0,1.0,1.0,8.0,5.0,0.63,0.56,0.84,0.47,0.25,0.2,1.29,0.39,8.0,6.0,5.0,8.0,0.67,0.57,25.0,18.0,9.0,17.0,3.0,2.0,1.0,1.0,0.0,0.0,0.0,7.0,0.0,3.64,0.0,1.64,1
vonQ8B0B,BRAZIL,Serie A Betano 2026,BRAZIL 1,2026,RODADA 13,26/04/2026,18:30,Red Bull Bragantino,Palmeiras,0,1,0,1,[],[21],3.33,2.1,3.1,4.0,2.66,2.14,1.05,7.0,1.27,3.25,1.88,1.78,3.1,1.3,5.75,1.09,1.27,3.4,2.2,1.6,5.33,1.11,1.72,2.0,1.32,1.6,1.28,1.03,0.46,0.61,0.39,19.0,6.0,4.0,3.0,1.0,0.0,9.0,4.0,0.84,0.71,0.96,0.65,10.0,3.0,5.0,0.0,12.0,5.0,7.0,1.0,0.0,0.0,22.0,9.0,0.0,0.0,1.0,2.0,17.0,12.0,0.5,0.35,0.73,0.5,0.32,0.33,1.25,0.57,21.0,13.0,12.0,17.0,0.71,0.67,40.0,40.0,14.0,34.0,10.0,8.0,0.0,0.0,0.0,0.0,2.0,4.0,0.65,0.96,-0.35,0.96,0.73,0.24,0.52,0.48,10.0,3.0,1.0,1.0,1.0,0.0,4.0,3.0,0.83,0.79,0.73,0.52,6.0,2.0,3.0,0.0,5.0,3.0,5.0,0.0,0.0,0.0,9.0,4.0,0.0,0.0,0.0,2.0,7.0,8.0,0.57,0.34,0.66,0.55,0.33,0.29,0.71,0.3,11.0,5.0,8.0,7.0,0.67,0.67,20.0,18.0,8.0,17.0,7.0,2.0,0.0,0.0,0.0,0.0,0.0,1.0,0.52,0.73,-0.48,0.73,0.3,0.22,0.7,0.3,9.0,3.0,3.0,2.0,0.0,0.0,5.0,1.0,0.85,0.6,0.23,0.13,4.0,1.0,2.0,0.0,7.0,2.0,2.0,1.0,0.0,0.0,13.0,5.0,0.0,0.0,1.0,0.0,10.0,4.0,0.43,0.36,0.78,0.46,0.3,0.5,0.54,0.27,10.0,8.0,4.0,10.0,0.75,0.67,20.0,22.0,6.0,17.0,3.0,6.0,0.0,0.0,0.0,0.0,2.0,3.0,0.13,0.23,0.13,0.23,1
WKrIAXVb,BRAZIL,Serie A Betano 2026,BRAZIL 1,2026,RODADA 13,26/04/2026,16:00,Corinthians,Vasco,1,0,1,0,[38],[],1.85,4.32,3.39,2.53,4.7,2.24,1.07,6.79,1.41,2.7,2.23,1.58,4.06,1.2,7.48,1.06,1.3,3.24,2.42,1.5,5.43,1.12,1.59,2.25,1.28,1.19,1.89,0.63,1.02,0.4,0.6,13.0,21.0,5.0,7.0,2.0,2.0,5.0,7.0,0.77,0.85,1.54,0.42,5.0,12.0,3.0,2.0,8.0,6.0,5.0,15.0,0.0,0.0,15.0,13.0,0.0,1.0,0.0,0.0,17.0,12.0,0.37,0.44,0.66,0.8,0.29,0.09,0.55,1.08,8.0,18.0,12.0,17.0,0.67,0.73,51.0,47.0,22.0,21.0,13.0,8.0,1.0,0.0,0.0,0.0,7.0,4.0,0.42,1.54,0.42,0.54,0.39,0.41,0.52,0.48,9.0,4.0,4.0,2.0,1.0,1.0,4.0,2.0,0.84,0.78,1.53,0.21,2.0,2.0,3.0,0.0,5.0,1.0,4.0,3.0,0.0,0.0,11.0,5.0,0.0,1.0,0.0,0.0,8.0,12.0,0.41,0.39,0.73,0.57,0.33,0.17,0.39,0.33,5.0,8.0,12.0,8.0,0.63,0.78,27.0,33.0,9.0,13.0,6.0,5.0,0.0,0.0,0.0,0.0,2.0,3.0,0.21,1.53,0.21,0.53,0.24,0.61,0.28,0.72,4.0,17.0,1.0,5.0,1.0,1.0,1.0,5.0,0.64,0.9,0.01,0.21,3.0,10.0,0.0,2.0,3.0,5.0,1.0,12.0,0.0,0.0,4.0,8.0,0.0,0.0,0.0,0.0,9.0,0.0,0.34,0.55,0.56,0.88,0.2,0.06,0.16,0.75,3.0,10.0,0.0,9.0,0.75,0.67,24.0,14.0,13.0,8.0,7.0,3.0,1.0,0.0,0.0,0.0,5.0,1.0,0.21,0.01,0.21,0.01,1
WrR41Tho,BRAZIL,Serie A Betano 2026,BRAZIL 1,2026,RODADA 13,26/04/2026,16:00,Grêmio,Coritiba,1,0,1,0,[43],[],1.8,4.33,3.4,2.4,4.75,2.16,1.02,10.0,1.25,3.6,1.7,1.99,3.3,1.29,7.0,1.07,1.36,2.55,2.44,1.39,7.5,1.06,1.9,1.8,1.3,1.2,1.85,1.2,0.64,0.56,0.44,22.0,15.0,6.0,4.0,1.0,2.0,5.0,2.0,0.87,0.81,1.36,0.3,4.0,7.0,12.0,4.0,13.0,8.0,9.0,7.0,0.0,0.0,30.0,26.0,0.0,1.0,5.0,0.0,11.0,20.0,0.64,0.43,0.8,0.67,0.32,0.5,1.14,0.95,13.0,16.0,20.0,11.0,0.75,0.8,40.0,49.0,29.0,17.0,5.0,11.0,2.0,1.0,0.0,0.0,4.0,5.0,0.3,1.36,0.3,0.36,0.68,0.5,0.54,0.46,11.0,11.0,1.0,3.0,1.0,2.0,2.0,2.0,0.86,0.81,0.67,0.27,3.0,5.0,7.0,3.0,6.0,6.0,5.0,5.0,0.0,0.0,12.0,14.0,0.0,1.0,2.0,0.0,5.0,14.0,0.54,0.56,0.73,0.67,0.44,0.58,0.59,0.77,4.0,4.0,14.0,5.0,0.71,0.71,17.0,32.0,18.0,11.0,4.0,4.0,2.0,1.0,0.0,0.0,3.0,0.0,0.27,0.67,0.27,-0.33,0.52,0.14,0.57,0.43,11.0,4.0,5.0,1.0,0.0,0.0,3.0,0.0,0.88,0.81,0.69,0.03,1.0,2.0,5.0,1.0,7.0,2.0,4.0,2.0,0.0,0.0,18.0,12.0,0.0,0.0,3.0,0.0,6.0,6.0,0.71,0.29,0.86,0.66,0.2,0.25,0.55,0.18,9.0,12.0,6.0,6.0,0.8,1.0,23.0,17.0,11.0,6.0,1.0,7.0,0.0,0.0,0.0,0.0,1.0,5.0,0.03,0.69,0.03,0.69,1
CISGCg1n,BRAZIL,Serie A Betano 2026,BRAZIL 1,2026,RODADA 13,25/04/2026,21:00,São Paulo,Mirassol,1,0,0,0,[76],[],1.64,4.81,3.62,2.17,4.91,2.12,1.03,9.24,1.22,3.87,1.72,2.02,2.75,1.4,4.77,1.15,1.19,4.15,1.87,1.83,3.6,1.24,1.66,1.85,1.19,1.11,1.8,0.94,1.21,0.53,0.47,17.0,10.0,1.0,1.0,1.0,1.0,12.0,4.0,0.84,0.8,0.68,0.04,5.0,7.0,11.0,2.0,7.0,6.0,10.0,4.0,0.0,0.0,27.0,15.0,0.0,1.0,0.0,1.0,14.0,11.0,0.6,0.55,0.79,0.64,0.04,0.15,1.29,0.95,22.0,23.0,11.0,14.0,0.5,0.56,46.0,53.0,28.0,34.0,10.0,12.0,0.0,1.0,0.0,0.0,1.0,0.0,0.04,0.68,0.04,-0.32,0.6,0.07,0.59,0.41,13.0,3.0,0.0,1.0,0.0,0.0,6.0,0.0,0.89,0.78,0.0,0.04,2.0,1.0,11.0,1.0,5.0,2.0,8.0,1.0,0.0,0.0,13.0,3.0,0.0,0.0,0.0,1.0,7.0,5.0,0.66,0.5,0.83,0.46,0.06,0.0,0.52,0.04,9.0,12.0,5.0,7.0,0.45,0.33,26.0,21.0,7.0,22.0,8.0,8.0,0.0,1.0,0.0,0.0,1.0,0.0,0.04,0.0,0.04,0.0,0.34,1.14,0.46,0.54,4.0,7.0,1.0,0.0,1.0,1.0,6.0,4.0,0.78,0.81,0.68,0.0,3.0,6.0,0.0,1.0,2.0,4.0,2.0,3.0,0.0,0.0,14.0,12.0,0.0,1.0,0.0,0.0,7.0,6.0,0.54,0.6,0.75,0.7,0.0,0.17,0.77,0.91,13.0,11.0,6.0,7.0,0.57,0.67,20.0,32.0,21.0,12.0,2.0,4.0,0.0,0.0,0.0,0.0,0.0,0.0,0.0,0.68,0.0,-0.32,1
K4gc7Jt4,BRAZIL,Serie A Betano 2026,BRAZIL 1,2026,RODADA 13,25/04/2026,18:30,Bahia,Santos,2,2,0,2,"[76, 83]","[22, 45+4]",1.83,4.19,3.54,2.53,4.7,2.24,1.05,7.99,1.27,3.39,1.86,1.84,3.09,1.32,5.61,1.11,1.23,3.72,2.09,1.66,4.39,1.17,1.7,2.07,1.26,1.2,1.91,1.24,2.63,0.64,0.36,18.0,11.0,5.0,5.0,1.0,4.0,5.0,3.0,0.87,0.76,1.91,2.07,7.0,4.0,6.0,2.0,10.0,8.0,8.0,3.0,1.0,0.0,25.0,26.0,0.0,0.0,1.0,1.0,17.0,16.0,0.33,0.35,0.8,0.58,0.41,0.36,1.57,0.52,30.0,13.0,16.0,17.0,0.45,0.71,66.0,55.0,26.0,38.0,10.0,8.0,0.0,2.0,0.0,0.0,3.0,3.0,2.07,1.91,0.07,-0.09,0.61,1.68,0.59,0.41,7.0,4.0,1.0,3.0,0.0,2.0,2.0,1.0,0.87,0.78,0.58,1.64,4.0,0.0,2.0,1.0,5.0,4.0,2.0,0.0,1.0,0.0,10.0,12.0,0.0,0.0,1.0,1.0,7.0,8.0,0.31,0.35,0.74,0.54,0.67,0.6,0.96,0.18,17.0,9.0,8.0,7.0,0.45,0.88,34.0,27.0,12.0,18.0,3.0,2.0,0.0,2.0,0.0,0.0,1.0,1.0,1.64,0.58,-0.36,0.58,0.63,0.95,0.68,0.32,11.0,7.0,4.0,2.0,1.0,2.0,3.0,2.0,0.88,0.73,1.33,0.43,3.0,4.0,4.0,1.0,5.0,4.0,6.0,3.0,0.0,0.0,15.0,14.0,0.0,0.0,0.0,0.0,10.0,8.0,0.36,0.36,0.82,0.61,0.28,0.22,0.61,0.34,13.0,4.0,8.0,10.0,0.44,0.56,32.0,28.0,14.0,20.0,7.0,6.0,0.0,0.0,0.0,0.0,2.0,2.0,0.43,1.33,0.43,-0.67,1
MkH55xfJ,BRAZIL,Serie A Betano 2026,BRAZIL 1,2026,RODADA 13,25/04/2026,18:30,Botafogo,Internacional,2,2,0,0,"[54, 66]","[59, 74]",2.08,3.34,3.21,2.73,4.07,2.11,1.05,7.0,1.32,3.0,2.0,1.7,3.33,1.26,6.0,1.08,1.27,3.4,2.28,1.55,5.0,1.14,1.75,2.01,1.32,1.29,1.64,1.4,0.44,0.53,0.47,16.0,8.0,7.0,4.0,1.0,0.0,3.0,5.0,0.77,0.67,2.37,0.64,6.0,2.0,3.0,2.0,12.0,2.0,4.0,6.0,1.0,0.0,16.0,10.0,0.0,0.0,2.0,3.0,14.0,16.0,0.44,0.4,0.54,0.52,0.44,0.15,0.57,0.43,24.0,23.0,16.0,14.0,0.68,0.61,64.0,48.0,28.0,24.0,11.0,12.0,0.0,2.0,0.0,1.0,2.0,5.0,0.64,2.37,-1.36,0.37,0.21,0.2,0.51,0.49,5.0,2.0,0.0,1.0,0.0,0.0,2.0,2.0,0.77,0.67,0.0,0.17,3.0,1.0,2.0,0.0,3.0,2.0,2.0,0.0,0.0,0.0,3.0,5.0,0.0,0.0,2.0,1.0,6.0,6.0,0.47,0.36,0.54,0.47,0.14,0.33,0.14,0.37,12.0,16.0,6.0,6.0,0.57,0.56,30.0,24.0,12.0,16.0,6.0,10.0,0.0,1.0,0.0,0.0,1.0,0.0,0.17,0.0,0.17,0.0,1.19,0.24,0.55,0.45,11.0,6.0,7.0,3.0,1.0,0.0,1.0,3.0,0.76,0.67,2.37,0.47,3.0,1.0,1.0,2.0,9.0,0.0,2.0,6.0,1.0,0.0,13.0,5.0,0.0,0.0,0.0,2.0,8.0,10.0,0.4,0.44,0.55,0.55,0.67,0.0,0.43,0.06,12.0,7.0,10.0,8.0,0.73,0.67,34.0,24.0,16.0,8.0,5.0,2.0,0.0,1.0,0.0,1.0,1.0,5.0,0.47,2.37,-1.53,0.37,1
GWn65cBG,BRAZIL,Serie A Betano 2026,BRAZIL 1,2026,RODADA 13,25/04/2026,18:30,Remo,Cruzeiro,0,1,0,1,[],[34],3.25,2.22,3.25,3.66,2.75,2.2,1.06,10.0,1.32,3.25,2.01,1.81,3.45,1.29,7.0,1.11,1.23,3.42,2.14,1.57,4.25,1.15,1.68,2.08,1.32,1.6,1.32,0.99,0.2,0.47,0.53,14.0,6.0,1.0,6.0,1.0,0.0,4.0,1.0,0.78,0.79,0.03,0.92,8.0,0.0,5.0,0.0,6.0,3.0,8.0,3.0,0.0,0.0,14.0,16.0,0.0,0.0,0.0,4.0,22.0,15.0,0.43,0.3,0.63,0.58,0.35,0.07,0.63,0.26,30.0,17.0,15.0,22.0,0.63,0.47,64.0,59.0,29.0,48.0,9.0,10.0,0.0,0.0,0.0,0.0,5.0,1.0,0.92,0.03,-0.08,0.03,0.25,0.11,0.38,0.62,5.0,2.0,0.0,2.0,0.0,0.0,1.0,0.0,0.75,0.8,0.0,0.36,4.0,0.0,1.0,0.0,2.0,1.0,3.0,1.0,0.0,0.0,4.0,9.0,0.0,0.0,0.0,0.0,13.0,9.0,0.4,0.32,0.58,0.58,0.3,0.11,0.23,0.18,14.0,9.0,9.0,13.0,0.75,0.63,37.0,23.0,14.0,14.0,7.0,4.0,0.0,0.0,0.0,0.0,1.0,0.0,0.36,0.0,-0.64,0.0,0.74,0.09,0.55,0.45,9.0,4.0,1.0,4.0,1.0,0.0,3.0,1.0,0.8,0.78,0.03,0.56,4.0,0.0,4.0,0.0,4.0,2.0,5.0,2.0,0.0,0.0,10.0,7.0,0.0,0.0,0.0,4.0,9.0,6.0,0.45,0.29,0.65,0.58,0.38,0.0,0.4,0.08,16.0,8.0,6.0,9.0,0.5,0.36,27.0,36.0,15.0,34.0,2.0,6.0,0.0,0.0,0.0,0.0,4.0,1.0,0.56,0.03,0.56,0.03,1
27VXsrde,BRAZIL,Serie A Betano 2026,BRAZIL 1,2026,RODADA 12,19/04/2026,19:30,Flamengo,Bahia,2,0,1,0,"[17, 80]",[],1.51,5.6,4.3,2.07,5.5,2.37,1.04,9.2,1.23,3.7,1.73,1.99,2.8,1.39,5.4,1.13,1.21,3.95,2.0,1.73,4.0,1.2,1.9,1.81,1.2,1.16,2.55,2.18,0.63,0.52,0.48,20.0,13.0,8.0,5.0,4.0,0.0,6.0,1.0,0.88,0.89,2.46,0.39,6.0,6.0,6.0,2.0,12.0,6.0,8.0,7.0,2.0,1.0,39.0,14.0,1.0,0.0,0.0,2.0,8.0,12.0,0.62,0.44,0.77,0.85,0.36,0.21,1.63,0.55,13.0,12.0,12.0,8.0,0.27,0.75,45.0,41.0,23.0,18.0,7.0,16.0,0.0,1.0,0.0,0.0,5.0,6.0,0.39,2.46,0.39,0.46,0.71,0.3,0.61,0.39,7.0,6.0,2.0,2.0,1.0,0.0,2.0,1.0,0.88,0.85,1.0,0.1,2.0,3.0,3.0,1.0,3.0,3.0,4.0,3.0,0.0,0.0,17.0,4.0,1.0,0.0,0.0,1.0,5.0,7.0,0.71,0.33,0.78,0.8,0.25,0.25,0.8,0.15,9.0,7.0,7.0,5.0,0.4,0.83,22.0,18.0,12.0,7.0,5.0,8.0,0.0,0.0,0.0,0.0,2.0,1.0,0.1,1.0,0.1,0.0,1.47,0.33,0.43,0.57,13.0,7.0,6.0,3.0,3.0,0.0,4.0,0.0,0.87,0.92,1.46,0.29,4.0,3.0,3.0,1.0,9.0,3.0,4.0,4.0,2.0,1.0,22.0,10.0,0.0,0.0,0.0,1.0,3.0,5.0,0.5,0.58,0.75,0.88,0.4,0.18,0.83,0.4,4.0,5.0,5.0,3.0,0.17,0.67,23.0,23.0,11.0,11.0,2.0,8.0,0.0,1.0,0.0,0.0,3.0,5.0,0.29,1.46,0.29,0.46,1
ne5y23mR,BRAZIL,Serie A Betano 2026,BRAZIL 1,2026,RODADA 12,19/04/2026,18:30,Palmeiras,Athletico-PR,1,0,1,0,[15],[],1.48,5.75,4.0,2.05,6.33,2.25,1.03,7.8,1.23,2.9,1.83,1.85,2.8,1.26,4.5,1.08,1.35,2.57,2.57,1.35,4.5,1.17,2.0,1.72,1.22,1.12,2.2,0.33,0.43,0.5,0.5,10.0,9.0,2.0,3.0,1.0,0.0,9.0,3.0,0.82,0.87,0.96,0.49,3.0,2.0,5.0,4.0,6.0,4.0,4.0,5.0,0.0,0.0,18.0,14.0,1.0,0.0,1.0,2.0,22.0,9.0,0.35,0.5,0.59,0.81,0.11,0.19,0.5,0.68,22.0,12.0,9.0,22.0,0.8,0.58,40.0,39.0,17.0,27.0,10.0,10.0,0.0,0.0,0.0,0.0,3.0,1.0,0.49,0.96,0.49,-0.04,0.27,0.2,0.63,0.37,8.0,3.0,2.0,1.0,1.0,0.0,6.0,1.0,0.87,0.82,0.96,0.12,2.0,0.0,4.0,2.0,4.0,2.0,4.0,1.0,0.0,0.0,15.0,3.0,1.0,0.0,0.0,1.0,9.0,4.0,0.55,0.26,0.67,0.64,0.08,0.33,0.4,0.09,12.0,4.0,4.0,9.0,1.0,0.33,19.0,12.0,5.0,17.0,6.0,5.0,0.0,0.0,0.0,0.0,1.0,1.0,0.12,0.96,0.12,-0.04,0.06,0.23,0.35,0.65,2.0,6.0,0.0,2.0,0.0,0.0,3.0,2.0,0.72,0.9,0.0,0.37,1.0,2.0,1.0,2.0,2.0,2.0,0.0,4.0,0.0,0.0,3.0,11.0,0.0,0.0,1.0,1.0,13.0,5.0,0.18,0.74,0.45,0.85,0.2,0.17,0.1,0.59,10.0,8.0,5.0,13.0,0.75,0.63,21.0,27.0,12.0,10.0,4.0,5.0,0.0,0.0,0.0,0.0,2.0,0.0,0.37,0.0,0.37,0.0,1
dUj7dsBl,BRAZIL,Serie A Betano 2026,BRAZIL 1,2026,RODADA 12,19/04/2026,18:30,Red Bull Bragantino,Remo,4,2,2,2,"[19, 37, 47, 51]","[28, 39]",1.66,4.7,4.0,2.34,5.05,2.34,1.02,10.0,1.25,3.6,1.77,1.92,3.3,1.29,7.0,1.07,1.35,2.57,2.51,1.37,7.5,1.06,1.83,1.91,1.22,1.16,2.14,1.56,0.5,0.51,0.49,16.0,7.0,7.0,3.0,1.0,1.0,1.0,1.0,0.84,0.8,4.31,0.45,6.0,3.0,3.0,1.0,13.0,4.0,3.0,3.0,0.0,0.0,28.0,8.0,2.0,0.0,7.0,3.0,12.0,11.0,0.57,0.52,0.68,0.66,0.31,0.25,1.55,0.32,11.0,18.0,11.0,12.0,0.54,0.45,48.0,45.0,23.0,16.0,3.0,7.0,0.0,1.0,1.0,0.0,1.0,5.0,0.45,4.31,-1.55,2.31,0.76,0.43,0.59,0.41,8.0,5.0,4.0,3.0,1.0,1.0,0.0,0.0,0.85,0.74,2.55,0.45,4.0,2.0,0.0,0.0,6.0,3.0,2.0,2.0,0.0,0.0,15.0,5.0,1.0,0.0,3.0,1.0,8.0,8.0,0.57,0.54,0.68,0.55,0.33,0.33,0.83,0.15,3.0,7.0,8.0,8.0,0.5,0.5,23.0,27.0,9.0,10.0,0.0,5.0,0.0,0.0,1.0,0.0,1.0,2.0,0.45,2.55,-1.55,0.55,0.8,0.07,0.45,0.55,8.0,2.0,3.0,0.0,0.0,0.0,1.0,1.0,0.82,0.84,1.76,0.0,2.0,1.0,3.0,1.0,7.0,1.0,1.0,1.0,0.0,0.0,13.0,3.0,1.0,0.0,4.0,2.0,4.0,3.0,0.58,0.51,0.67,0.73,0.29,0.14,0.72,0.17,8.0,11.0,3.0,4.0,0.57,0.4,25.0,18.0,14.0,6.0,3.0,2.0,0.0,1.0,0.0,0.0,0.0,3.0,0.0,1.76,0.0,1.76,1
tIQAG22K,BRAZIL,Serie A Betano 2026,BRAZIL 1,2026,RODADA 12,19/04/2026,16:00,Coritiba,Atlético-MG,2,0,1,0,"[7, 58]",[],2.4,2.9,3.14,3.2,3.75,1.96,1.09,6.4,1.46,2.5,2.41,1.5,4.6,1.17,8.8,1.05,1.45,2.55,3.6,1.25,9.0,1.03,2.1,1.68,1.33,1.36,1.5,1.0,1.29,0.23,0.77,2.0,23.0,2.0,7.0,1.0,0.0,2.0,8.0,0.65,0.9,0.82,1.78,0.0,9.0,0.0,7.0,2.0,11.0,0.0,12.0,0.0,1.0,9.0,31.0,0.0,0.0,3.0,1.0,10.0,18.0,0.41,0.73,0.37,0.84,0.33,0.18,0.17,0.78,8.0,24.0,18.0,10.0,0.52,0.78,45.0,47.0,32.0,4.0,14.0,7.0,0.0,0.0,0.0,1.0,7.0,0.0,1.78,0.82,1.78,-1.18,0.82,0.81,0.27,0.73,1.0,14.0,1.0,5.0,1.0,0.0,1.0,4.0,0.68,0.89,0.55,1.08,0.0,4.0,0.0,5.0,1.0,8.0,0.0,6.0,0.0,1.0,6.0,15.0,0.0,0.0,1.0,1.0,6.0,8.0,0.38,0.66,0.42,0.84,0.5,0.0,0.15,0.49,3.0,14.0,8.0,6.0,0.58,0.75,26.0,17.0,18.0,4.0,9.0,4.0,0.0,0.0,0.0,0.0,5.0,0.0,1.08,0.55,1.08,-0.45,0.18,0.48,0.19,0.81,1.0,9.0,1.0,2.0,0.0,0.0,1.0,4.0,0.61,0.92,0.27,0.7,0.0,5.0,0.0,2.0,1.0,3.0,0.0,6.0,0.0,0.0,3.0,16.0,0.0,0.0,2.0,0.0,4.0,10.0,0.45,0.85,0.29,0.84,0.0,0.31,0.02,0.29,5.0,10.0,10.0,4.0,0.44,0.8,19.0,30.0,14.0,0.0,5.0,3.0,0.0,0.0,0.0,1.0,2.0,0.0,0.7,0.27,0.7,-0.73,1
QuHS3PIE,BRAZIL,Serie A Betano 2026,BRAZIL 1,2026,RODADA 12,19/04/2026,16:00,Santos,Fluminense,2,3,1,1,"[9, 57]","[24, 60, 86]",2.4,3.01,3.16,3.3,3.92,2.01,1.08,6.6,1.4,2.74,2.23,1.58,3.98,1.21,7.4,1.06,1.3,3.22,2.41,1.51,5.41,1.12,2.14,1.65,1.32,1.35,1.53,1.2,0.8,0.47,0.53,7.0,10.0,4.0,3.0,4.0,2.0,6.0,4.0,0.85,0.86,2.25,2.0,1.0,6.0,2.0,1.0,6.0,4.0,1.0,6.0,0.0,0.0,19.0,14.0,0.0,0.0,1.0,2.0,14.0,13.0,0.56,0.54,0.71,0.81,0.21,0.33,0.84,1.07,16.0,19.0,13.0,14.0,0.7,0.7,51.0,57.0,18.0,28.0,7.0,4.0,0.0,1.0,0.0,1.0,0.0,2.0,2.0,2.25,-1.0,0.25,0.47,0.3,0.43,0.57,3.0,8.0,1.0,1.0,2.0,0.0,2.0,4.0,0.85,0.87,0.66,0.28,1.0,6.0,1.0,1.0,2.0,2.0,1.0,6.0,0.0,0.0,8.0,10.0,0.0,0.0,0.0,1.0,8.0,5.0,0.6,0.5,0.73,0.79,0.25,0.36,0.25,0.32,5.0,7.0,5.0,8.0,0.7,0.73,24.0,26.0,12.0,8.0,3.0,1.0,0.0,0.0,0.0,1.0,0.0,0.0,0.28,0.66,-0.72,-0.34,0.73,0.5,0.51,0.49,4.0,2.0,3.0,2.0,2.0,2.0,4.0,0.0,0.86,0.86,1.59,1.72,0.0,0.0,1.0,0.0,4.0,2.0,0.0,0.0,0.0,0.0,11.0,4.0,0.0,0.0,1.0,1.0,6.0,8.0,0.53,0.57,0.71,0.84,0.2,0.25,0.59,0.75,11.0,12.0,8.0,6.0,0.7,0.67,27.0,31.0,6.0,20.0,4.0,3.0,0.0,1.0,0.0,0.0,0.0,2.0,1.72,1.59,-0.28,0.59,1
Q9rOhaAD,BRAZIL,Serie A Betano 2026,BRAZIL 1,2026,RODADA 12,19/04/2026,11:00,Internacional,Mirassol,1,2,0,2,[90+3],"[22, 45]",1.68,4.75,3.5,2.38,5.0,2.2,1.06,8.87,1.24,3.14,1.68,1.94,3.14,1.24,5.5,1.06,1.34,2.39,2.36,1.35,5.7,1.03,1.91,1.91,1.29,1.18,2.05,1.7,1.74,0.72,0.28,25.0,10.0,8.0,4.0,1.0,3.0,11.0,2.0,0.88,0.71,1.6,1.33,10.0,2.0,7.0,4.0,14.0,9.0,11.0,1.0,0.0,0.0,55.0,14.0,0.0,1.0,2.0,2.0,15.0,6.0,0.61,0.4,0.81,0.57,0.08,0.5,1.63,0.67,29.0,12.0,6.0,15.0,0.53,0.6,49.0,46.0,6.0,56.0,4.0,8.0,1.0,2.0,0.0,0.0,1.0,6.0,1.33,1.6,-0.67,0.6,0.76,1.26,0.68,0.32,9.0,6.0,4.0,3.0,1.0,2.0,5.0,0.0,0.88,0.73,0.77,1.33,4.0,1.0,1.0,2.0,4.0,6.0,5.0,0.0,0.0,0.0,18.0,9.0,0.0,1.0,1.0,1.0,6.0,2.0,0.54,0.4,0.82,0.61,0.08,0.67,0.66,0.5,12.0,4.0,2.0,6.0,0.44,0.71,21.0,20.0,2.0,28.0,3.0,3.0,0.0,2.0,0.0,0.0,1.0,3.0,1.33,0.77,-0.67,0.77,0.94,0.48,0.77,0.23,16.0,4.0,4.0,1.0,0.0,1.0,6.0,2.0,0.89,0.68,0.83,0.0,6.0,1.0,6.0,2.0,10.0,3.0,6.0,1.0,0.0,0.0,37.0,5.0,0.0,0.0,1.0,1.0,9.0,4.0,0.7,0.4,0.81,0.52,0.09,0.33,0.97,0.17,17.0,8.0,4.0,9.0,0.6,0.5,28.0,26.0,4.0,28.0,1.0,5.0,1.0,0.0,0.0,0.0,0.0,3.0,0.0,0.83,0.0,-0.17,1
hdpGfLu1,BRAZIL,Serie A Betano 2026,BRAZIL 1,2026,RODADA 12,18/04/2026,20:30,Cruzeiro,Grêmio,2,0,0,0,"[51, 66]",[],1.71,4.5,3.96,2.3,5.06,2.29,1.02,10.0,1.25,3.6,1.91,1.8,3.3,1.29,7.0,1.07,1.33,3.0,2.88,1.36,7.5,1.06,1.84,1.9,1.24,1.2,1.99,1.85,0.52,0.41,0.59,18.0,9.0,6.0,1.0,2.0,1.0,4.0,1.0,0.86,0.9,1.49,0.23,11.0,6.0,1.0,2.0,13.0,4.0,5.0,5.0,1.0,1.0,28.0,21.0,0.0,0.0,1.0,2.0,13.0,16.0,0.57,0.58,0.74,0.67,0.24,0.29,1.28,0.45,20.0,10.0,16.0,13.0,0.42,0.64,44.0,48.0,25.0,27.0,3.0,10.0,0.0,0.0,0.0,0.0,1.0,4.0,0.23,1.49,0.23,-0.51,1.21,0.25,0.58,0.42,10.0,4.0,2.0,1.0,1.0,0.0,3.0,0.0,0.86,0.83,0.88,0.23,7.0,2.0,1.0,1.0,8.0,1.0,2.0,3.0,0.0,1.0,15.0,5.0,0.0,0.0,0.0,0.0,7.0,7.0,0.53,0.41,0.77,0.44,0.33,0.25,0.76,0.07,11.0,7.0,7.0,7.0,0.43,0.57,19.0,22.0,10.0,17.0,2.0,5.0,0.0,0.0,0.0,0.0,1.0,2.0,0.23,0.88,0.23,0.88,0.64,0.27,0.28,0.72,8.0,5.0,4.0,0.0,1.0,1.0,1.0,1.0,0.85,0.94,0.61,0.0,4.0,4.0,0.0,1.0,5.0,3.0,3.0,2.0,1.0,0.0,13.0,16.0,0.0,0.0,1.0,2.0,6.0,9.0,0.61,0.76,0.69,0.8,0.0,0.3,0.52,0.38,9.0,3.0,9.0,6.0,0.42,0.71,25.0,26.0,15.0,10.0,1.0,5.0,0.0,0.0,0.0,0.0,0.0,2.0,0.0,0.61,0.0,-1.39,1
drWuBtQs,BRAZIL,Serie A Betano 2026,BRAZIL 1,2026,RODADA 12,18/04/2026,20:00,Vitória,Corinthians,0,0,0,0,[],[],2.45,3.0,3.14,3.2,3.75,1.96,1.06,7.5,1.44,2.6,2.4,1.5,4.8,1.14,10.0,1.02,1.5,2.4,3.6,1.25,9.0,1.03,2.05,1.71,1.35,1.36,1.5,0.64,0.18,0.54,0.46,13.0,7.0,1.0,0.0,0.0,0.0,4.0,2.0,0.87,0.84,0.07,0.0,7.0,4.0,5.0,3.0,7.0,3.0,6.0,4.0,0.0,0.0,14.0,15.0,0.0,0.0,3.0,0.0,14.0,13.0,0.57,0.56,0.66,0.76,0.15,0.18,0.32,0.39,27.0,13.0,13.0,14.0,0.77,0.67,39.0,49.0,14.0,25.0,8.0,6.0,0.0,1.0,0.0,0.0,0.0,1.0,0.0,0.07,0.0,0.07,0.38,0.06,0.52,0.48,7.0,3.0,0.0,0.0,0.0,0.0,1.0,0.0,0.89,0.84,0.0,0.0,4.0,2.0,3.0,1.0,5.0,1.0,2.0,2.0,0.0,0.0,9.0,1.0,0.0,0.0,1.0,0.0,8.0,6.0,0.67,0.52,0.63,0.75,0.5,0.0,0.16,0.11,11.0,8.0,6.0,8.0,0.86,0.5,21.0,26.0,3.0,6.0,5.0,3.0,0.0,0.0,0.0,0.0,0.0,0.0,0.0,0.0,0.0,0.0,0.26,0.12,0.57,0.43,6.0,4.0,1.0,0.0,0.0,0.0,3.0,2.0,0.85,0.83,0.07,0.0,3.0,2.0,2.0,2.0,2.0,2.0,4.0,2.0,0.0,0.0,5.0,14.0,0.0,0.0,2.0,0.0,6.0,7.0,0.46,0.6,0.67,0.77,0.0,0.2,0.16,0.28,16.0,5.0,7.0,6.0,0.67,1.0,18.0,23.0,11.0,19.0,3.0,3.0,0.0,1.0,0.0,0.0,0.0,1.0,0.0,0.07,0.0,0.07,1
IcKl9Kff,BRAZIL,Serie A Betano 2026,BRAZIL 1,2026,RODADA 12,18/04/2026,18:30,Chapecoense,Botafogo,1,4,1,3,[45+3],"[10, 14, 20, 80]",3.0,2.4,3.45,3.35,3.0,2.15,1.04,8.45,1.31,3.18,1.98,1.75,3.38,1.28,6.17,1.09,1.24,3.6,2.12,1.64,4.4,1.17,1.68,1.98,1.28,1.53,1.35,0.26,1.03,0.49,0.51,9.0,13.0,3.0,8.0,0.0,4.0,4.0,4.0,0.85,0.89,0.58,2.77,3.0,5.0,3.0,0.0,1.0,7.0,8.0,6.0,0.0,0.0,9.0,19.0,0.0,2.0,1.0,1.0,7.0,6.0,0.58,0.56,0.7,0.81,0.2,0.35,0.26,1.03,20.0,18.0,6.0,7.0,0.82,0.5,38.0,35.0,13.0,21.0,5.0,3.0,1.0,0.0,1.0,0.0,4.0,3.0,2.77,0.58,-1.23,-0.42,0.24,0.82,0.48,0.52,8.0,9.0,3.0,7.0,0.0,3.0,2.0,2.0,0.88,0.91,0.58,2.38,3.0,2.0,2.0,0.0,0.0,5.0,8.0,4.0,0.0,0.0,4.0,9.0,0.0,2.0,0.0,0.0,2.0,3.0,0.61,0.65,0.82,0.86,0.0,0.29,0.16,0.61,7.0,13.0,3.0,2.0,1.0,0.6,16.0,14.0,9.0,11.0,2.0,1.0,0.0,0.0,1.0,0.0,4.0,2.0,2.38,0.58,-0.62,-0.42,0.02,0.21,0.5,0.5,1.0,4.0,0.0,1.0,0.0,1.0,2.0,2.0,0.83,0.87,0.0,0.39,0.0,3.0,1.0,0.0,1.0,2.0,0.0,2.0,0.0,0.0,5.0,10.0,0.0,0.0,1.0,1.0,5.0,3.0,0.56,0.48,0.52,0.78,0.36,0.4,0.1,0.42,13.0,5.0,3.0,5.0,0.5,0.43,22.0,21.0,4.0,10.0,3.0,2.0,1.0,0.0,0.0,0.0,0.0,1.0,0.39,0.0,-0.61,0.0,1
bZOttMQ7,BRAZIL,Serie A Betano 2026,BRAZIL 1,2026,RODADA 12,18/04/2026,18:30,Vasco,São Paulo,2,1,0,1,"[72, 88]",[10],2.38,2.75,3.1,3.1,3.4,2.0,1.05,8.5,1.32,3.2,2.0,1.75,3.5,1.27,6.5,1.09,1.28,3.33,2.28,1.55,5.33,1.11,1.8,1.91,1.3,1.4,1.53,2.18,2.4,0.62,0.38,20.0,10.0,5.0,4.0,2.0,5.0,6.0,5.0,0.85,0.75,1.91,1.03,8.0,4.0,7.0,2.0,13.0,8.0,7.0,2.0,1.0,0.0,28.0,25.0,0.0,0.0,0.0,0.0,20.0,14.0,0.32,0.38,0.75,0.63,0.36,0.2,1.32,1.42,21.0,20.0,14.0,20.0,0.76,0.67,57.0,44.0,23.0,40.0,14.0,13.0,0.0,0.0,1.0,0.0,1.0,3.0,1.03,1.91,0.03,-0.09,0.35,1.18,0.59,0.41,9.0,4.0,2.0,2.0,0.0,2.0,5.0,2.0,0.85,0.78,0.25,1.03,4.0,0.0,3.0,2.0,6.0,4.0,3.0,0.0,1.0,0.0,14.0,17.0,0.0,0.0,0.0,0.0,9.0,8.0,0.38,0.5,0.74,0.65,0.4,0.1,0.6,0.44,13.0,9.0,8.0,9.0,0.73,0.67,29.0,25.0,9.0,17.0,4.0,8.0,0.0,0.0,1.0,0.0,1.0,2.0,1.03,0.25,0.03,0.25,1.83,1.22,0.67,0.33,11.0,6.0,3.0,2.0,2.0,3.0,1.0,3.0,0.85,0.69,1.66,0.0,4.0,4.0,4.0,0.0,7.0,4.0,4.0,2.0,0.0,0.0,14.0,8.0,0.0,0.0,0.0,0.0,11.0,6.0,0.28,0.26,0.76,0.59,0.33,0.4,0.72,0.98,8.0,11.0,6.0,11.0,0.83,0.67,28.0,19.0,14.0,23.0,10.0,5.0,0.0,0.0,0.0,0.0,0.0,1.0,0.0,1.66,0.0,-0.34,1
E7jKxmKF,BRAZIL,Serie A Betano 2026,BRAZIL 1,2026,RODADA 11,12/04/2026,18:30,Corinthians,Palmeiras,0,0,0,0,[],[],2.84,2.53,3.31,3.51,3.19,2.08,1.07,7.6,1.35,3.05,2.06,1.68,3.65,1.26,7.0,1.08,1.28,2.61,2.65,1.27,5.4,1.02,1.83,1.88,1.35,1.52,1.43,0.55,0.94,0.32,0.68,6.0,16.0,4.0,4.0,1.0,0.0,2.0,7.0,0.72,0.85,0.47,0.38,2.0,3.0,0.0,9.0,4.0,5.0,2.0,11.0,0.0,0.0,12.0,19.0,0.0,0.0,0.0,0.0,16.0,17.0,0.3,0.57,0.56,0.77,0.57,0.14,0.26,0.97,19.0,27.0,17.0,16.0,0.59,0.73,51.0,56.0,38.0,11.0,4.0,5.0,0.0,0.0,0.0,0.0,5.0,4.0,0.38,0.47,0.38,0.47,0.04,0.0,0.43,0.57,3.0,0.0,1.0,0.0,0.0,0.0,0.0,3.0,0.78,0.81,0.02,0.0,2.0,0.0,0.0,0.0,2.0,0.0,1.0,0.0,0.0,0.0,5.0,3.0,0.0,0.0,0.0,0.0,10.0,11.0,0.44,0.48,0.69,0.58,0.75,0.0,0.09,0.08,9.0,16.0,11.0,10.0,0.7,0.6,33.0,26.0,14.0,5.0,3.0,3.0,0.0,0.0,0.0,0.0,0.0,1.0,0.0,0.02,0.0,0.02,0.51,0.94,0.19,0.81,3.0,16.0,3.0,4.0,1.0,0.0,2.0,4.0,0.53,0.89,0.45,0.38,0.0,3.0,0.0,9.0,2.0,5.0,1.0,11.0,0.0,0.0,7.0,16.0,0.0,0.0,0.0,0.0,6.0,6.0,0.11,0.67,0.38,0.86,0.33,0.2,0.17,0.89,10.0,11.0,6.0,6.0,0.43,1.0,18.0,30.0,24.0,6.0,1.0,2.0,0.0,0.0,0.0,0.0,5.0,3.0,0.38,0.45,0.38,0.45,1
Gj7jV4Ck,BRAZIL,Serie A Betano 2026,BRAZIL 1,2026,RODADA 11,12/04/2026,18:30,Cruzeiro,Red Bull Bragantino,2,1,1,1,"[18, 49]",[6],1.66,4.9,3.65,2.2,5.0,2.2,1.01,9.25,1.24,3.38,1.91,1.89,3.18,1.27,6.25,1.06,1.21,3.75,2.13,1.67,4.65,1.14,1.85,1.83,1.22,1.17,2.15,2.04,0.53,0.49,0.51,16.0,16.0,7.0,4.0,6.0,0.0,2.0,7.0,0.79,0.78,2.38,0.24,9.0,7.0,0.0,5.0,12.0,10.0,4.0,6.0,0.0,0.0,21.0,20.0,3.0,1.0,0.0,2.0,21.0,16.0,0.42,0.61,0.62,0.61,0.1,0.37,1.47,0.77,23.0,24.0,16.0,21.0,0.6,0.63,53.0,62.0,27.0,31.0,11.0,6.0,0.0,3.0,0.0,0.0,3.0,5.0,0.24,2.38,-0.76,0.38,1.28,0.18,0.55,0.45,12.0,4.0,5.0,2.0,5.0,0.0,2.0,1.0,0.81,0.75,1.26,0.19,7.0,2.0,0.0,0.0,9.0,2.0,3.0,2.0,0.0,0.0,14.0,9.0,2.0,1.0,0.0,0.0,9.0,5.0,0.48,0.56,0.7,0.6,0.14,0.14,1.1,0.41,11.0,14.0,5.0,9.0,0.5,0.5,30.0,29.0,12.0,15.0,4.0,3.0,0.0,3.0,0.0,0.0,1.0,4.0,0.19,1.26,-0.81,0.26,0.76,0.35,0.42,0.58,4.0,12.0,2.0,2.0,1.0,0.0,0.0,6.0,0.75,0.8,1.12,0.05,2.0,5.0,0.0,5.0,3.0,8.0,1.0,4.0,0.0,0.0,7.0,11.0,1.0,0.0,0.0,2.0,12.0,11.0,0.36,0.66,0.53,0.63,0.0,0.5,0.37,0.36,12.0,10.0,11.0,12.0,0.8,0.78,23.0,33.0,15.0,16.0,7.0,3.0,0.0,0.0,0.0,0.0,2.0,1.0,0.05,1.12,0.05,0.12,1
UJGGIRSq,BRAZIL,Serie A Betano 2026,BRAZIL 1,2026,RODADA 11,12/04/2026,18:00,Fluminense,Flamengo,1,2,0,1,[76],"[7, 51]",2.93,2.45,3.33,3.64,3.15,2.05,1.08,6.0,1.38,2.71,2.14,1.6,4.0,1.18,8.0,1.04,1.3,3.2,2.4,1.5,6.0,1.08,1.88,1.83,1.34,1.55,1.41,1.26,2.8,0.6,0.4,19.0,17.0,6.0,9.0,2.0,4.0,8.0,2.0,0.89,0.86,1.29,2.31,6.0,5.0,7.0,3.0,11.0,11.0,8.0,6.0,0.0,1.0,26.0,24.0,0.0,1.0,2.0,1.0,11.0,14.0,0.48,0.54,0.81,0.77,0.2,0.25,1.46,1.43,24.0,7.0,14.0,11.0,0.67,0.5,32.0,53.0,17.0,34.0,9.0,7.0,1.0,0.0,1.0,1.0,6.0,5.0,2.31,1.29,0.31,0.29,0.12,0.33,0.5,0.5,3.0,8.0,0.0,4.0,0.0,0.0,2.0,1.0,0.87,0.87,0.0,0.62,1.0,3.0,2.0,1.0,2.0,4.0,1.0,4.0,0.0,0.0,7.0,11.0,0.0,0.0,0.0,0.0,5.0,10.0,0.44,0.63,0.73,0.77,0.17,0.33,0.17,0.39,11.0,5.0,10.0,5.0,0.5,0.47,14.0,32.0,10.0,10.0,6.0,5.0,0.0,0.0,1.0,0.0,3.0,0.0,0.62,0.0,-0.38,0.0,1.14,2.47,0.69,0.31,16.0,9.0,6.0,5.0,2.0,4.0,6.0,1.0,0.91,0.85,1.29,1.69,5.0,2.0,5.0,2.0,9.0,7.0,7.0,2.0,0.0,1.0,19.0,13.0,0.0,1.0,2.0,1.0,6.0,4.0,0.54,0.45,0.84,0.78,0.21,0.2,1.29,1.04,13.0,2.0,4.0,6.0,0.8,0.55,18.0,21.0,7.0,24.0,3.0,2.0,1.0,0.0,0.0,1.0,3.0,5.0,1.69,1.29,0.69,0.29,1
jZ4PG5cd,BRAZIL,Serie A Betano 2026,BRAZIL 1,2026,RODADA 11,12/04/2026,16:00,Botafogo,Coritiba,2,2,0,1,"[55, 77]","[33, 79]",1.88,4.21,3.36,2.6,5.06,2.12,1.04,6.2,1.3,2.82,2.0,1.63,3.41,1.2,5.8,1.05,1.28,2.61,2.61,1.28,5.4,1.02,1.92,1.82,1.29,1.2,1.86,2.45,1.32,0.61,0.39,21.0,14.0,8.0,5.0,4.0,3.0,7.0,4.0,0.86,0.77,1.96,1.37,10.0,8.0,3.0,1.0,12.0,8.0,9.0,6.0,0.0,0.0,35.0,15.0,1.0,0.0,0.0,1.0,7.0,14.0,0.54,0.38,0.77,0.69,0.26,0.31,1.69,0.47,24.0,11.0,14.0,7.0,0.78,0.79,36.0,55.0,22.0,44.0,12.0,7.0,2.0,1.0,1.0,0.0,3.0,6.0,1.37,1.96,-0.63,-0.04,0.31,1.01,0.59,0.41,8.0,10.0,3.0,3.0,0.0,2.0,5.0,3.0,0.87,0.83,0.19,0.71,3.0,6.0,2.0,1.0,3.0,5.0,5.0,5.0,0.0,0.0,12.0,9.0,1.0,0.0,0.0,0.0,4.0,6.0,0.48,0.42,0.77,0.79,0.29,0.22,0.74,0.34,9.0,5.0,6.0,4.0,0.8,0.67,20.0,26.0,15.0,24.0,5.0,4.0,1.0,1.0,0.0,0.0,2.0,3.0,0.71,0.19,-0.29,0.19,2.14,0.31,0.63,0.37,13.0,4.0,5.0,2.0,4.0,1.0,2.0,1.0,0.85,0.68,1.77,0.66,7.0,2.0,1.0,0.0,9.0,3.0,4.0,1.0,0.0,0.0,23.0,6.0,0.0,0.0,0.0,1.0,3.0,8.0,0.62,0.34,0.78,0.6,0.24,0.5,0.95,0.13,15.0,6.0,8.0,3.0,0.75,0.9,16.0,29.0,7.0,20.0,7.0,3.0,1.0,0.0,1.0,0.0,1.0,3.0,0.66,1.77,-0.34,-0.23,1
4CmoinZ8,BRAZIL,Serie A Betano 2026,BRAZIL 1,2026,RODADA 11,12/04/2026,11:00,Athletico-PR,Chapecoense,2,0,0,0,"[57, 81]",[],1.53,6.21,4.1,1.96,6.37,2.48,1.06,9.75,1.27,3.85,1.8,2.02,2.92,1.42,5.3,1.16,1.22,4.2,1.95,1.83,3.85,1.25,1.88,1.86,1.22,1.13,2.29,1.3,0.17,0.58,0.42,14.0,8.0,6.0,1.0,3.0,0.0,5.0,0.0,0.85,0.84,1.82,0.08,6.0,3.0,2.0,4.0,8.0,2.0,6.0,6.0,0.0,0.0,21.0,6.0,1.0,0.0,2.0,3.0,17.0,15.0,0.48,0.57,0.78,0.68,0.19,0.0,0.84,0.22,31.0,15.0,15.0,17.0,0.59,0.6,53.0,47.0,17.0,34.0,4.0,9.0,1.0,0.0,0.0,0.0,1.0,4.0,0.08,1.82,0.08,-0.18,0.15,0.04,0.6,0.4,5.0,3.0,1.0,0.0,0.0,0.0,4.0,0.0,0.85,0.8,0.01,0.0,3.0,2.0,1.0,1.0,2.0,0.0,3.0,3.0,0.0,0.0,11.0,0.0,0.0,0.0,2.0,2.0,6.0,9.0,0.47,0.52,0.8,0.59,0.2,0.0,0.25,0.04,14.0,10.0,9.0,6.0,0.57,0.33,21.0,19.0,6.0,16.0,2.0,4.0,0.0,0.0,0.0,0.0,0.0,1.0,0.0,0.01,0.0,0.01,1.15,0.13,0.57,0.43,9.0,5.0,5.0,1.0,3.0,0.0,1.0,0.0,0.85,0.88,1.81,0.08,3.0,1.0,1.0,3.0,6.0,2.0,3.0,3.0,0.0,0.0,10.0,6.0,1.0,0.0,0.0,1.0,11.0,6.0,0.48,0.67,0.76,0.8,0.17,0.0,0.59,0.18,17.0,5.0,6.0,11.0,0.6,0.67,32.0,28.0,11.0,18.0,2.0,5.0,1.0,0.0,0.0,0.0,1.0,3.0,0.08,1.81,0.08,-0.19,1
OGAbTrs2,BRAZIL,Serie A Betano 2026,BRAZIL 1,2026,RODADA 11,11/04/2026,20:30,Internacional,Grêmio,0,0,0,0,[],[],1.67,4.35,3.78,2.14,4.33,2.28,1.06,8.5,1.3,3.33,1.92,1.81,3.2,1.32,6.33,1.11,1.27,3.4,2.2,1.6,4.5,1.15,1.75,1.99,1.27,1.27,1.74,0.94,0.42,0.54,0.46,11.0,4.0,3.0,1.0,2.0,2.0,8.0,2.0,0.76,0.74,0.74,0.09,6.0,3.0,2.0,0.0,5.0,2.0,6.0,2.0,0.0,0.0,16.0,7.0,0.0,0.0,0.0,3.0,20.0,19.0,0.36,0.41,0.63,0.6,0.1,0.14,0.59,0.14,20.0,23.0,19.0,20.0,0.65,0.6,56.0,58.0,19.0,37.0,10.0,6.0,1.0,1.0,0.0,0.0,1.0,3.0,0.09,0.74,0.09,0.74,0.37,0.03,0.51,0.49,3.0,1.0,1.0,0.0,0.0,0.0,3.0,0.0,0.75,0.78,0.26,0.0,2.0,1.0,0.0,0.0,2.0,0.0,1.0,1.0,0.0,0.0,7.0,2.0,0.0,0.0,0.0,1.0,9.0,10.0,0.32,0.39,0.62,0.54,0.08,0.0,0.22,0.04,11.0,10.0,10.0,9.0,0.75,1.0,23.0,24.0,9.0,20.0,5.0,3.0,1.0,1.0,0.0,0.0,0.0,1.0,0.0,0.26,0.0,0.26,0.57,0.39,0.57,0.43,8.0,3.0,2.0,1.0,2.0,2.0,5.0,2.0,0.77,0.68,0.48,0.09,4.0,2.0,2.0,0.0,3.0,2.0,5.0,1.0,0.0,0.0,9.0,5.0,0.0,0.0,0.0,2.0,11.0,9.0,0.39,0.42,0.65,0.64,0.12,0.22,0.37,0.1,9.0,13.0,9.0,11.0,0.6,0.5,33.0,34.0,10.0,17.0,5.0,3.0,0.0,0.0,0.0,0.0,1.0,2.0,0.09,0.48,0.09,0.48,1
IucBv9k3,BRAZIL,Serie A Betano 2026,BRAZIL 1,2026,RODADA 11,11/04/2026,20:00,Santos,Atlético-MG,1,0,0,0,[63],[],2.22,3.25,3.1,2.8,3.8,2.12,1.03,9.0,1.29,3.3,2.0,1.73,3.6,1.25,7.5,1.06,1.36,2.88,2.88,1.36,8.0,1.05,1.83,1.9,1.33,1.3,1.57,1.28,0.78,0.45,0.55,18.0,11.0,2.0,3.0,2.0,1.0,5.0,7.0,0.85,0.85,0.86,0.54,7.0,4.0,9.0,4.0,11.0,5.0,7.0,6.0,0.0,0.0,37.0,14.0,1.0,0.0,2.0,0.0,17.0,8.0,0.43,0.45,0.8,0.76,0.19,0.05,1.26,0.45,22.0,18.0,8.0,17.0,0.59,0.47,56.0,47.0,22.0,23.0,10.0,7.0,0.0,1.0,0.0,0.0,3.0,1.0,0.54,0.86,0.54,-0.14,0.45,0.28,0.49,0.51,13.0,5.0,1.0,0.0,0.0,0.0,5.0,2.0,0.89,0.83,0.09,0.0,4.0,1.0,8.0,4.0,8.0,2.0,5.0,3.0,0.0,0.0,24.0,11.0,0.0,0.0,0.0,0.0,6.0,6.0,0.6,0.23,0.83,0.76,0.23,0.0,0.68,0.26,13.0,10.0,6.0,6.0,0.55,0.45,26.0,26.0,8.0,15.0,6.0,5.0,0.0,1.0,0.0,0.0,0.0,1.0,0.0,0.09,0.0,0.09,0.83,0.5,0.4,0.6,5.0,6.0,1.0,3.0,2.0,1.0,0.0,5.0,0.8,0.87,0.77,0.54,3.0,3.0,1.0,0.0,3.0,3.0,2.0,3.0,0.0,0.0,13.0,3.0,1.0,0.0,2.0,0.0,11.0,2.0,0.32,0.67,0.75,0.76,0.0,0.08,0.58,0.19,9.0,8.0,2.0,11.0,0.63,0.5,30.0,21.0,14.0,8.0,4.0,2.0,0.0,0.0,0.0,0.0,3.0,0.0,0.54,0.77,0.54,-0.23,1
nLlSzRlS,BRAZIL,Serie A Betano 2026,BRAZIL 1,2026,RODADA 11,11/04/2026,18:30,Mirassol,Bahia,1,2,1,0,[14],"[65, 89]",2.2,2.96,3.45,2.8,3.5,2.15,1.0,10.0,1.21,3.62,1.85,1.96,2.94,1.31,5.7,1.08,1.18,4.05,2.05,1.72,4.33,1.16,1.62,2.15,1.22,1.36,1.62,1.46,1.78,0.42,0.58,16.0,14.0,6.0,8.0,3.0,2.0,8.0,4.0,0.84,0.87,1.36,2.92,6.0,1.0,4.0,5.0,8.0,8.0,8.0,6.0,0.0,1.0,21.0,19.0,2.0,2.0,0.0,2.0,14.0,20.0,0.6,0.52,0.72,0.8,0.14,0.18,0.87,1.32,16.0,14.0,20.0,14.0,0.33,0.69,43.0,51.0,16.0,18.0,16.0,11.0,0.0,0.0,0.0,0.0,6.0,6.0,2.92,1.36,0.92,1.36,0.6,0.18,0.35,0.65,6.0,6.0,2.0,4.0,2.0,0.0,1.0,2.0,0.86,0.88,0.4,0.57,2.0,0.0,2.0,2.0,3.0,3.0,3.0,3.0,0.0,0.0,8.0,11.0,1.0,0.0,0.0,2.0,5.0,12.0,0.56,0.52,0.77,0.79,0.17,0.09,0.39,0.79,9.0,13.0,12.0,5.0,0.17,0.5,23.0,28.0,15.0,4.0,9.0,5.0,0.0,0.0,0.0,0.0,4.0,2.0,0.57,0.4,0.57,0.4,0.86,1.6,0.51,0.49,10.0,8.0,4.0,4.0,1.0,2.0,7.0,2.0,0.83,0.85,0.96,2.35,4.0,1.0,2.0,3.0,5.0,5.0,5.0,3.0,0.0,1.0,13.0,8.0,1.0,2.0,0.0,0.0,9.0,8.0,0.64,0.52,0.69,0.8,0.13,0.33,0.48,0.53,7.0,1.0,8.0,9.0,0.5,1.0,20.0,23.0,1.0,14.0,7.0,6.0,0.0,0.0,0.0,0.0,2.0,4.0,2.35,0.96,0.35,0.96,1
UgXPq4Rr,BRAZIL,Serie A Betano 2026,BRAZIL 1,2026,RODADA 11,11/04/2026,16:30,Remo,Vasco,1,1,0,0,[84],[54],2.75,2.45,3.25,3.4,3.1,2.12,1.05,7.0,1.32,3.0,2.0,1.7,3.4,1.25,6.0,1.08,1.27,3.4,2.28,1.55,4.5,1.15,1.81,1.92,1.32,1.48,1.4,0.72,1.34,0.43,0.57,12.0,19.0,2.0,3.0,2.0,1.0,3.0,6.0,0.74,0.81,1.25,0.9,5.0,9.0,5.0,7.0,8.0,11.0,4.0,8.0,0.0,1.0,21.0,28.0,0.0,1.0,1.0,4.0,10.0,12.0,0.53,0.39,0.61,0.74,0.23,0.17,0.64,0.99,19.0,24.0,12.0,10.0,0.45,0.4,59.0,50.0,31.0,21.0,12.0,10.0,0.0,0.0,0.0,0.0,2.0,1.0,0.9,1.25,-0.1,0.25,0.25,0.41,0.35,0.65,4.0,9.0,1.0,1.0,0.0,0.0,1.0,3.0,0.68,0.85,0.48,0.26,0.0,5.0,3.0,3.0,3.0,5.0,1.0,4.0,0.0,1.0,8.0,9.0,0.0,0.0,1.0,3.0,2.0,8.0,0.62,0.4,0.53,0.77,0.2,0.18,0.1,0.39,8.0,14.0,8.0,2.0,0.54,0.5,33.0,26.0,20.0,9.0,9.0,4.0,0.0,0.0,0.0,0.0,1.0,1.0,0.26,0.48,0.26,0.48,0.47,0.93,0.52,0.48,8.0,10.0,1.0,2.0,2.0,1.0,2.0,3.0,0.78,0.75,0.77,0.64,5.0,4.0,2.0,4.0,5.0,6.0,3.0,4.0,0.0,0.0,13.0,19.0,0.0,1.0,0.0,1.0,8.0,4.0,0.41,0.38,0.67,0.71,0.25,0.14,0.54,0.6,11.0,10.0,4.0,8.0,0.29,0.33,26.0,24.0,11.0,12.0,3.0,6.0,0.0,0.0,0.0,0.0,1.0,0.0,0.64,0.77,-0.36,-0.23,1
CxigkQ3L,BRAZIL,Serie A Betano 2026,BRAZIL 1,2026,RODADA 11,11/04/2026,16:30,Vitória,São Paulo,2,0,1,0,"[35, 83]",[],2.8,2.6,3.2,3.4,3.25,2.05,1.08,7.0,1.39,2.8,2.2,1.6,4.0,1.22,7.6,1.06,1.33,3.0,2.4,1.5,6.0,1.08,1.94,1.8,1.33,1.46,1.41,1.35,0.66,0.41,0.59,15.0,16.0,6.0,5.0,2.0,2.0,1.0,6.0,0.83,0.88,1.62,1.09,6.0,7.0,3.0,4.0,8.0,10.0,7.0,6.0,1.0,0.0,13.0,19.0,0.0,0.0,2.0,1.0,11.0,11.0,0.4,0.63,0.7,0.85,0.17,0.2,0.33,0.65,14.0,16.0,11.0,11.0,0.46,0.5,42.0,35.0,22.0,15.0,9.0,4.0,2.0,0.0,0.0,0.0,5.0,4.0,1.09,1.62,1.09,-0.38,0.39,0.4,0.43,0.57,3.0,7.0,2.0,3.0,1.0,2.0,0.0,3.0,0.83,0.88,0.61,0.96,0.0,4.0,1.0,0.0,2.0,4.0,1.0,3.0,0.0,0.0,4.0,10.0,0.0,0.0,2.0,0.0,6.0,6.0,0.31,0.75,0.65,0.82,0.33,0.11,0.14,0.31,7.0,8.0,6.0,6.0,0.25,0.2,16.0,17.0,11.0,10.0,3.0,1.0,1.0,0.0,0.0,0.0,3.0,1.0,0.96,0.61,0.96,-0.39,0.96,0.26,0.38,0.62,12.0,9.0,4.0,2.0,1.0,0.0,1.0,3.0,0.84,0.88,1.01,0.13,6.0,3.0,2.0,4.0,6.0,6.0,6.0,3.0,1.0,0.0,9.0,9.0,0.0,0.0,0.0,1.0,5.0,5.0,0.52,0.52,0.73,0.88,0.0,0.27,0.19,0.34,7.0,8.0,5.0,5.0,0.56,0.8,26.0,18.0,11.0,5.0,6.0,3.0,1.0,0.0,0.0,0.0,2.0,3.0,0.13,1.01,0.13,0.01,1
IsSHKEbU,BRAZIL,Serie A Betano 2026,BRAZIL 1,2026,RODADA 10,05/04/2026,20:30,Grêmio,Remo,0,0,0,0,[],[42],1.44,6.66,4.2,1.9,6.66,2.4,1.01,11.0,1.22,3.8,1.75,1.95,3.0,1.33,6.5,1.08,1.3,3.2,2.6,1.44,7.0,1.07,2.0,1.76,1.2,1.1,2.45,0.84,2.09,0.63,0.37,20.0,11.0,3.0,4.0,0.0,2.0,8.0,3.0,0.89,0.74,0.36,1.77,12.0,6.0,5.0,1.0,6.0,5.0,14.0,6.0,1.0,0.0,18.0,19.0,0.0,1.0,2.0,0.0,9.0,8.0,0.71,0.38,0.81,0.63,0.2,0.38,0.7,0.52,22.0,23.0,8.0,9.0,0.44,0.65,46.0,48.0,27.0,46.0,5.0,5.0,0.0,0.0,0.0,0.0,4.0,3.0,1.77,0.36,1.77,0.36,0.15,1.88,0.52,0.48,4.0,4.0,0.0,3.0,0.0,2.0,0.0,1.0,0.85,0.78,0.0,1.64,4.0,1.0,0.0,0.0,1.0,4.0,3.0,0.0,1.0,0.0,5.0,14.0,0.0,1.0,2.0,0.0,4.0,6.0,0.64,0.42,0.7,0.63,0.14,0.43,0.19,0.37,9.0,16.0,6.0,4.0,0.55,0.6,25.0,24.0,18.0,11.0,2.0,3.0,0.0,0.0,0.0,0.0,3.0,0.0,1.64,0.0,1.64,0.0,0.69,0.21,0.76,0.24,16.0,7.0,3.0,1.0,0.0,0.0,8.0,2.0,0.93,0.65,0.36,0.13,8.0,5.0,5.0,1.0,5.0,1.0,11.0,6.0,0.0,0.0,13.0,5.0,0.0,0.0,0.0,0.0,5.0,2.0,0.83,0.32,0.86,0.62,0.21,0.33,0.51,0.15,13.0,7.0,2.0,5.0,0.2,0.71,21.0,24.0,9.0,35.0,3.0,2.0,0.0,0.0,0.0,0.0,1.0,3.0,0.13,0.36,0.13,0.36,1
ABu1Oda5,BRAZIL,Serie A Betano 2026,BRAZIL 1,2026,RODADA 10,05/04/2026,20:00,Mirassol,Red Bull Bragantino,0,1,0,0,[],[51],1.96,3.75,3.2,2.75,4.33,2.1,1.06,7.18,1.34,3.01,1.89,1.8,3.54,1.25,6.56,1.08,1.37,2.52,2.61,1.34,4.92,1.14,1.95,1.8,1.36,1.25,1.8,0.67,1.9,0.54,0.46,15.0,16.0,2.0,5.0,1.0,4.0,12.0,6.0,0.83,0.77,0.05,1.7,8.0,5.0,5.0,6.0,11.0,9.0,4.0,7.0,1.0,0.0,23.0,22.0,1.0,0.0,3.0,2.0,10.0,7.0,0.55,0.42,0.73,0.61,0.13,0.33,0.79,0.35,22.0,22.0,7.0,10.0,0.64,0.71,38.0,49.0,17.0,33.0,6.0,6.0,4.0,1.0,0.0,0.0,4.0,2.0,1.7,0.05,0.7,0.05,0.08,1.14,0.36,0.64,3.0,8.0,2.0,3.0,0.0,2.0,2.0,5.0,0.75,0.84,0.05,0.74,1.0,3.0,0.0,2.0,2.0,5.0,1.0,3.0,0.0,0.0,3.0,13.0,0.0,0.0,2.0,0.0,6.0,3.0,0.45,0.42,0.52,0.7,0.14,0.2,0.05,0.22,11.0,13.0,3.0,6.0,0.63,0.57,24.0,23.0,12.0,7.0,3.0,5.0,1.0,1.0,0.0,0.0,3.0,2.0,0.74,0.05,0.74,0.05,0.59,0.76,0.71,0.29,12.0,8.0,0.0,2.0,1.0,2.0,10.0,1.0,0.87,0.62,0.0,0.96,7.0,2.0,5.0,4.0,9.0,4.0,3.0,4.0,1.0,0.0,20.0,9.0,1.0,0.0,1.0,2.0,4.0,4.0,0.65,0.42,0.78,0.5,0.12,1.0,0.74,0.13,11.0,9.0,4.0,4.0,0.67,0.86,14.0,26.0,5.0,26.0,3.0,1.0,3.0,0.0,0.0,0.0,1.0,0.0,0.96,0.0,-0.04,0.0,1
ULezwdEb,BRAZIL,Serie A Betano 2026,BRAZIL 1,2026,RODADA 10,05/04/2026,19:30,Bahia,Palmeiras,1,2,0,1,[58],"[42, 88]",3.07,2.33,3.28,3.1,2.91,2.22,1.03,9.0,1.29,3.3,1.96,1.71,3.6,1.25,7.5,1.06,1.39,2.44,2.56,1.35,8.0,1.05,1.67,2.13,1.31,1.54,1.35,1.21,0.29,0.59,0.41,19.0,8.0,6.0,5.0,1.0,1.0,7.0,5.0,0.87,0.81,0.55,1.16,10.0,0.0,3.0,3.0,12.0,4.0,7.0,4.0,0.0,0.0,30.0,11.0,1.0,1.0,3.0,3.0,17.0,18.0,0.47,0.45,0.73,0.72,0.22,0.14,1.51,0.41,20.0,12.0,18.0,17.0,0.44,0.58,55.0,44.0,18.0,35.0,10.0,6.0,0.0,0.0,0.0,0.0,4.0,4.0,1.16,0.55,0.16,-0.45,0.3,0.15,0.58,0.42,7.0,3.0,1.0,3.0,0.0,1.0,3.0,0.0,0.9,0.83,0.06,1.03,4.0,0.0,2.0,0.0,4.0,3.0,3.0,0.0,0.0,0.0,7.0,5.0,0.0,1.0,2.0,1.0,10.0,11.0,0.55,0.48,0.78,0.79,0.15,0.0,0.58,0.3,12.0,6.0,11.0,10.0,0.29,0.71,24.0,19.0,3.0,17.0,3.0,1.0,0.0,0.0,0.0,0.0,2.0,1.0,1.03,0.06,0.03,0.06,0.91,0.14,0.59,0.41,12.0,5.0,5.0,2.0,1.0,0.0,4.0,5.0,0.84,0.78,0.49,0.13,6.0,0.0,1.0,3.0,8.0,1.0,4.0,4.0,0.0,0.0,23.0,6.0,1.0,0.0,1.0,2.0,7.0,7.0,0.38,0.41,0.68,0.65,0.29,0.17,0.93,0.11,8.0,6.0,7.0,7.0,0.56,0.4,31.0,25.0,15.0,18.0,7.0,5.0,0.0,0.0,0.0,0.0,2.0,3.0,0.13,0.49,0.13,-0.51,1
2oxgQIUh,BRAZIL,Serie A Betano 2026,BRAZIL 1,2026,RODADA 10,05/04/2026,19:30,Corinthians,Internacional,0,1,0,0,[],[78],2.05,3.8,3.35,2.72,4.35,2.02,1.07,7.6,1.37,2.85,2.14,1.63,3.75,1.23,6.8,1.08,1.29,3.3,2.34,1.53,5.2,1.13,1.95,1.8,1.31,1.29,1.8,1.35,0.37,0.65,0.35,11.0,8.0,2.0,3.0,2.0,0.0,7.0,4.0,0.82,0.73,0.12,0.52,5.0,0.0,4.0,5.0,5.0,4.0,6.0,4.0,0.0,0.0,16.0,11.0,0.0,0.0,2.0,4.0,19.0,16.0,0.63,0.29,0.65,0.59,0.22,0.13,0.51,0.21,29.0,28.0,16.0,19.0,0.57,0.73,53.0,37.0,24.0,40.0,9.0,12.0,0.0,1.0,0.0,0.0,2.0,2.0,0.52,0.12,-0.48,0.12,0.1,0.07,0.62,0.38,2.0,2.0,0.0,0.0,0.0,0.0,3.0,2.0,0.79,0.71,0.0,0.0,1.0,0.0,1.0,2.0,1.0,1.0,1.0,1.0,0.0,0.0,4.0,2.0,0.0,0.0,2.0,3.0,8.0,10.0,0.56,0.27,0.6,0.4,0.14,0.13,0.14,0.08,14.0,15.0,10.0,8.0,0.56,0.71,28.0,20.0,19.0,11.0,1.0,7.0,0.0,0.0,0.0,0.0,0.0,0.0,0.0,0.0,0.0,0.0,1.25,0.3,0.68,0.32,9.0,6.0,2.0,3.0,2.0,0.0,4.0,2.0,0.84,0.75,0.12,0.52,4.0,0.0,3.0,3.0,4.0,3.0,5.0,3.0,0.0,0.0,12.0,9.0,0.0,0.0,0.0,1.0,11.0,6.0,0.68,0.32,0.69,0.73,0.25,0.13,0.37,0.13,15.0,13.0,6.0,11.0,0.6,0.75,25.0,17.0,5.0,29.0,8.0,5.0,0.0,1.0,0.0,0.0,2.0,2.0,0.52,0.12,-0.48,0.12,1
WQT9MzUH,BRAZIL,Serie A Betano 2026,BRAZIL 1,2026,RODADA 10,05/04/2026,17:30,Atlético-MG,Athletico-PR,2,1,1,0,"[6, 80]",[88],1.81,4.25,3.4,2.42,4.75,2.14,1.06,7.6,1.33,3.1,1.99,1.73,3.5,1.27,6.6,1.09,1.36,2.35,2.64,1.27,5.3,1.03,1.88,1.81,1.28,1.22,1.84,1.28,0.43,0.49,0.51,15.0,11.0,5.0,3.0,0.0,0.0,2.0,8.0,0.89,0.88,0.99,0.83,3.0,3.0,7.0,5.0,7.0,4.0,8.0,7.0,0.0,0.0,19.0,11.0,0.0,0.0,3.0,0.0,13.0,9.0,0.51,0.54,0.75,0.72,0.22,0.17,0.67,0.42,15.0,18.0,9.0,13.0,0.58,0.44,48.0,36.0,18.0,13.0,9.0,6.0,0.0,0.0,0.0,1.0,2.0,3.0,0.83,0.99,-0.17,-1.01,1.0,0.17,0.52,0.48,11.0,3.0,3.0,0.0,0.0,0.0,2.0,2.0,0.9,0.88,0.65,0.0,3.0,1.0,5.0,2.0,6.0,3.0,5.0,0.0,0.0,0.0,13.0,7.0,0.0,0.0,2.0,0.0,9.0,1.0,0.61,0.48,0.74,0.69,0.25,0.25,0.42,0.23,13.0,4.0,1.0,9.0,0.5,0.33,25.0,17.0,9.0,8.0,5.0,5.0,0.0,0.0,0.0,0.0,0.0,2.0,0.0,0.65,0.0,-0.35,0.28,0.26,0.47,0.53,4.0,8.0,2.0,3.0,0.0,0.0,0.0,6.0,0.88,0.89,0.34,0.83,0.0,2.0,2.0,3.0,1.0,1.0,3.0,7.0,0.0,0.0,6.0,4.0,0.0,0.0,1.0,0.0,4.0,8.0,0.43,0.59,0.75,0.76,0.2,0.13,0.25,0.19,2.0,14.0,8.0,4.0,0.63,0.67,23.0,19.0,9.0,5.0,4.0,1.0,0.0,0.0,0.0,1.0,2.0,1.0,0.83,0.34,-0.17,-0.66,1
Ac0S9cpC,BRAZIL,Serie A Betano 2026,BRAZIL 1,2026,RODADA 10,05/04/2026,17:30,Flamengo,Santos,3,1,0,0,"[64, 71, 89]",[48],1.36,8.3,4.45,1.83,7.0,2.38,1.03,10.0,1.21,4.1,1.73,1.99,2.6,1.44,4.7,1.17,1.29,3.3,2.6,1.44,7.0,1.07,2.1,1.65,1.14,1.06,3.0,2.29,0.77,0.63,0.37,19.0,17.0,4.0,2.0,5.0,0.0,2.0,7.0,0.88,0.78,2.44,0.81,7.0,5.0,8.0,10.0,11.0,7.0,8.0,10.0,1.0,0.0,26.0,15.0,0.0,2.0,2.0,0.0,12.0,2.0,0.66,0.48,0.78,0.69,0.44,0.15,1.51,0.82,19.0,17.0,2.0,12.0,0.63,0.64,53.0,30.0,27.0,19.0,3.0,13.0,0.0,0.0,0.0,0.0,1.0,1.0,0.81,2.44,-0.19,-0.56,0.86,0.25,0.7,0.3,9.0,7.0,1.0,0.0,2.0,0.0,2.0,2.0,0.86,0.72,0.01,0.0,5.0,4.0,3.0,3.0,7.0,3.0,2.0,4.0,0.0,0.0,16.0,5.0,0.0,2.0,0.0,0.0,5.0,0.0,0.71,0.46,0.73,0.67,0.36,0.0,0.63,0.42,13.0,11.0,0.0,5.0,1.0,0.67,24.0,13.0,8.0,10.0,2.0,9.0,0.0,0.0,0.0,0.0,0.0,1.0,0.0,0.01,0.0,0.01,1.43,0.52,0.56,0.44,10.0,10.0,3.0,2.0,3.0,0.0,0.0,5.0,0.91,0.83,2.43,0.81,2.0,1.0,5.0,7.0,4.0,4.0,6.0,6.0,1.0,0.0,10.0,10.0,0.0,0.0,2.0,0.0,7.0,2.0,0.57,0.5,0.84,0.7,0.57,0.29,0.88,0.4,6.0,6.0,2.0,7.0,0.4,0.63,29.0,17.0,19.0,9.0,1.0,4.0,0.0,0.0,0.0,0.0,1.0,0.0,0.81,2.43,-0.19,-0.57,1
QmkqyzqB,BRAZIL,Serie A Betano 2026,BRAZIL 1,2026,RODADA 10,05/04/2026,16:00,Chapecoense,Vitória,1,1,0,0,[87],[90+3],2.36,3.0,3.1,3.0,3.6,2.08,1.07,8.0,1.37,2.9,2.02,1.68,3.8,1.23,8.0,1.07,1.41,2.38,2.4,1.5,5.0,1.14,1.85,1.84,1.35,1.36,1.5,2.16,1.45,0.58,0.42,25.0,15.0,6.0,9.0,3.0,3.0,9.0,1.0,0.8,0.74,0.48,1.34,11.0,2.0,8.0,4.0,17.0,6.0,8.0,9.0,0.0,0.0,31.0,18.0,1.0,0.0,0.0,0.0,14.0,16.0,0.48,0.4,0.72,0.48,0.26,0.29,1.48,0.28,21.0,12.0,16.0,14.0,0.67,0.5,60.0,53.0,27.0,45.0,12.0,6.0,1.0,0.0,0.0,0.0,8.0,5.0,1.34,0.48,0.34,-0.52,1.21,0.27,0.51,0.49,10.0,7.0,1.0,4.0,2.0,0.0,3.0,0.0,0.78,0.8,0.07,0.35,6.0,1.0,3.0,2.0,6.0,2.0,4.0,5.0,0.0,0.0,11.0,8.0,1.0,0.0,0.0,0.0,9.0,8.0,0.46,0.46,0.76,0.58,0.14,0.33,0.43,0.11,13.0,5.0,8.0,9.0,0.75,0.67,30.0,26.0,10.0,21.0,5.0,4.0,0.0,0.0,0.0,0.0,4.0,1.0,0.35,0.07,0.35,0.07,0.95,1.18,0.68,0.32,15.0,8.0,5.0,5.0,1.0,3.0,6.0,1.0,0.82,0.59,0.41,0.99,5.0,1.0,5.0,2.0,11.0,4.0,4.0,4.0,0.0,0.0,20.0,10.0,0.0,0.0,0.0,0.0,5.0,8.0,0.5,0.35,0.69,0.37,0.33,0.25,1.05,0.17,8.0,7.0,8.0,5.0,0.6,0.25,30.0,27.0,17.0,24.0,7.0,2.0,1.0,0.0,0.0,0.0,4.0,4.0,0.99,0.41,-0.01,-0.59,1
j78z8yFO,BRAZIL,Serie A Betano 2026,BRAZIL 1,2026,RODADA 10,04/04/2026,21:00,Vasco,Botafogo,1,2,0,0,[61],"[66, 79]",2.08,3.35,3.21,2.69,3.8,2.0,1.06,8.0,1.31,3.3,1.94,1.77,3.3,1.3,6.2,1.1,1.24,3.6,2.07,1.67,4.2,1.18,1.76,1.96,1.34,1.33,1.65,2.4,1.19,0.63,0.37,17.0,18.0,5.0,9.0,4.0,2.0,3.0,2.0,0.9,0.79,1.85,1.79,6.0,6.0,6.0,3.0,12.0,12.0,5.0,6.0,0.0,0.0,29.0,24.0,0.0,1.0,0.0,0.0,16.0,11.0,0.51,0.32,0.8,0.68,0.25,0.29,1.67,1.11,19.0,14.0,11.0,16.0,0.58,0.64,49.0,53.0,14.0,27.0,10.0,7.0,0.0,0.0,0.0,0.0,8.0,4.0,1.79,1.85,-0.21,0.85,0.36,0.43,0.61,0.39,7.0,9.0,2.0,4.0,0.0,0.0,2.0,1.0,0.91,0.84,0.11,0.21,2.0,3.0,3.0,2.0,4.0,5.0,3.0,4.0,0.0,0.0,11.0,10.0,0.0,1.0,0.0,0.0,4.0,4.0,0.5,0.5,0.81,0.65,0.11,0.22,0.39,0.38,8.0,8.0,4.0,4.0,0.83,0.5,23.0,22.0,9.0,6.0,7.0,5.0,0.0,0.0,0.0,0.0,5.0,2.0,0.21,0.11,0.21,0.11,2.04,0.76,0.65,0.35,10.0,9.0,3.0,5.0,4.0,2.0,1.0,1.0,0.89,0.73,1.74,1.58,4.0,3.0,3.0,1.0,8.0,7.0,2.0,2.0,0.0,0.0,18.0,14.0,0.0,0.0,0.0,0.0,12.0,7.0,0.53,0.14,0.78,0.7,0.33,0.4,1.28,0.73,11.0,6.0,7.0,12.0,0.33,0.77,26.0,31.0,5.0,21.0,3.0,2.0,0.0,0.0,0.0,0.0,3.0,2.0,1.58,1.74,-0.42,0.74,1
d8cSvIqn,BRAZIL,Serie A Betano 2026,BRAZIL 1,2026,RODADA 10,04/04/2026,20:30,Coritiba,Fluminense,1,1,0,0,[74],[81],3.2,2.3,3.0,4.0,2.9,2.0,1.09,7.0,1.41,2.61,2.06,1.64,4.25,1.2,9.0,1.05,1.41,2.37,2.54,1.45,5.5,1.1,1.96,1.75,1.36,1.53,1.32,0.69,1.38,0.33,0.67,10.0,15.0,4.0,4.0,1.0,3.0,3.0,10.0,0.79,0.91,0.99,1.5,4.0,5.0,2.0,6.0,6.0,8.0,4.0,7.0,0.0,1.0,22.0,31.0,0.0,0.0,0.0,2.0,14.0,8.0,0.47,0.62,0.7,0.86,0.27,0.19,0.51,0.52,14.0,16.0,8.0,14.0,0.72,0.69,49.0,41.0,28.0,23.0,8.0,2.0,1.0,0.0,0.0,0.0,3.0,3.0,1.5,0.99,0.5,-0.01,0.07,0.07,0.34,0.66,4.0,3.0,3.0,1.0,0.0,0.0,1.0,6.0,0.83,0.9,0.1,0.1,0.0,2.0,1.0,0.0,1.0,1.0,3.0,2.0,0.0,0.0,2.0,8.0,0.0,0.0,0.0,0.0,13.0,4.0,0.56,0.58,0.7,0.78,0.0,0.21,0.08,0.26,5.0,9.0,4.0,13.0,0.78,0.8,29.0,15.0,10.0,9.0,4.0,0.0,0.0,0.0,0.0,0.0,1.0,3.0,0.1,0.1,0.1,0.1,0.62,1.31,0.32,0.68,6.0,12.0,1.0,3.0,1.0,3.0,2.0,4.0,0.74,0.92,0.89,1.4,4.0,3.0,1.0,6.0,5.0,7.0,1.0,5.0,0.0,1.0,20.0,23.0,0.0,0.0,0.0,2.0,1.0,4.0,0.36,0.67,0.7,0.91,0.43,0.17,0.43,0.26,9.0,7.0,4.0,1.0,0.67,0.63,20.0,26.0,18.0,14.0,4.0,2.0,1.0,0.0,0.0,0.0,2.0,0.0,1.4,0.89,0.4,-0.11,1
6JrpSv0t,BRAZIL,Serie A Betano 2026,BRAZIL 1,2026,RODADA 10,04/04/2026,18:30,São Paulo,Cruzeiro,4,1,2,0,"[12, 16, 62, 90+1]",[47],2.5,2.82,3.4,3.1,3.45,2.1,1.07,7.6,1.28,3.35,1.89,1.81,3.15,1.31,6.8,1.09,1.23,3.7,2.1,1.66,4.4,1.17,1.72,2.05,1.3,1.45,1.57,2.02,1.52,0.36,0.64,11.0,14.0,5.0,7.0,3.0,2.0,6.0,4.0,0.79,0.88,2.7,1.64,3.0,5.0,3.0,2.0,10.0,7.0,1.0,7.0,1.0,0.0,33.0,25.0,1.0,0.0,1.0,0.0,14.0,21.0,0.34,0.54,0.72,0.72,0.33,0.2,0.74,0.59,18.0,25.0,21.0,14.0,0.65,0.71,63.0,54.0,47.0,18.0,5.0,5.0,1.0,0.0,0.0,0.0,6.0,1.0,1.64,2.7,0.64,-1.3,1.47,0.35,0.4,0.6,5.0,9.0,3.0,5.0,2.0,1.0,3.0,1.0,0.8,0.88,1.38,0.61,1.0,4.0,1.0,0.0,5.0,4.0,0.0,5.0,0.0,0.0,16.0,12.0,1.0,0.0,1.0,0.0,5.0,9.0,0.35,0.5,0.7,0.72,0.29,0.25,0.48,0.32,11.0,18.0,9.0,5.0,0.63,0.75,32.0,26.0,28.0,8.0,3.0,2.0,1.0,0.0,0.0,0.0,5.0,1.0,0.61,1.38,0.61,-0.62,0.55,1.17,0.32,0.68,6.0,5.0,2.0,2.0,1.0,1.0,3.0,3.0,0.76,0.88,1.32,1.03,2.0,1.0,2.0,2.0,5.0,3.0,1.0,2.0,1.0,0.0,17.0,13.0,0.0,0.0,0.0,0.0,9.0,12.0,0.33,0.57,0.74,0.71,0.38,0.17,0.26,0.27,7.0,7.0,12.0,9.0,0.7,0.67,31.0,28.0,19.0,10.0,2.0,3.0,0.0,0.0,0.0,0.0,1.0,0.0,1.03,1.32,0.03,-0.68,1
foIy121s,BRAZIL,Serie A Betano 2026,BRAZIL 1,2026,RODADA 9,02/04/2026,21:30,Palmeiras,Grêmio,2,1,1,0,"[44, 72]",[54],1.53,6.5,4.0,1.97,6.2,2.33,1.04,9.0,1.26,3.6,1.96,1.75,3.0,1.36,5.4,1.13,1.39,2.44,2.64,1.33,7.5,1.06,1.91,1.85,1.23,1.12,2.32,0.64,0.54,0.6,0.4,16.0,10.0,4.0,5.0,0.0,0.0,8.0,2.0,0.87,0.77,1.03,1.09,6.0,3.0,6.0,2.0,7.0,3.0,9.0,7.0,0.0,0.0,26.0,13.0,0.0,1.0,1.0,1.0,15.0,12.0,0.53,0.35,0.76,0.58,0.16,0.23,0.7,0.44,10.0,21.0,12.0,15.0,0.73,0.47,50.0,45.0,14.0,27.0,7.0,8.0,0.0,0.0,0.0,0.0,4.0,2.0,1.09,1.03,0.09,-0.97,0.26,0.14,0.66,0.34,7.0,3.0,3.0,1.0,0.0,0.0,4.0,0.0,0.89,0.72,0.42,0.06,4.0,1.0,0.0,1.0,3.0,1.0,4.0,2.0,0.0,0.0,14.0,8.0,0.0,0.0,1.0,1.0,6.0,6.0,0.62,0.38,0.82,0.54,0.14,0.33,0.43,0.07,3.0,12.0,6.0,6.0,0.63,0.56,19.0,23.0,5.0,13.0,5.0,5.0,0.0,0.0,0.0,0.0,1.0,2.0,0.06,0.42,0.06,-0.58,0.38,0.4,0.54,0.46,9.0,7.0,1.0,4.0,0.0,0.0,4.0,2.0,0.83,0.8,0.61,1.03,2.0,2.0,6.0,1.0,4.0,2.0,5.0,5.0,0.0,0.0,12.0,5.0,0.0,1.0,0.0,0.0,9.0,6.0,0.48,0.33,0.68,0.61,0.18,0.2,0.27,0.37,7.0,9.0,6.0,9.0,0.86,0.38,31.0,22.0,9.0,14.0,2.0,3.0,0.0,0.0,0.0,0.0,3.0,0.0,1.03,0.61,0.03,-0.39,1
2BLqatWg,BRAZIL,Serie A Betano 2026,BRAZIL 1,2026,RODADA 9,02/04/2026,21:30,Red Bull Bragantino,Flamengo,3,0,2,0,"[17, 39, 55]",[],4.25,1.93,3.5,4.3,2.5,2.1,1.06,8.5,1.3,3.35,1.91,1.79,3.35,1.3,8.5,1.08,1.27,3.15,2.28,1.5,4.7,1.13,1.88,1.76,1.27,1.81,1.2,1.72,0.26,0.56,0.44,18.0,7.0,6.0,1.0,3.0,1.0,7.0,5.0,0.9,0.82,2.0,0.08,7.0,2.0,5.0,4.0,10.0,4.0,8.0,3.0,0.0,0.0,23.0,12.0,0.0,0.0,4.0,1.0,12.0,12.0,0.6,0.48,0.79,0.6,0.44,0.33,1.34,0.28,14.0,21.0,12.0,12.0,0.43,0.7,34.0,39.0,17.0,14.0,9.0,6.0,0.0,0.0,0.0,0.0,1.0,3.0,0.08,2.0,0.08,-1.0,0.86,0.1,0.44,0.56,8.0,2.0,3.0,1.0,2.0,1.0,4.0,2.0,0.84,0.83,0.36,0.08,3.0,0.0,2.0,1.0,4.0,1.0,4.0,1.0,0.0,0.0,11.0,5.0,0.0,0.0,0.0,1.0,5.0,4.0,0.46,0.5,0.55,0.63,0.5,0.0,0.67,0.09,8.0,13.0,4.0,5.0,0.33,0.8,19.0,20.0,11.0,5.0,5.0,4.0,0.0,0.0,0.0,0.0,1.0,1.0,0.08,0.36,0.08,-1.64,0.86,0.16,0.68,0.32,10.0,5.0,3.0,0.0,1.0,0.0,3.0,3.0,0.93,0.81,1.64,0.0,4.0,2.0,3.0,3.0,6.0,3.0,4.0,2.0,0.0,0.0,12.0,7.0,0.0,0.0,4.0,0.0,7.0,8.0,0.77,0.46,0.89,0.56,0.4,0.6,0.67,0.19,6.0,8.0,8.0,7.0,0.6,0.6,15.0,19.0,6.0,9.0,4.0,2.0,0.0,0.0,0.0,0.0,0.0,2.0,0.0,1.64,0.0,0.64,1
2XdKBJFa,BRAZIL,Serie A Betano 2026,BRAZIL 1,2026,RODADA 9,02/04/2026,19:00,Chapecoense,Atlético-MG,0,4,0,3,[],"[23, 30, 35, 90+5]",3.2,2.28,3.05,3.7,2.85,2.05,1.01,8.9,1.32,2.89,2.15,1.7,3.82,1.19,7.9,1.02,1.27,3.4,2.34,1.53,5.4,1.09,1.77,1.95,1.3,1.57,1.33,2.09,1.74,0.45,0.55,19.0,20.0,4.0,8.0,4.0,3.0,7.0,3.0,0.83,0.86,0.17,3.13,11.0,5.0,4.0,7.0,12.0,16.0,7.0,4.0,2.0,2.0,25.0,30.0,0.0,0.0,1.0,1.0,5.0,19.0,0.49,0.6,0.63,0.8,0.31,0.29,1.67,1.05,30.0,22.0,19.0,5.0,0.67,0.33,31.0,39.0,12.0,30.0,8.0,10.0,1.0,1.0,0.0,0.0,4.0,3.0,3.13,0.17,-0.87,0.17,0.21,1.23,0.45,0.55,4.0,15.0,1.0,6.0,0.0,3.0,2.0,2.0,0.82,0.87,0.03,2.54,3.0,4.0,0.0,5.0,2.0,11.0,2.0,4.0,0.0,1.0,4.0,17.0,0.0,0.0,1.0,0.0,1.0,10.0,0.52,0.65,0.63,0.86,0.22,0.2,0.55,0.78,13.0,12.0,10.0,1.0,0.75,0.33,17.0,20.0,9.0,10.0,2.0,4.0,1.0,0.0,0.0,0.0,3.0,1.0,2.54,0.03,-0.46,0.03,1.88,0.51,0.44,0.56,15.0,5.0,3.0,2.0,4.0,0.0,5.0,1.0,0.84,0.86,0.14,0.59,8.0,1.0,4.0,2.0,10.0,5.0,5.0,0.0,2.0,1.0,21.0,13.0,0.0,0.0,0.0,1.0,4.0,9.0,0.44,0.55,0.63,0.72,0.35,0.5,1.12,0.27,17.0,10.0,9.0,4.0,0.5,0.33,14.0,19.0,3.0,20.0,6.0,6.0,0.0,1.0,0.0,0.0,1.0,2.0,0.59,0.14,-0.41,0.14,1
ADt56OwK,BRAZIL,Serie A Betano 2026,BRAZIL 1,2026,RODADA 9,02/04/2026,19:00,Santos,Remo,2,0,1,0,"[40, 82]",[],1.52,6.0,3.95,1.99,5.8,2.31,1.04,9.2,1.25,3.65,1.81,1.89,2.95,1.37,5.4,1.13,1.37,2.51,2.54,1.36,4.2,1.19,1.88,1.79,1.22,1.13,2.22,1.32,0.39,0.58,0.42,7.0,11.0,3.0,4.0,2.0,1.0,7.0,4.0,0.83,0.76,0.8,0.1,3.0,6.0,1.0,1.0,4.0,5.0,3.0,6.0,0.0,0.0,18.0,10.0,1.0,0.0,3.0,1.0,14.0,17.0,0.35,0.3,0.68,0.65,0.23,0.25,0.62,0.25,18.0,23.0,17.0,14.0,0.59,0.73,48.0,43.0,35.0,21.0,11.0,15.0,1.0,0.0,0.0,0.0,4.0,1.0,0.1,0.8,0.1,-1.2,0.77,0.08,0.66,0.34,2.0,3.0,1.0,1.0,1.0,0.0,3.0,4.0,0.85,0.73,0.39,0.02,1.0,2.0,0.0,0.0,1.0,2.0,1.0,1.0,0.0,0.0,12.0,7.0,0.0,0.0,1.0,1.0,6.0,8.0,0.44,0.22,0.65,0.65,0.14,0.27,0.24,0.16,10.0,12.0,8.0,6.0,0.57,0.8,31.0,23.0,19.0,14.0,4.0,8.0,0.0,0.0,0.0,0.0,1.0,0.0,0.02,0.39,0.02,-0.61,0.55,0.31,0.5,0.5,5.0,8.0,2.0,3.0,1.0,1.0,4.0,0.0,0.81,0.79,0.41,0.08,2.0,4.0,1.0,1.0,3.0,3.0,2.0,5.0,0.0,0.0,6.0,3.0,1.0,0.0,2.0,0.0,8.0,9.0,0.29,0.38,0.72,0.65,0.33,0.2,0.38,0.09,8.0,11.0,9.0,8.0,0.67,0.6,17.0,20.0,16.0,7.0,7.0,7.0,1.0,0.0,0.0,0.0,3.0,1.0,0.08,0.41,0.08,-0.59,1
l8eApsH0,BRAZIL,Serie A Betano 2026,BRAZIL 1,2026,RODADA 9,01/04/2026,21:30,Fluminense,Corinthians,3,1,2,0,"[20, 45+3, 83]",[89],1.85,4.33,3.25,2.5,4.75,2.08,1.09,7.0,1.41,2.75,2.25,1.6,4.2,1.2,8.5,1.06,1.33,3.0,2.54,1.45,5.5,1.1,2.05,1.69,1.32,1.2,1.81,2.14,0.56,0.61,0.39,20.0,12.0,10.0,4.0,4.0,1.0,8.0,10.0,0.89,0.82,3.21,0.92,6.0,4.0,4.0,4.0,10.0,7.0,10.0,5.0,1.0,0.0,29.0,14.0,0.0,0.0,1.0,2.0,13.0,10.0,0.46,0.38,0.8,0.68,0.29,0.21,1.46,0.42,20.0,9.0,10.0,13.0,0.45,0.89,41.0,33.0,25.0,18.0,4.0,6.0,0.0,0.0,0.0,0.0,3.0,7.0,0.92,3.21,-0.08,0.21,1.23,0.03,0.55,0.45,10.0,3.0,4.0,1.0,2.0,0.0,3.0,2.0,0.87,0.83,1.32,0.04,5.0,2.0,1.0,0.0,5.0,1.0,5.0,2.0,1.0,0.0,14.0,2.0,0.0,0.0,0.0,2.0,6.0,7.0,0.48,0.41,0.76,0.56,0.3,0.33,0.5,0.14,10.0,4.0,7.0,6.0,0.57,1.0,24.0,19.0,12.0,9.0,1.0,5.0,0.0,0.0,0.0,0.0,1.0,2.0,0.04,1.32,0.04,-0.68,0.91,0.53,0.67,0.33,10.0,9.0,6.0,3.0,2.0,1.0,5.0,8.0,0.9,0.81,1.89,0.88,1.0,2.0,3.0,4.0,5.0,6.0,5.0,3.0,0.0,0.0,15.0,12.0,0.0,0.0,1.0,0.0,7.0,3.0,0.43,0.33,0.83,0.79,0.29,0.15,0.96,0.28,10.0,5.0,3.0,7.0,0.25,0.8,17.0,14.0,13.0,9.0,3.0,1.0,0.0,0.0,0.0,0.0,2.0,5.0,0.88,1.89,-0.12,0.89,1
AZHuJ1NP,BRAZIL,Serie A Betano 2026,BRAZIL 1,2026,RODADA 9,01/04/2026,20:30,Coritiba,Vasco,1,1,0,1,[90],[24],2.57,2.8,3.0,3.14,3.5,2.05,1.09,7.5,1.37,2.9,2.2,1.62,4.0,1.22,8.0,1.07,1.3,3.2,2.4,1.5,5.33,1.11,1.86,1.83,1.36,1.38,1.46,1.58,0.51,0.65,0.35,18.0,11.0,4.0,2.0,1.0,0.0,3.0,4.0,0.88,0.82,0.52,0.17,8.0,5.0,6.0,4.0,9.0,4.0,9.0,7.0,1.0,1.0,23.0,11.0,0.0,0.0,1.0,4.0,11.0,11.0,0.56,0.38,0.74,0.72,0.48,0.33,1.2,0.38,21.0,10.0,11.0,11.0,0.82,0.92,42.0,45.0,13.0,33.0,4.0,2.0,1.0,1.0,0.0,0.0,1.0,4.0,0.17,0.52,-0.83,0.52,0.69,0.34,0.6,0.4,11.0,8.0,1.0,1.0,0.0,0.0,1.0,3.0,0.91,0.89,0.34,0.12,5.0,5.0,5.0,2.0,5.0,4.0,6.0,4.0,0.0,1.0,12.0,9.0,0.0,0.0,0.0,3.0,4.0,3.0,0.5,0.47,0.76,0.87,0.43,0.29,0.4,0.24,9.0,5.0,3.0,4.0,1.0,1.0,19.0,21.0,4.0,17.0,1.0,1.0,1.0,1.0,0.0,0.0,0.0,1.0,0.12,0.34,-0.88,0.34,0.89,0.17,0.7,0.3,7.0,3.0,3.0,1.0,1.0,0.0,2.0,1.0,0.86,0.72,0.18,0.05,3.0,0.0,1.0,2.0,4.0,0.0,3.0,3.0,1.0,0.0,11.0,2.0,0.0,0.0,1.0,1.0,7.0,8.0,0.6,0.32,0.73,0.47,0.5,0.5,0.8,0.14,12.0,5.0,8.0,7.0,0.67,0.83,23.0,24.0,9.0,16.0,3.0,1.0,0.0,0.0,0.0,0.0,1.0,3.0,0.05,0.18,0.05,0.18,1
tI8BDuom,BRAZIL,Serie A Betano 2026,BRAZIL 1,2026,RODADA 9,01/04/2026,20:00,Bahia,Athletico-PR,3,0,2,0,"[3, 35, 90+3]",[],2.06,3.92,3.13,2.64,4.47,2.14,1.07,8.0,1.33,3.1,2.05,1.71,3.66,1.25,7.0,1.09,1.28,3.33,2.28,1.55,5.0,1.14,1.86,1.88,1.34,1.25,1.68,0.99,0.57,0.52,0.48,7.0,12.0,5.0,4.0,3.0,1.0,3.0,1.0,0.85,0.86,1.71,0.66,1.0,6.0,1.0,2.0,6.0,4.0,1.0,8.0,0.0,1.0,15.0,8.0,1.0,1.0,3.0,3.0,19.0,15.0,0.47,0.39,0.72,0.76,0.25,0.07,1.26,0.5,12.0,20.0,15.0,19.0,0.69,0.67,46.0,30.0,23.0,12.0,11.0,9.0,1.0,0.0,0.0,0.0,4.0,2.0,0.66,1.71,0.66,-1.29,0.47,0.12,0.58,0.42,5.0,3.0,3.0,1.0,1.0,0.0,2.0,1.0,0.85,0.86,1.28,0.05,1.0,2.0,1.0,0.0,4.0,2.0,1.0,1.0,0.0,1.0,11.0,5.0,1.0,0.0,1.0,2.0,10.0,11.0,0.4,0.41,0.72,0.64,0.5,0.2,0.81,0.11,4.0,9.0,11.0,10.0,0.57,0.5,25.0,17.0,8.0,5.0,6.0,3.0,0.0,0.0,0.0,0.0,1.0,1.0,0.05,1.28,0.05,-0.72,0.52,0.45,0.46,0.54,2.0,9.0,2.0,3.0,2.0,1.0,1.0,0.0,0.85,0.87,0.43,0.61,0.0,4.0,0.0,2.0,2.0,2.0,0.0,7.0,0.0,0.0,4.0,3.0,0.0,1.0,2.0,1.0,9.0,4.0,0.52,0.36,0.71,0.81,0.0,0.0,0.45,0.39,8.0,11.0,4.0,9.0,0.83,0.75,21.0,13.0,15.0,7.0,5.0,6.0,1.0,0.0,0.0,0.0,3.0,1.0,0.61,0.43,0.61,-0.57,1
bwFhcK06,BRAZIL,Serie A Betano 2026,BRAZIL 1,2026,RODADA 9,01/04/2026,20:00,Cruzeiro,Vitória,3,0,3,0,"[33, 36, 39]",[],1.73,4.85,3.35,2.4,5.1,2.15,1.06,8.87,1.35,3.1,2.01,1.57,3.96,1.24,7.92,1.07,1.39,2.25,2.62,1.33,5.34,1.11,1.97,1.77,1.29,1.17,2.15,1.93,0.12,0.59,0.41,11.0,4.0,6.0,1.0,2.0,0.0,5.0,6.0,0.89,0.84,1.34,0.07,3.0,1.0,2.0,2.0,6.0,1.0,5.0,3.0,0.0,0.0,12.0,11.0,1.0,0.0,2.0,0.0,12.0,15.0,0.47,0.45,0.75,0.64,0.36,0.31,0.93,0.37,15.0,17.0,15.0,12.0,0.57,0.6,43.0,41.0,25.0,13.0,6.0,8.0,0.0,0.0,0.0,0.0,1.0,2.0,0.07,1.34,0.07,-1.66,1.88,0.0,0.65,0.35,10.0,0.0,6.0,0.0,2.0,0.0,5.0,3.0,0.88,0.78,1.34,0.0,2.0,0.0,2.0,0.0,6.0,0.0,4.0,0.0,0.0,0.0,11.0,3.0,1.0,0.0,0.0,0.0,4.0,8.0,0.44,0.33,0.74,0.59,0.5,0.17,0.83,0.22,10.0,8.0,8.0,4.0,0.2,0.33,20.0,17.0,9.0,9.0,3.0,3.0,0.0,0.0,0.0,0.0,0.0,2.0,0.0,1.34,0.0,-1.66,0.05,0.12,0.54,0.46,1.0,4.0,0.0,1.0,0.0,0.0,0.0,3.0,0.89,0.87,0.0,0.07,1.0,1.0,0.0,2.0,0.0,1.0,1.0,3.0,0.0,0.0,1.0,8.0,0.0,0.0,2.0,0.0,8.0,7.0,0.5,0.58,0.76,0.67,0.0,0.4,0.1,0.15,5.0,9.0,7.0,8.0,0.78,0.71,23.0,24.0,16.0,4.0,3.0,5.0,0.0,0.0,0.0,0.0,1.0,0.0,0.07,0.0,0.07,0.0,1
pzkJrLoD,BRAZIL,Serie A Betano 2026,BRAZIL 1,2026,RODADA 9,01/04/2026,19:30,Botafogo,Mirassol,3,2,2,1,"[11, 43, 66]","[21, 90+2]",2.11,3.61,3.25,2.63,4.0,2.05,1.07,7.4,1.37,2.9,2.15,1.63,3.8,1.24,7.2,1.07,1.4,2.23,2.83,1.24,5.7,1.01,1.91,1.85,1.32,1.27,1.7,2.66,1.08,0.35,0.65,11.0,19.0,5.0,4.0,4.0,1.0,2.0,8.0,0.79,0.9,2.32,1.04,4.0,8.0,2.0,7.0,10.0,9.0,1.0,10.0,1.0,1.0,17.0,28.0,1.0,0.0,0.0,0.0,14.0,14.0,0.39,0.68,0.66,0.83,0.2,0.23,0.64,0.88,14.0,17.0,14.0,14.0,0.62,0.63,64.0,52.0,29.0,13.0,4.0,7.0,0.0,0.0,0.0,0.0,2.0,2.0,1.04,2.32,-0.96,-0.68,0.92,0.38,0.34,0.66,3.0,9.0,2.0,2.0,1.0,0.0,1.0,1.0,0.81,0.92,1.2,0.29,1.0,4.0,0.0,3.0,2.0,2.0,1.0,7.0,0.0,1.0,4.0,6.0,1.0,0.0,0.0,0.0,7.0,6.0,0.52,0.5,0.53,0.86,0.0,0.09,0.2,0.22,9.0,6.0,6.0,7.0,0.67,0.5,27.0,24.0,11.0,6.0,2.0,3.0,0.0,0.0,0.0,0.0,1.0,0.0,0.29,1.2,-0.71,-0.8,1.74,0.7,0.36,0.64,8.0,10.0,3.0,2.0,3.0,1.0,1.0,7.0,0.78,0.88,1.12,0.75,3.0,4.0,2.0,4.0,8.0,7.0,0.0,3.0,1.0,0.0,13.0,22.0,0.0,0.0,0.0,0.0,7.0,8.0,0.3,0.79,0.71,0.81,0.5,0.3,0.44,0.66,5.0,11.0,8.0,7.0,0.56,0.78,37.0,28.0,18.0,7.0,2.0,4.0,0.0,0.0,0.0,0.0,1.0,2.0,0.75,1.12,-0.25,0.12,1
WjD0ebVI,BRAZIL,Serie A Betano 2026,BRAZIL 1,2026,RODADA 9,01/04/2026,19:30,Internacional,São Paulo,1,1,1,0,[23],[87],2.28,3.66,2.93,2.99,4.4,1.84,1.05,8.0,1.33,3.0,2.2,1.6,4.0,1.2,8.0,1.05,1.4,2.75,3.3,1.29,8.0,1.05,1.82,1.88,1.41,1.29,1.63,0.92,0.96,0.34,0.66,6.0,15.0,4.0,3.0,2.0,2.0,2.0,11.0,0.77,0.88,1.09,0.49,2.0,7.0,0.0,5.0,5.0,9.0,1.0,6.0,0.0,0.0,13.0,22.0,0.0,0.0,0.0,2.0,15.0,18.0,0.42,0.6,0.66,0.79,0.29,0.2,0.85,0.84,13.0,13.0,18.0,15.0,0.75,0.62,43.0,51.0,41.0,25.0,6.0,5.0,1.0,1.0,0.0,0.0,2.0,3.0,0.49,1.09,-0.51,0.09,0.75,0.18,0.39,0.61,5.0,5.0,3.0,2.0,2.0,0.0,2.0,6.0,0.8,0.88,0.88,0.13,2.0,1.0,0.0,2.0,4.0,3.0,1.0,2.0,0.0,0.0,5.0,8.0,0.0,0.0,0.0,1.0,5.0,3.0,0.45,0.63,0.73,0.77,0.33,0.2,0.44,0.28,9.0,9.0,3.0,5.0,0.7,0.5,20.0,13.0,9.0,13.0,2.0,3.0,0.0,1.0,0.0,0.0,2.0,2.0,0.13,0.88,0.13,-0.12,0.17,0.78,0.28,0.72,1.0,10.0,1.0,1.0,0.0,2.0,0.0,5.0,0.72,0.88,0.21,0.36,0.0,6.0,0.0,3.0,1.0,6.0,0.0,4.0,0.0,0.0,8.0,14.0,0.0,0.0,0.0,1.0,10.0,15.0,0.38,0.57,0.56,0.8,0.2,0.2,0.41,0.56,4.0,4.0,15.0,10.0,0.83,0.67,23.0,38.0,32.0,12.0,4.0,2.0,1.0,0.0,0.0,0.0,0.0,1.0,0.36,0.21,-0.64,0.21,1
xUgkXiV8,BRAZIL,Serie A Betano 2026,BRAZIL 1,2026,RODADA 5,29/03/2026,19:30,Athletico-PR,Botafogo,4,1,2,1,"[4, 45+3, 49, 81]",[43],1.86,4.0,3.4,2.45,4.5,2.16,1.03,9.0,1.29,3.3,2.0,1.73,3.6,1.25,7.5,1.06,1.36,2.88,2.88,1.33,8.0,1.05,1.83,1.86,1.27,1.23,1.77,1.34,0.81,0.46,0.54,11.0,12.0,8.0,3.0,4.0,1.0,1.0,8.0,0.86,0.86,3.37,1.5,1.0,4.0,2.0,5.0,6.0,6.0,5.0,6.0,0.0,0.0,13.0,17.0,0.0,0.0,4.0,2.0,13.0,15.0,0.51,0.5,0.72,0.68,0.33,0.28,0.63,0.51,15.0,20.0,15.0,13.0,0.75,0.62,33.0,43.0,20.0,16.0,6.0,6.0,2.0,4.0,0.0,1.0,2.0,4.0,1.5,3.37,0.5,-0.63,0.7,0.63,0.39,0.61,5.0,6.0,3.0,3.0,2.0,1.0,1.0,2.0,0.83,0.87,1.46,1.5,0.0,1.0,2.0,2.0,2.0,3.0,3.0,3.0,0.0,0.0,4.0,8.0,0.0,0.0,2.0,1.0,6.0,8.0,0.54,0.39,0.64,0.55,0.33,0.6,0.33,0.2,9.0,9.0,8.0,6.0,0.71,0.57,16.0,24.0,5.0,6.0,5.0,4.0,2.0,2.0,0.0,1.0,2.0,1.0,1.5,1.46,0.5,-0.54,0.64,0.18,0.53,0.47,6.0,6.0,5.0,0.0,2.0,0.0,0.0,6.0,0.88,0.84,1.91,0.0,1.0,3.0,0.0,3.0,4.0,3.0,2.0,3.0,0.0,0.0,9.0,9.0,0.0,0.0,2.0,1.0,7.0,7.0,0.48,0.59,0.75,0.75,0.33,0.15,0.3,0.31,6.0,11.0,7.0,7.0,0.8,0.67,17.0,19.0,15.0,10.0,1.0,2.0,0.0,2.0,0.0,0.0,0.0,3.0,0.0,1.91,0.0,-0.09,1
Cx9wGgeA,BRAZIL,Serie A Betano 2026,BRAZIL 1,2026,RODADA 8,22/03/2026,20:30,Corinthians,Flamengo,1,1,1,1,[19],[3],3.36,2.17,3.25,4.37,2.91,2.08,1.07,7.4,1.35,3.05,2.09,1.69,3.65,1.26,7.0,1.08,1.4,2.33,2.77,1.28,5.7,1.03,1.89,1.85,1.31,1.64,1.29,1.63,0.35,0.54,0.46,13.0,10.0,2.0,2.0,1.0,1.0,6.0,2.0,0.87,0.85,1.45,0.3,4.0,5.0,7.0,3.0,8.0,3.0,5.0,7.0,0.0,1.0,21.0,10.0,0.0,0.0,3.0,2.0,13.0,21.0,0.74,0.51,0.76,0.58,0.24,0.13,1.33,0.18,18.0,16.0,21.0,13.0,0.65,0.73,59.0,46.0,17.0,21.0,5.0,8.0,0.0,1.0,1.0,0.0,1.0,1.0,0.3,1.45,-0.7,0.45,0.88,0.24,0.47,0.53,8.0,4.0,1.0,2.0,1.0,1.0,3.0,1.0,0.87,0.89,0.95,0.3,1.0,2.0,6.0,0.0,5.0,2.0,3.0,2.0,0.0,1.0,10.0,4.0,0.0,0.0,0.0,1.0,8.0,8.0,0.67,0.6,0.72,0.64,0.29,0.25,0.92,0.13,8.0,8.0,8.0,8.0,0.58,0.7,34.0,23.0,4.0,6.0,4.0,5.0,0.0,1.0,1.0,0.0,1.0,0.0,0.3,0.95,-0.7,-0.05,0.75,0.11,0.65,0.35,5.0,6.0,1.0,0.0,0.0,0.0,3.0,1.0,0.88,0.77,0.5,0.0,3.0,3.0,1.0,3.0,3.0,1.0,2.0,5.0,0.0,0.0,11.0,6.0,0.0,0.0,3.0,1.0,5.0,13.0,0.79,0.46,0.79,0.52,0.2,0.0,0.41,0.05,10.0,8.0,13.0,5.0,0.73,0.8,25.0,23.0,13.0,15.0,1.0,3.0,0.0,0.0,0.0,0.0,0.0,1.0,0.0,0.5,0.0,0.5,1
C0iQ6kId,BRAZIL,Serie A Betano 2026,BRAZIL 1,2026,RODADA 8,22/03/2026,18:30,Internacional,Chapecoense,2,0,1,0,"[28, 51]",[],1.64,5.4,3.65,1.95,5.0,2.05,1.02,12.5,1.22,4.2,1.73,2.08,2.88,1.41,5.5,1.14,1.18,4.3,1.93,1.8,3.95,1.21,1.84,1.85,1.19,1.11,1.78,3.69,0.47,0.48,0.52,14.0,10.0,7.0,0.0,5.0,0.0,4.0,4.0,0.82,0.82,2.13,0.0,5.0,8.0,2.0,2.0,8.0,7.0,6.0,3.0,0.0,0.0,28.0,11.0,0.0,0.0,0.0,3.0,9.0,16.0,0.44,0.56,0.65,0.78,0.1,0.24,1.94,0.48,10.0,26.0,16.0,9.0,0.74,0.75,51.0,50.0,21.0,23.0,14.0,5.0,0.0,0.0,0.0,0.0,0.0,5.0,0.0,2.13,0.0,0.13,1.18,0.25,0.52,0.48,6.0,4.0,3.0,0.0,1.0,0.0,2.0,1.0,0.85,0.83,1.08,0.0,1.0,3.0,2.0,1.0,3.0,4.0,3.0,0.0,0.0,0.0,15.0,6.0,0.0,0.0,0.0,2.0,2.0,5.0,0.48,0.46,0.68,0.73,0.0,0.22,1.43,0.24,6.0,15.0,5.0,2.0,0.86,0.83,24.0,20.0,11.0,16.0,7.0,4.0,0.0,0.0,0.0,0.0,0.0,2.0,0.0,1.08,0.0,0.08,2.51,0.22,0.43,0.57,8.0,6.0,4.0,0.0,4.0,0.0,2.0,3.0,0.79,0.81,1.05,0.0,4.0,5.0,0.0,1.0,5.0,3.0,3.0,3.0,0.0,0.0,13.0,5.0,0.0,0.0,0.0,1.0,7.0,11.0,0.38,0.67,0.59,0.82,0.25,0.25,0.51,0.24,4.0,11.0,11.0,7.0,0.67,0.7,27.0,30.0,10.0,7.0,7.0,1.0,0.0,0.0,0.0,0.0,0.0,3.0,0.0,1.05,0.0,0.05,1
MguU4B2F,BRAZIL,Serie A Betano 2026,BRAZIL 1,2026,RODADA 8,22/03/2026,18:30,Vitória,Mirassol,1,0,1,0,[28],[],2.65,2.65,3.2,3.15,3.2,2.13,1.03,9.0,1.29,3.3,1.95,1.75,3.6,1.25,7.5,1.06,1.36,2.88,2.88,1.36,7.5,1.05,1.69,2.01,1.33,1.43,1.44,0.63,0.83,0.4,0.6,13.0,14.0,6.0,3.0,0.0,2.0,4.0,5.0,0.75,0.84,1.4,0.43,3.0,6.0,4.0,5.0,5.0,6.0,8.0,8.0,0.0,0.0,16.0,28.0,0.0,0.0,3.0,1.0,8.0,18.0,0.34,0.5,0.63,0.73,0.13,0.24,0.36,0.94,22.0,27.0,18.0,8.0,0.6,0.53,52.0,76.0,44.0,32.0,6.0,10.0,0.0,1.0,0.0,0.0,3.0,5.0,0.43,1.4,0.43,0.4,0.31,0.47,0.48,0.52,6.0,7.0,4.0,3.0,0.0,1.0,1.0,1.0,0.81,0.82,1.07,0.43,1.0,1.0,1.0,3.0,2.0,4.0,4.0,3.0,0.0,0.0,8.0,11.0,0.0,0.0,3.0,1.0,5.0,7.0,0.38,0.5,0.68,0.73,0.0,0.31,0.12,0.44,8.0,12.0,7.0,5.0,0.71,0.6,26.0,25.0,18.0,16.0,5.0,4.0,0.0,1.0,0.0,0.0,3.0,3.0,0.43,1.07,0.43,0.07,0.32,0.36,0.31,0.69,7.0,7.0,2.0,0.0,0.0,1.0,3.0,4.0,0.64,0.86,0.33,0.0,2.0,5.0,3.0,2.0,3.0,2.0,4.0,5.0,0.0,0.0,8.0,17.0,0.0,0.0,0.0,0.0,3.0,11.0,0.31,0.5,0.6,0.73,0.25,0.19,0.24,0.5,14.0,15.0,11.0,3.0,0.54,0.5,26.0,51.0,26.0,16.0,1.0,6.0,0.0,0.0,0.0,0.0,0.0,2.0,0.0,0.33,0.0,0.33,1
lSRM6XX2,BRAZIL,Serie A Betano 2026,BRAZIL 1,2026,RODADA 8,22/03/2026,16:00,Athletico-PR,Coritiba,2,0,1,0,"[22, 56]",[],2.35,3.2,2.92,3.1,3.7,2.05,1.05,8.0,1.33,3.0,2.1,1.65,4.0,1.2,8.0,1.05,1.4,2.75,3.2,1.3,8.0,1.05,1.9,1.83,1.36,1.33,1.62,1.09,0.14,0.53,0.47,6.0,4.0,4.0,1.0,2.0,0.0,7.0,4.0,0.84,0.83,2.13,0.04,0.0,3.0,2.0,0.0,4.0,2.0,2.0,2.0,0.0,0.0,14.0,4.0,0.0,0.0,0.0,1.0,10.0,11.0,0.49,0.49,0.64,0.47,0.05,0.25,0.73,0.16,19.0,20.0,11.0,10.0,0.5,0.55,30.0,35.0,17.0,34.0,7.0,4.0,0.0,0.0,0.0,0.0,1.0,2.0,0.04,2.13,0.04,0.13,0.25,0.02,0.63,0.37,3.0,1.0,1.0,0.0,0.0,0.0,6.0,0.0,0.87,0.83,0.8,0.0,0.0,1.0,2.0,0.0,1.0,0.0,2.0,1.0,0.0,0.0,8.0,0.0,0.0,0.0,0.0,1.0,4.0,6.0,0.65,0.5,0.72,0.4,0.0,0.0,0.26,0.01,10.0,7.0,6.0,4.0,0.6,0.67,14.0,18.0,3.0,26.0,1.0,2.0,0.0,0.0,0.0,0.0,0.0,0.0,0.0,0.8,0.0,-0.2,0.84,0.12,0.43,0.57,3.0,3.0,3.0,1.0,2.0,0.0,1.0,4.0,0.79,0.82,1.33,0.04,0.0,2.0,0.0,0.0,3.0,2.0,0.0,1.0,0.0,0.0,6.0,4.0,0.0,0.0,0.0,0.0,6.0,5.0,0.33,0.47,0.46,0.48,0.33,0.27,0.47,0.15,9.0,13.0,5.0,6.0,0.4,0.4,16.0,17.0,14.0,8.0,6.0,2.0,0.0,0.0,0.0,0.0,1.0,2.0,0.04,1.33,0.04,0.33,1
4zlI8Bmp,BRAZIL,Serie A Betano 2026,BRAZIL 1,2026,RODADA 8,22/03/2026,16:00,Cruzeiro,Santos,0,0,0,0,[],[],1.89,4.5,3.41,2.52,4.3,2.17,1.07,7.3,1.31,3.18,1.96,1.79,3.28,1.3,5.9,1.1,1.43,2.48,2.76,1.34,6.0,1.06,1.85,1.99,1.31,1.21,1.86,1.22,0.12,0.6,0.4,8.0,5.0,3.0,1.0,1.0,0.0,6.0,0.0,0.84,0.75,0.88,0.04,4.0,2.0,1.0,2.0,5.0,0.0,3.0,5.0,0.0,0.0,18.0,3.0,0.0,0.0,5.0,4.0,16.0,18.0,0.52,0.33,0.65,0.51,0.33,0.0,0.84,0.08,26.0,22.0,18.0,16.0,0.47,0.5,53.0,55.0,7.0,31.0,7.0,6.0,0.0,0.0,0.0,0.0,1.0,3.0,0.04,0.88,0.04,0.88,0.44,0.04,0.59,0.41,2.0,1.0,1.0,0.0,0.0,0.0,1.0,0.0,0.84,0.74,0.31,0.0,1.0,0.0,0.0,1.0,2.0,0.0,0.0,1.0,0.0,0.0,6.0,2.0,0.0,0.0,2.0,1.0,10.0,7.0,0.41,0.27,0.65,0.46,0.33,0.0,0.22,0.03,15.0,12.0,7.0,10.0,0.5,0.57,30.0,25.0,6.0,10.0,4.0,2.0,0.0,0.0,0.0,0.0,0.0,1.0,0.0,0.31,0.0,0.31,0.78,0.08,0.61,0.39,6.0,4.0,2.0,1.0,1.0,0.0,5.0,0.0,0.84,0.76,0.57,0.04,3.0,2.0,1.0,1.0,3.0,0.0,3.0,4.0,0.0,0.0,12.0,1.0,0.0,0.0,3.0,3.0,6.0,11.0,0.6,0.38,0.66,0.54,0.33,0.0,0.62,0.05,11.0,10.0,11.0,6.0,0.33,0.44,23.0,30.0,1.0,21.0,3.0,4.0,0.0,0.0,0.0,0.0,1.0,2.0,0.04,0.57,0.04,0.57,1
Gfc2n3nl,BRAZIL,Serie A Betano 2026,BRAZIL 1,2026,RODADA 8,22/03/2026,16:00,Remo,Bahia,4,1,1,1,"[45+9, 49, 58, 83]","[32, 57]",3.15,2.33,3.45,3.45,2.88,2.17,1.06,8.0,1.32,3.2,1.99,1.76,3.4,1.29,6.4,1.09,1.24,3.6,2.12,1.64,4.55,1.16,1.68,1.98,1.28,1.56,1.33,1.56,1.56,0.38,0.62,16.0,11.0,10.0,3.0,5.0,3.0,5.0,9.0,0.74,0.88,3.39,1.25,2.0,3.0,4.0,5.0,8.0,8.0,8.0,3.0,1.0,0.0,17.0,25.0,1.0,0.0,5.0,2.0,10.0,15.0,0.38,0.39,0.69,0.7,0.17,0.25,1.16,1.03,16.0,20.0,15.0,10.0,0.5,0.44,41.0,46.0,36.0,33.0,6.0,13.0,0.0,0.0,0.0,0.0,2.0,6.0,1.25,3.39,0.25,-0.61,0.74,0.53,0.38,0.62,9.0,6.0,4.0,2.0,2.0,2.0,3.0,5.0,0.75,0.87,1.12,0.35,1.0,1.0,4.0,3.0,3.0,4.0,6.0,2.0,1.0,0.0,8.0,15.0,1.0,0.0,4.0,1.0,4.0,7.0,0.37,0.45,0.68,0.7,0.09,0.22,0.94,0.79,12.0,5.0,7.0,4.0,0.33,0.5,18.0,24.0,14.0,24.0,4.0,7.0,0.0,0.0,0.0,0.0,1.0,3.0,0.35,1.12,-0.65,0.12,0.82,1.03,0.37,0.63,7.0,5.0,6.0,1.0,3.0,1.0,2.0,4.0,0.72,0.89,2.27,0.9,1.0,2.0,0.0,2.0,5.0,4.0,2.0,1.0,0.0,0.0,9.0,10.0,0.0,0.0,1.0,1.0,6.0,8.0,0.39,0.22,0.7,0.71,0.29,0.27,0.22,0.24,4.0,15.0,8.0,6.0,0.58,0.4,23.0,22.0,22.0,9.0,2.0,6.0,0.0,0.0,0.0,0.0,1.0,3.0,0.9,2.27,0.9,-0.73,1
jXNrfCYj,BRAZIL,Serie A Betano 2026,BRAZIL 1,2026,RODADA 8,22/03/2026,16:00,Vasco,Grêmio,2,1,2,1,"[7, 34]",[38],2.12,3.5,2.9,2.83,4.2,2.0,1.04,9.0,1.26,3.6,1.87,1.86,3.1,1.33,5.75,1.11,1.25,3.6,2.1,1.66,4.5,1.15,1.71,2.0,1.32,1.27,1.62,1.6,0.54,0.37,0.63,10.0,9.0,5.0,3.0,4.0,1.0,0.0,2.0,0.78,0.85,2.69,0.71,4.0,5.0,1.0,1.0,7.0,6.0,3.0,3.0,1.0,0.0,23.0,24.0,1.0,0.0,0.0,1.0,4.0,11.0,0.33,0.42,0.7,0.66,0.29,0.15,0.93,0.38,18.0,27.0,11.0,4.0,0.77,0.56,39.0,48.0,36.0,11.0,16.0,10.0,1.0,0.0,1.0,0.0,2.0,3.0,0.71,2.69,-0.29,0.69,1.43,0.25,0.34,0.66,7.0,4.0,5.0,2.0,4.0,1.0,0.0,0.0,0.76,0.88,2.69,0.53,1.0,2.0,1.0,0.0,6.0,3.0,1.0,1.0,0.0,0.0,15.0,13.0,0.0,0.0,0.0,0.0,1.0,5.0,0.33,0.42,0.67,0.68,0.5,0.14,0.64,0.23,8.0,12.0,5.0,1.0,0.5,0.0,15.0,19.0,14.0,6.0,10.0,7.0,0.0,0.0,1.0,0.0,1.0,3.0,0.53,2.69,-0.47,0.69,0.17,0.29,0.42,0.58,3.0,5.0,0.0,1.0,0.0,0.0,0.0,2.0,0.79,0.82,0.0,0.18,3.0,3.0,0.0,1.0,1.0,3.0,2.0,2.0,1.0,0.0,8.0,11.0,1.0,0.0,0.0,1.0,3.0,6.0,0.33,0.43,0.72,0.64,0.2,0.15,0.29,0.15,10.0,15.0,6.0,3.0,0.89,0.69,24.0,29.0,22.0,5.0,6.0,3.0,1.0,0.0,0.0,0.0,1.0,0.0,0.18,0.0,0.18,0.0,1
IwGUHFQc,BRAZIL,Serie A Betano 2026,BRAZIL 1,2026,RODADA 8,21/03/2026,21:00,São Paulo,Palmeiras,0,1,0,1,[],[6],2.9,2.28,3.33,3.6,3.0,2.08,1.05,10.0,1.3,3.4,2.0,1.79,3.6,1.28,7.5,1.08,1.24,3.75,2.17,1.63,4.8,1.15,1.78,1.92,1.3,1.53,1.35,0.05,0.17,0.63,0.37,3.0,6.0,0.0,2.0,0.0,0.0,10.0,1.0,0.87,0.81,0.0,0.4,2.0,3.0,1.0,1.0,1.0,1.0,2.0,5.0,0.0,0.0,15.0,9.0,0.0,1.0,5.0,1.0,21.0,13.0,0.53,0.54,0.7,0.66,0.07,0.17,0.35,0.24,18.0,16.0,13.0,21.0,0.75,0.63,66.0,62.0,17.0,44.0,8.0,10.0,0.0,1.0,0.0,0.0,1.0,0.0,0.4,0.0,-0.6,0.0,0.04,0.14,0.59,0.41,2.0,4.0,0.0,1.0,0.0,0.0,2.0,1.0,0.9,0.81,0.0,0.33,1.0,2.0,1.0,1.0,0.0,0.0,2.0,4.0,0.0,0.0,4.0,5.0,0.0,1.0,3.0,0.0,9.0,6.0,0.59,0.54,0.67,0.69,0.0,0.0,0.1,0.19,7.0,9.0,6.0,9.0,0.69,0.38,32.0,27.0,7.0,11.0,7.0,2.0,0.0,1.0,0.0,0.0,0.0,0.0,0.33,0.0,-0.67,0.0,0.01,0.03,0.68,0.32,1.0,2.0,0.0,1.0,0.0,0.0,8.0,0.0,0.84,0.81,0.0,0.07,1.0,1.0,0.0,0.0,1.0,1.0,0.0,1.0,0.0,0.0,11.0,4.0,0.0,0.0,2.0,1.0,12.0,7.0,0.48,0.53,0.71,0.63,0.1,0.33,0.25,0.05,11.0,7.0,7.0,12.0,0.82,0.88,34.0,35.0,10.0,33.0,1.0,8.0,0.0,0.0,0.0,0.0,1.0,0.0,0.07,0.0,0.07,0.0,1
6anCaYAT,BRAZIL,Serie A Betano 2026,BRAZIL 1,2026,RODADA 8,21/03/2026,18:30,Fluminense,Atlético-MG,1,0,1,0,[29],[],1.9,4.27,3.46,2.45,4.72,2.17,1.07,6.33,1.32,3.0,2.0,1.69,3.6,1.23,6.66,1.06,1.27,3.4,2.2,1.6,5.0,1.14,1.85,1.86,1.32,1.24,1.86,0.71,1.77,0.56,0.44,14.0,14.0,4.0,5.0,1.0,5.0,3.0,2.0,0.84,0.77,0.94,1.5,7.0,7.0,3.0,2.0,4.0,11.0,10.0,3.0,0.0,1.0,18.0,18.0,0.0,1.0,0.0,0.0,15.0,18.0,0.43,0.49,0.72,0.7,0.14,0.13,0.79,1.24,14.0,22.0,18.0,15.0,0.47,0.58,49.0,50.0,22.0,13.0,8.0,10.0,0.0,0.0,0.0,0.0,4.0,3.0,1.5,0.94,1.5,-0.06,0.41,0.75,0.62,0.38,6.0,6.0,3.0,2.0,1.0,2.0,2.0,1.0,0.88,0.76,0.89,0.42,3.0,4.0,0.0,0.0,2.0,6.0,4.0,0.0,0.0,0.0,7.0,8.0,0.0,0.0,0.0,0.0,4.0,9.0,0.47,0.47,0.74,0.73,0.17,0.25,0.47,0.46,5.0,12.0,9.0,4.0,0.5,0.6,18.0,22.0,8.0,6.0,5.0,8.0,0.0,0.0,0.0,0.0,2.0,2.0,0.42,0.89,0.42,-0.11,0.3,1.02,0.48,0.52,8.0,8.0,1.0,3.0,0.0,3.0,1.0,1.0,0.78,0.78,0.05,1.08,4.0,3.0,3.0,2.0,2.0,5.0,6.0,3.0,0.0,1.0,11.0,10.0,0.0,1.0,0.0,0.0,11.0,9.0,0.39,0.52,0.69,0.67,0.0,0.0,0.32,0.78,9.0,10.0,9.0,11.0,0.43,0.57,31.0,28.0,14.0,7.0,3.0,2.0,0.0,0.0,0.0,0.0,2.0,1.0,1.08,0.05,1.08,0.05,1
pj7oEXPM,BRAZIL,Serie A Betano 2026,BRAZIL 1,2026,RODADA 8,21/03/2026,16:00,Red Bull Bragantino,Botafogo,1,2,1,1,[15],"[8, 71]",2.1,3.35,3.45,2.73,4.13,2.24,1.06,8.0,1.31,3.25,1.97,1.78,3.35,1.29,6.4,1.1,1.42,2.49,2.82,1.32,6.1,1.06,1.78,1.96,1.28,1.29,1.68,1.84,1.18,0.59,0.41,18.0,8.0,6.0,3.0,5.0,2.0,11.0,6.0,0.84,0.72,1.97,1.19,7.0,5.0,5.0,0.0,9.0,7.0,9.0,1.0,0.0,1.0,33.0,18.0,1.0,1.0,4.0,0.0,9.0,12.0,0.56,0.3,0.73,0.49,0.39,0.3,1.8,0.43,21.0,19.0,12.0,9.0,0.81,0.73,42.0,49.0,22.0,32.0,10.0,5.0,0.0,2.0,0.0,0.0,0.0,5.0,1.19,1.97,-0.81,0.97,1.07,0.92,0.55,0.45,8.0,4.0,4.0,1.0,3.0,1.0,3.0,1.0,0.85,0.77,1.44,0.89,3.0,3.0,1.0,0.0,3.0,4.0,5.0,0.0,0.0,1.0,12.0,6.0,1.0,0.0,1.0,0.0,1.0,6.0,0.57,0.34,0.75,0.47,0.27,0.33,0.65,0.09,9.0,10.0,6.0,1.0,0.86,0.7,16.0,25.0,12.0,15.0,4.0,3.0,0.0,1.0,0.0,0.0,0.0,3.0,0.89,1.44,-0.11,0.44,0.77,0.26,0.65,0.35,10.0,4.0,2.0,2.0,2.0,1.0,8.0,5.0,0.82,0.66,0.53,0.3,4.0,2.0,4.0,0.0,6.0,3.0,4.0,1.0,0.0,0.0,21.0,12.0,0.0,1.0,3.0,0.0,8.0,6.0,0.55,0.24,0.71,0.51,0.45,0.29,1.15,0.34,12.0,9.0,6.0,8.0,0.78,0.75,26.0,24.0,10.0,17.0,6.0,2.0,0.0,1.0,0.0,0.0,0.0,2.0,0.3,0.53,-0.7,0.53,1
bZr41ftH,BRAZIL,Serie A Betano 2026,BRAZIL 1,2026,RODADA 7,19/03/2026,21:30,Chapecoense,Corinthians,0,0,0,0,[],[],3.1,2.25,3.0,4.0,2.9,2.0,1.08,7.2,1.38,2.9,2.18,1.64,3.85,1.23,7.4,1.07,1.28,3.33,2.28,1.55,5.5,1.1,1.88,1.81,1.32,1.52,1.33,0.8,1.26,0.36,0.64,14.0,13.0,4.0,4.0,2.0,2.0,6.0,4.0,0.79,0.87,0.19,0.72,6.0,7.0,4.0,2.0,6.0,7.0,8.0,6.0,0.0,1.0,16.0,18.0,0.0,0.0,1.0,2.0,11.0,18.0,0.56,0.52,0.65,0.74,0.2,0.35,0.4,0.75,18.0,22.0,18.0,11.0,0.62,0.67,39.0,52.0,25.0,16.0,7.0,5.0,0.0,1.0,0.0,0.0,4.0,5.0,0.72,0.19,0.72,0.19,0.09,0.73,0.37,0.63,3.0,5.0,1.0,2.0,0.0,1.0,0.0,0.0,0.78,0.88,0.01,0.41,2.0,2.0,0.0,1.0,0.0,2.0,3.0,3.0,0.0,1.0,0.0,5.0,0.0,0.0,1.0,0.0,7.0,8.0,0.52,0.48,0.59,0.7,0.0,0.33,0.03,0.12,11.0,11.0,8.0,7.0,0.4,0.67,18.0,22.0,7.0,6.0,3.0,3.0,0.0,1.0,0.0,0.0,2.0,1.0,0.41,0.01,0.41,0.01,0.71,0.53,0.35,0.65,11.0,8.0,3.0,2.0,2.0,1.0,6.0,4.0,0.82,0.87,0.18,0.31,4.0,5.0,4.0,1.0,6.0,5.0,5.0,3.0,0.0,0.0,16.0,13.0,0.0,0.0,0.0,2.0,4.0,10.0,0.6,0.55,0.69,0.79,0.29,0.36,0.37,0.63,7.0,11.0,10.0,4.0,0.75,0.67,21.0,30.0,18.0,10.0,4.0,2.0,0.0,0.0,0.0,0.0,2.0,4.0,0.31,0.18,0.31,0.18,1
baSfzIsI,BRAZIL,Serie A Betano 2026,BRAZIL 1,2026,RODADA 7,19/03/2026,20:00,Flamengo,Remo,3,0,1,0,"[19, 48, 54]",[],1.17,12.0,6.0,1.52,11.0,2.9,1.03,12.0,1.15,4.5,1.5,2.36,2.25,1.54,3.66,1.22,1.15,4.5,1.8,1.9,3.33,1.28,2.2,1.6,1.1,1.03,3.6,0.91,0.64,0.65,0.35,11.0,7.0,3.0,1.0,2.0,0.0,7.0,2.0,0.92,0.84,0.95,0.03,2.0,5.0,6.0,1.0,7.0,4.0,4.0,3.0,0.0,0.0,31.0,13.0,1.0,0.0,3.0,0.0,11.0,14.0,0.82,0.5,0.77,0.76,0.25,0.13,1.45,0.3,16.0,9.0,14.0,11.0,0.74,0.62,41.0,44.0,10.0,29.0,10.0,11.0,0.0,0.0,0.0,0.0,1.0,0.0,0.03,0.95,0.03,-2.05,0.28,0.44,0.64,0.36,4.0,5.0,1.0,1.0,1.0,0.0,3.0,2.0,0.9,0.84,0.62,0.03,0.0,3.0,3.0,1.0,3.0,3.0,1.0,2.0,0.0,0.0,19.0,11.0,0.0,0.0,2.0,0.0,2.0,5.0,0.64,0.5,0.76,0.83,0.3,0.14,0.68,0.23,10.0,5.0,5.0,2.0,0.67,0.7,15.0,23.0,8.0,14.0,5.0,9.0,0.0,0.0,0.0,0.0,1.0,0.0,0.03,0.62,0.03,-0.38,0.63,0.2,0.67,0.33,7.0,2.0,2.0,0.0,1.0,0.0,4.0,0.0,0.94,0.84,0.33,0.0,2.0,2.0,3.0,0.0,4.0,1.0,3.0,1.0,0.0,0.0,12.0,2.0,1.0,0.0,1.0,0.0,9.0,9.0,1.0,0.5,0.79,0.55,0.2,0.0,0.77,0.07,6.0,4.0,9.0,9.0,0.8,0.33,26.0,21.0,2.0,15.0,5.0,2.0,0.0,0.0,0.0,0.0,0.0,0.0,0.0,0.33,0.0,-1.67,1
jBn8sZlo,BRAZIL,Serie A Betano 2026,BRAZIL 1,2026,RODADA 7,19/03/2026,19:00,Grêmio,Vitória,2,0,1,0,"[27, 54]",[],1.66,5.3,3.74,2.13,5.47,2.39,1.04,9.0,1.24,3.75,1.78,1.97,2.85,1.38,5.2,1.14,1.33,2.55,2.41,1.37,7.0,1.07,1.8,1.95,1.26,1.16,2.06,0.95,0.4,0.43,0.57,14.0,8.0,4.0,0.0,0.0,1.0,4.0,5.0,0.82,0.85,0.84,0.0,5.0,6.0,5.0,2.0,9.0,5.0,5.0,3.0,0.0,0.0,17.0,14.0,0.0,1.0,1.0,1.0,17.0,15.0,0.56,0.34,0.72,0.65,0.26,0.24,0.89,0.84,17.0,12.0,15.0,17.0,0.58,0.59,39.0,48.0,32.0,22.0,11.0,7.0,1.0,2.0,0.0,0.0,0.0,3.0,0.0,0.84,0.0,-0.16,0.65,0.01,0.51,0.49,11.0,1.0,2.0,0.0,0.0,0.0,4.0,2.0,0.86,0.83,0.07,0.0,4.0,1.0,5.0,0.0,8.0,0.0,3.0,1.0,0.0,0.0,14.0,3.0,0.0,0.0,0.0,1.0,8.0,5.0,0.56,0.26,0.76,0.67,0.31,0.0,0.78,0.09,10.0,6.0,5.0,8.0,0.5,0.5,19.0,13.0,14.0,11.0,5.0,4.0,0.0,2.0,0.0,0.0,0.0,2.0,0.0,0.07,0.0,0.07,0.3,0.39,0.35,0.65,3.0,7.0,2.0,0.0,0.0,1.0,0.0,3.0,0.77,0.87,0.77,0.0,1.0,5.0,0.0,2.0,1.0,5.0,2.0,2.0,0.0,0.0,3.0,11.0,0.0,1.0,1.0,0.0,9.0,10.0,0.56,0.44,0.63,0.62,0.17,0.33,0.11,0.75,7.0,6.0,10.0,9.0,0.63,0.62,20.0,35.0,18.0,11.0,6.0,3.0,1.0,0.0,0.0,0.0,0.0,1.0,0.0,0.77,0.0,-0.23,1
AwdDhacn,BRAZIL,Serie A Betano 2026,BRAZIL 1,2026,RODADA 7,18/03/2026,21:30,Santos,Internacional,1,2,0,0,[56],"[46, 90+5]",2.07,3.18,3.32,2.53,3.58,2.17,1.03,7.8,1.22,3.0,1.75,1.73,2.75,1.28,4.4,1.08,1.22,3.5,2.03,1.7,4.2,1.19,1.72,2.0,1.28,1.3,1.63,1.17,1.24,0.61,0.39,11.0,17.0,2.0,6.0,1.0,3.0,3.0,8.0,0.82,0.66,0.69,1.19,6.0,4.0,3.0,7.0,8.0,8.0,3.0,9.0,0.0,0.0,19.0,18.0,0.0,0.0,4.0,2.0,12.0,6.0,0.63,0.34,0.82,0.53,0.25,0.0,0.58,0.89,14.0,23.0,6.0,12.0,0.62,0.6,55.0,40.0,39.0,32.0,16.0,16.0,3.0,0.0,0.0,0.0,6.0,1.0,1.19,0.69,0.19,-0.31,0.2,0.73,0.58,0.42,6.0,7.0,0.0,2.0,0.0,2.0,0.0,4.0,0.82,0.71,0.0,0.32,4.0,2.0,2.0,3.0,5.0,2.0,1.0,5.0,0.0,0.0,9.0,8.0,0.0,0.0,2.0,0.0,6.0,1.0,0.58,0.31,0.82,0.57,0.45,0.0,0.43,0.22,10.0,17.0,1.0,6.0,0.5,0.67,30.0,13.0,23.0,10.0,11.0,12.0,0.0,0.0,0.0,0.0,3.0,0.0,0.32,0.0,0.32,0.0,0.97,0.51,0.66,0.34,5.0,10.0,2.0,4.0,1.0,1.0,3.0,4.0,0.83,0.58,0.69,0.87,2.0,2.0,1.0,4.0,3.0,6.0,2.0,4.0,0.0,0.0,10.0,10.0,0.0,0.0,2.0,2.0,6.0,5.0,0.68,0.38,0.82,0.48,0.08,0.0,0.15,0.67,4.0,6.0,5.0,6.0,0.71,0.58,25.0,27.0,16.0,22.0,5.0,4.0,3.0,0.0,0.0,0.0,3.0,1.0,0.87,0.69,-0.13,-0.31,1
fRL3YeCU,BRAZIL,Serie A Betano 2026,BRAZIL 1,2026,RODADA 7,18/03/2026,21:30,Vasco,Fluminense,3,2,0,1,"[59, 88, 90+5]","[1, 54]",2.31,2.81,3.23,2.82,3.29,2.1,1.04,7.2,1.26,2.75,1.85,1.64,2.95,1.23,4.7,1.06,1.25,3.25,2.18,1.61,4.7,1.15,1.74,2.01,1.28,1.62,1.33,1.0,0.94,0.52,0.48,16.0,14.0,6.0,5.0,2.0,2.0,5.0,5.0,0.85,0.85,2.76,1.15,7.0,5.0,3.0,4.0,6.0,5.0,10.0,9.0,0.0,1.0,16.0,14.0,0.0,1.0,2.0,2.0,10.0,9.0,0.5,0.42,0.81,0.75,0.21,0.1,0.98,0.61,13.0,16.0,9.0,10.0,0.56,0.69,47.0,48.0,24.0,26.0,13.0,6.0,1.0,0.0,1.0,0.0,3.0,3.0,1.15,2.76,-0.85,-0.24,0.22,0.45,0.5,0.5,5.0,8.0,1.0,4.0,0.0,1.0,1.0,2.0,0.85,0.87,0.21,0.7,2.0,3.0,2.0,1.0,0.0,2.0,5.0,6.0,0.0,0.0,9.0,3.0,0.0,0.0,2.0,1.0,5.0,2.0,0.53,0.41,0.77,0.75,0.14,0.25,0.33,0.23,5.0,8.0,2.0,5.0,0.44,0.71,23.0,18.0,8.0,9.0,7.0,5.0,1.0,0.0,1.0,0.0,3.0,1.0,0.7,0.21,-0.3,0.21,0.78,0.49,0.55,0.45,11.0,6.0,5.0,1.0,2.0,1.0,4.0,3.0,0.84,0.81,2.55,0.45,5.0,2.0,1.0,3.0,6.0,3.0,5.0,3.0,0.0,1.0,7.0,11.0,0.0,1.0,0.0,1.0,5.0,7.0,0.48,0.42,0.86,0.74,0.24,0.0,0.65,0.38,8.0,8.0,7.0,5.0,0.71,0.67,24.0,30.0,16.0,17.0,6.0,1.0,0.0,0.0,0.0,0.0,0.0,2.0,0.45,2.55,-0.55,-0.45,1
KSexmeRN,BRAZIL,Serie A Betano 2026,BRAZIL 1,2026,RODADA 7,18/03/2026,20:00,Atlético-MG,São Paulo,1,0,0,0,[64],[],2.08,3.62,3.3,2.72,4.29,2.13,1.07,7.6,1.34,3.1,2.06,1.71,3.6,1.27,6.8,1.08,1.33,2.54,2.67,1.3,8.0,1.05,1.86,1.88,1.32,1.28,1.67,1.07,0.54,0.29,0.71,13.0,12.0,4.0,3.0,1.0,1.0,4.0,1.0,0.73,0.88,1.27,0.38,4.0,4.0,5.0,5.0,8.0,4.0,5.0,8.0,0.0,0.0,17.0,13.0,0.0,1.0,2.0,0.0,17.0,16.0,0.31,0.56,0.62,0.8,0.45,0.05,1.04,0.83,22.0,25.0,16.0,17.0,0.5,0.58,34.0,40.0,29.0,17.0,8.0,2.0,0.0,0.0,0.0,0.0,3.0,3.0,0.38,1.27,0.38,0.27,0.39,0.23,0.33,0.67,10.0,2.0,3.0,1.0,0.0,1.0,3.0,1.0,0.78,0.88,0.28,0.33,3.0,0.0,4.0,1.0,5.0,1.0,5.0,1.0,0.0,0.0,8.0,2.0,0.0,0.0,1.0,0.0,13.0,11.0,0.35,0.53,0.64,0.72,0.5,0.11,0.24,0.17,13.0,12.0,11.0,13.0,0.67,0.2,20.0,19.0,13.0,9.0,4.0,1.0,0.0,0.0,0.0,0.0,1.0,3.0,0.33,0.28,0.33,0.28,0.68,0.31,0.26,0.74,3.0,10.0,1.0,2.0,1.0,0.0,1.0,0.0,0.68,0.89,0.99,0.05,1.0,4.0,1.0,4.0,3.0,3.0,0.0,7.0,0.0,0.0,9.0,11.0,0.0,1.0,1.0,0.0,4.0,5.0,0.28,0.59,0.61,0.84,0.4,0.0,0.8,0.66,9.0,13.0,5.0,4.0,0.33,0.86,14.0,21.0,16.0,8.0,4.0,1.0,0.0,0.0,0.0,0.0,2.0,0.0,0.05,0.99,0.05,-0.01,1
bD7TlHdB,BRAZIL,Serie A Betano 2026,BRAZIL 1,2026,RODADA 7,18/03/2026,20:00,Mirassol,Coritiba,0,1,0,0,[],[64],1.72,4.75,3.45,2.25,5.25,2.15,1.05,8.5,1.3,3.33,2.0,1.76,3.33,1.3,6.33,1.1,1.28,3.33,2.28,1.55,5.0,1.14,1.95,1.77,1.22,1.17,2.05,1.74,1.16,0.69,0.31,21.0,14.0,6.0,4.0,2.0,3.0,7.0,2.0,0.9,0.74,0.8,0.74,11.0,5.0,4.0,5.0,14.0,8.0,7.0,6.0,1.0,0.0,28.0,23.0,0.0,0.0,3.0,3.0,11.0,8.0,0.64,0.32,0.84,0.67,0.33,0.1,2.01,0.39,20.0,11.0,8.0,11.0,0.22,0.47,40.0,38.0,15.0,38.0,8.0,8.0,0.0,0.0,1.0,0.0,3.0,6.0,0.74,0.8,-0.26,0.8,1.21,0.27,0.69,0.31,12.0,3.0,5.0,1.0,2.0,1.0,2.0,0.0,0.9,0.79,0.79,0.03,6.0,2.0,1.0,0.0,7.0,2.0,5.0,1.0,1.0,0.0,13.0,10.0,0.0,0.0,2.0,3.0,4.0,4.0,0.67,0.37,0.85,0.64,0.29,0.2,0.91,0.15,8.0,4.0,4.0,4.0,0.33,0.75,22.0,16.0,8.0,18.0,3.0,5.0,0.0,0.0,0.0,0.0,1.0,5.0,0.03,0.79,0.03,0.79,0.53,0.89,0.69,0.31,9.0,11.0,1.0,3.0,0.0,2.0,5.0,2.0,0.89,0.68,0.01,0.71,5.0,3.0,3.0,5.0,7.0,6.0,2.0,5.0,0.0,0.0,15.0,13.0,0.0,0.0,1.0,0.0,7.0,4.0,0.61,0.28,0.84,0.68,0.36,0.0,1.1,0.24,12.0,7.0,4.0,7.0,0.0,0.22,18.0,22.0,7.0,20.0,5.0,3.0,0.0,0.0,1.0,0.0,2.0,1.0,0.71,0.01,-0.29,0.01,1
6JUf5xsh,BRAZIL,Serie A Betano 2026,BRAZIL 1,2026,RODADA 7,18/03/2026,19:30,Athletico-PR,Cruzeiro,2,1,2,0,"[1, 10]",[58],2.7,2.6,3.21,3.5,3.34,2.13,1.07,7.6,1.34,3.05,2.07,1.7,3.6,1.26,6.8,1.08,1.25,3.42,2.22,1.56,5.34,1.11,1.81,1.93,1.32,1.46,1.43,1.18,1.43,0.48,0.52,8.0,11.0,4.0,2.0,1.0,2.0,4.0,6.0,0.82,0.84,1.16,0.85,3.0,6.0,1.0,3.0,7.0,5.0,1.0,6.0,1.0,0.0,15.0,12.0,0.0,0.0,1.0,2.0,20.0,26.0,0.49,0.54,0.67,0.7,0.28,0.0,0.4,0.55,20.0,13.0,26.0,20.0,0.67,0.67,44.0,54.0,22.0,22.0,11.0,11.0,1.0,0.0,0.0,0.0,1.0,2.0,0.85,1.16,-0.15,-0.84,0.99,0.47,0.57,0.43,4.0,8.0,2.0,1.0,1.0,0.0,2.0,4.0,0.85,0.83,0.81,0.08,1.0,4.0,1.0,3.0,3.0,3.0,1.0,5.0,0.0,0.0,7.0,8.0,0.0,0.0,1.0,0.0,10.0,10.0,0.65,0.5,0.66,0.66,0.3,0.0,0.2,0.14,8.0,5.0,10.0,10.0,1.0,0.71,28.0,21.0,12.0,11.0,6.0,7.0,0.0,0.0,0.0,0.0,1.0,0.0,0.08,0.81,0.08,-1.19,0.19,0.96,0.37,0.63,4.0,3.0,2.0,1.0,0.0,2.0,2.0,2.0,0.77,0.85,0.35,0.77,2.0,2.0,0.0,0.0,4.0,2.0,0.0,1.0,1.0,0.0,8.0,4.0,0.0,0.0,0.0,2.0,10.0,16.0,0.34,0.58,0.69,0.73,0.25,0.0,0.2,0.41,12.0,8.0,16.0,10.0,0.2,0.6,16.0,33.0,10.0,11.0,5.0,4.0,1.0,0.0,0.0,0.0,0.0,2.0,0.77,0.35,-0.23,0.35,1
vXS23GB4,BRAZIL,Serie A Betano 2026,BRAZIL 1,2026,RODADA 7,18/03/2026,19:00,Bahia,Red Bull Bragantino,2,0,2,0,"[17, 40]",[],1.82,4.25,3.4,2.52,4.9,2.07,1.03,11.0,1.27,3.7,1.79,1.96,3.1,1.35,5.97,1.12,1.36,2.65,2.48,1.41,4.23,1.17,2.05,1.71,1.28,1.2,1.9,1.79,1.66,0.57,0.43,15.0,15.0,9.0,3.0,5.0,2.0,7.0,7.0,0.86,0.79,2.32,0.89,5.0,8.0,1.0,4.0,11.0,11.0,4.0,4.0,0.0,2.0,30.0,25.0,1.0,0.0,2.0,1.0,16.0,15.0,0.46,0.5,0.78,0.64,0.23,0.17,1.31,0.78,13.0,15.0,15.0,16.0,0.5,0.39,49.0,66.0,27.0,16.0,9.0,10.0,1.0,0.0,0.0,0.0,3.0,6.0,0.89,2.32,0.89,0.32,1.55,0.93,0.6,0.4,9.0,5.0,5.0,1.0,5.0,1.0,4.0,0.0,0.89,0.82,1.49,0.03,4.0,2.0,0.0,2.0,9.0,5.0,0.0,0.0,0.0,1.0,18.0,7.0,1.0,0.0,1.0,0.0,9.0,8.0,0.52,0.56,0.79,0.58,0.29,0.5,1.03,0.32,5.0,6.0,8.0,9.0,0.57,0.38,24.0,33.0,8.0,8.0,3.0,3.0,0.0,0.0,0.0,0.0,1.0,2.0,0.03,1.49,0.03,-0.51,0.24,0.73,0.53,0.47,6.0,10.0,4.0,2.0,0.0,1.0,3.0,7.0,0.81,0.77,0.83,0.86,1.0,6.0,1.0,2.0,2.0,6.0,4.0,4.0,0.0,1.0,12.0,18.0,0.0,0.0,1.0,1.0,7.0,7.0,0.41,0.41,0.77,0.67,0.17,0.07,0.28,0.46,8.0,9.0,7.0,7.0,0.43,0.4,25.0,33.0,19.0,8.0,6.0,7.0,1.0,0.0,0.0,0.0,2.0,4.0,0.86,0.83,0.86,0.83,1
65kMjwSb,BRAZIL,Serie A Betano 2026,BRAZIL 1,2026,RODADA 7,18/03/2026,19:00,Palmeiras,Botafogo,2,1,1,0,"[9, 53]",[59],1.5,6.56,4.33,1.92,6.22,2.51,1.01,13.0,1.17,4.5,1.65,2.1,2.75,1.4,5.2,1.13,1.29,3.3,2.4,1.5,6.5,1.08,1.82,1.89,1.23,1.13,2.48,1.93,0.6,0.52,0.48,19.0,6.0,6.0,3.0,4.0,2.0,6.0,1.0,0.86,0.83,2.05,0.74,11.0,1.0,2.0,2.0,13.0,4.0,6.0,2.0,0.0,0.0,30.0,13.0,2.0,0.0,5.0,0.0,13.0,13.0,0.59,0.67,0.74,0.71,0.3,0.08,1.33,0.4,25.0,16.0,13.0,13.0,0.48,0.53,51.0,53.0,16.0,14.0,2.0,10.0,1.0,0.0,0.0,0.0,2.0,5.0,0.74,2.05,-0.26,0.05,0.87,0.35,0.48,0.52,10.0,3.0,3.0,1.0,3.0,1.0,3.0,1.0,0.84,0.85,1.5,0.04,5.0,1.0,2.0,1.0,6.0,1.0,4.0,2.0,0.0,0.0,16.0,3.0,2.0,0.0,4.0,0.0,7.0,4.0,0.52,0.7,0.68,0.71,0.6,0.0,1.09,0.25,12.0,8.0,4.0,7.0,0.5,0.5,24.0,18.0,6.0,3.0,2.0,8.0,1.0,0.0,0.0,0.0,1.0,2.0,0.04,1.5,0.04,0.5,1.06,0.25,0.56,0.44,9.0,3.0,3.0,2.0,1.0,1.0,3.0,0.0,0.89,0.8,0.55,0.7,6.0,0.0,0.0,1.0,7.0,3.0,2.0,0.0,0.0,0.0,14.0,10.0,0.0,0.0,1.0,0.0,6.0,9.0,0.71,0.63,0.8,0.71,0.0,0.2,0.24,0.15,13.0,8.0,9.0,6.0,0.45,0.55,27.0,35.0,10.0,11.0,0.0,2.0,0.0,0.0,0.0,0.0,1.0,3.0,0.7,0.55,-0.3,-0.45,1
CrUnxvD5,BRAZIL,Serie A Betano 2026,BRAZIL 1,2026,RODADA 6,16/03/2026,20:00,Chapecoense,Grêmio,1,1,1,1,[28],[45+3],2.85,2.39,3.2,3.45,3.0,2.06,1.06,6.66,1.32,3.0,1.93,1.76,3.4,1.25,6.66,1.06,1.37,2.5,2.76,1.3,5.0,1.14,1.77,1.91,1.32,1.49,1.37,1.16,0.72,0.35,0.65,11.0,13.0,1.0,4.0,2.0,1.0,4.0,5.0,0.77,0.91,0.87,1.01,7.0,3.0,3.0,6.0,8.0,4.0,3.0,9.0,0.0,1.0,15.0,20.0,0.0,0.0,1.0,2.0,10.0,16.0,0.49,0.74,0.65,0.82,0.33,0.18,0.34,0.7,12.0,18.0,16.0,10.0,0.72,1.0,41.0,37.0,27.0,17.0,7.0,6.0,2.0,0.0,1.0,0.0,3.0,0.0,1.01,0.87,0.01,-0.13,0.83,0.48,0.35,0.65,3.0,7.0,1.0,3.0,1.0,1.0,1.0,2.0,0.76,0.91,0.87,0.94,1.0,1.0,1.0,3.0,1.0,2.0,2.0,5.0,0.0,0.0,4.0,6.0,0.0,0.0,0.0,1.0,4.0,7.0,0.5,0.73,0.66,0.83,0.11,0.25,0.06,0.36,7.0,7.0,7.0,4.0,1.0,1.0,17.0,17.0,12.0,9.0,2.0,2.0,2.0,0.0,1.0,0.0,2.0,0.0,0.94,0.87,-0.06,-0.13,0.33,0.24,0.34,0.66,8.0,6.0,0.0,1.0,1.0,0.0,3.0,3.0,0.78,0.91,0.0,0.07,6.0,2.0,2.0,3.0,7.0,2.0,1.0,4.0,0.0,1.0,11.0,14.0,0.0,0.0,1.0,1.0,6.0,9.0,0.48,0.75,0.64,0.82,0.5,0.13,0.28,0.34,5.0,11.0,9.0,6.0,0.55,1.0,24.0,20.0,15.0,8.0,5.0,4.0,0.0,0.0,0.0,0.0,1.0,0.0,0.07,0.0,0.07,0.0,1
d8XBzRy1,BRAZIL,Serie A Betano 2026,BRAZIL 1,2026,RODADA 6,15/03/2026,20:30,Cruzeiro,Vasco,3,3,1,0,"[8, 70, 90+4]","[52, 54, 86]",1.66,5.39,3.83,2.17,5.64,2.26,1.05,8.2,1.3,3.3,1.93,1.78,3.3,1.3,6.2,1.1,1.36,2.88,2.88,1.36,7.5,1.06,1.94,1.77,1.27,1.17,2.16,1.13,1.37,0.6,0.4,20.0,15.0,6.0,7.0,4.0,3.0,5.0,4.0,0.88,0.8,2.45,1.57,10.0,5.0,4.0,3.0,9.0,10.0,11.0,5.0,0.0,1.0,24.0,19.0,0.0,0.0,0.0,1.0,11.0,9.0,0.48,0.43,0.85,0.66,0.3,0.31,1.27,0.77,10.0,21.0,9.0,11.0,0.57,0.4,39.0,38.0,26.0,22.0,12.0,6.0,0.0,0.0,0.0,0.0,2.0,3.0,1.57,2.45,-1.43,-0.55,0.37,0.36,0.56,0.44,7.0,6.0,1.0,2.0,1.0,0.0,2.0,2.0,0.86,0.82,0.89,0.0,4.0,2.0,2.0,2.0,3.0,4.0,4.0,2.0,0.0,1.0,11.0,6.0,0.0,0.0,0.0,1.0,8.0,4.0,0.5,0.42,0.76,0.64,0.18,0.25,0.4,0.1,7.0,12.0,4.0,8.0,0.67,0.33,17.0,16.0,15.0,8.0,8.0,4.0,0.0,0.0,0.0,0.0,0.0,0.0,0.0,0.89,0.0,-0.11,0.76,1.01,0.64,0.36,13.0,9.0,5.0,5.0,3.0,3.0,3.0,2.0,0.89,0.77,1.56,1.57,6.0,3.0,2.0,1.0,6.0,6.0,7.0,3.0,0.0,0.0,13.0,13.0,0.0,0.0,0.0,0.0,3.0,5.0,0.43,0.43,0.9,0.68,0.36,0.33,0.87,0.67,3.0,9.0,5.0,3.0,0.5,0.5,22.0,22.0,11.0,14.0,4.0,2.0,0.0,0.0,0.0,0.0,2.0,3.0,1.57,1.56,-1.43,-0.44,1
29v3xm7l,BRAZIL,Serie A Betano 2026,BRAZIL 1,2026,RODADA 6,15/03/2026,20:30,Red Bull Bragantino,São Paulo,1,2,1,0,[36],"[53, 68]",2.54,2.9,3.1,3.14,3.5,2.05,1.05,8.0,1.42,2.68,2.15,1.6,4.5,1.17,9.0,1.03,1.45,2.28,2.95,1.26,9.0,1.03,1.9,1.83,1.33,1.4,1.48,0.61,0.8,0.5,0.5,13.0,4.0,3.0,3.0,0.0,1.0,6.0,4.0,0.81,0.81,1.3,1.31,6.0,1.0,4.0,0.0,7.0,4.0,6.0,0.0,0.0,0.0,27.0,13.0,0.0,0.0,1.0,1.0,13.0,18.0,0.52,0.36,0.7,0.66,0.36,0.08,1.25,0.79,24.0,21.0,18.0,13.0,0.41,0.56,72.0,43.0,12.0,33.0,12.0,4.0,0.0,0.0,1.0,0.0,1.0,2.0,1.31,1.3,-0.69,0.3,0.16,0.17,0.43,0.57,4.0,2.0,1.0,1.0,0.0,0.0,2.0,1.0,0.8,0.84,0.68,0.21,3.0,1.0,0.0,0.0,2.0,2.0,2.0,0.0,0.0,0.0,6.0,7.0,0.0,0.0,0.0,1.0,5.0,9.0,0.54,0.37,0.63,0.67,0.22,0.0,0.14,0.21,11.0,8.0,9.0,5.0,0.3,0.6,28.0,22.0,5.0,13.0,12.0,2.0,0.0,0.0,0.0,0.0,1.0,0.0,0.21,0.68,0.21,-0.32,0.45,0.63,0.59,0.41,9.0,2.0,2.0,2.0,0.0,1.0,4.0,3.0,0.82,0.75,0.62,1.1,3.0,0.0,4.0,0.0,5.0,2.0,4.0,0.0,0.0,0.0,21.0,6.0,0.0,0.0,1.0,0.0,8.0,9.0,0.5,0.35,0.76,0.65,0.46,0.13,1.11,0.58,13.0,13.0,9.0,8.0,0.57,0.5,44.0,21.0,7.0,20.0,0.0,2.0,0.0,0.0,1.0,0.0,0.0,2.0,1.1,0.62,-0.9,0.62,1
r3xWuMDt,BRAZIL,Serie A Betano 2026,BRAZIL 1,2026,RODADA 6,15/03/2026,18:30,Coritiba,Remo,1,0,1,0,[24],[],1.77,5.0,3.14,2.37,5.5,2.05,1.09,6.6,1.38,2.8,2.17,1.61,4.2,1.2,8.0,1.06,1.38,2.28,3.3,1.29,9.0,1.05,2.08,1.66,1.3,1.18,1.88,0.88,0.7,0.42,0.58,8.0,14.0,4.0,1.0,2.0,1.0,4.0,6.0,0.77,0.86,1.4,0.07,2.0,11.0,2.0,2.0,8.0,3.0,0.0,11.0,0.0,0.0,20.0,10.0,1.0,0.0,6.0,1.0,11.0,13.0,0.31,0.49,0.61,0.79,0.29,0.12,0.84,0.59,14.0,15.0,13.0,11.0,0.5,0.53,43.0,49.0,23.0,22.0,12.0,10.0,0.0,0.0,0.0,1.0,1.0,3.0,0.07,1.4,0.07,0.4,0.73,0.14,0.54,0.46,5.0,5.0,2.0,0.0,1.0,0.0,1.0,3.0,0.81,0.83,1.19,0.0,2.0,4.0,1.0,1.0,5.0,1.0,0.0,4.0,0.0,0.0,12.0,2.0,0.0,0.0,2.0,0.0,8.0,9.0,0.35,0.3,0.65,0.75,0.44,0.0,0.67,0.1,10.0,7.0,9.0,8.0,0.67,0.63,21.0,27.0,9.0,13.0,4.0,3.0,0.0,0.0,0.0,1.0,0.0,1.0,0.0,1.19,0.0,0.19,0.15,0.56,0.28,0.72,3.0,9.0,2.0,1.0,1.0,1.0,3.0,3.0,0.67,0.88,0.21,0.07,0.0,7.0,1.0,1.0,3.0,2.0,0.0,7.0,0.0,0.0,8.0,8.0,1.0,0.0,4.0,1.0,3.0,4.0,0.26,0.68,0.56,0.81,0.0,0.2,0.17,0.49,4.0,8.0,4.0,3.0,0.4,0.43,22.0,22.0,14.0,9.0,8.0,7.0,0.0,0.0,0.0,0.0,1.0,2.0,0.07,0.21,0.07,0.21,1
WQmXs9qR,BRAZIL,Serie A Betano 2026,BRAZIL 1,2026,RODADA 6,15/03/2026,18:30,Palmeiras,Mirassol,1,0,1,0,[26],[],1.41,7.0,4.33,1.88,6.5,2.45,1.03,11.0,1.2,4.2,1.76,1.93,2.66,1.44,4.75,1.17,1.22,3.75,2.4,1.4,3.75,1.22,1.86,1.83,1.18,1.11,2.54,0.52,0.65,0.43,0.57,11.0,12.0,4.0,2.0,1.0,1.0,2.0,4.0,0.84,0.89,0.19,0.27,5.0,5.0,2.0,5.0,6.0,5.0,5.0,7.0,0.0,0.0,12.0,21.0,2.0,0.0,0.0,0.0,17.0,14.0,0.57,0.67,0.7,0.82,0.16,0.21,0.59,0.67,20.0,19.0,14.0,17.0,0.71,0.88,52.0,41.0,22.0,19.0,11.0,4.0,0.0,0.0,0.0,0.0,2.0,3.0,0.27,0.19,0.27,-0.81,0.11,0.31,0.5,0.5,4.0,3.0,2.0,0.0,0.0,1.0,1.0,2.0,0.86,0.85,0.14,0.0,2.0,2.0,0.0,1.0,3.0,2.0,1.0,1.0,0.0,0.0,5.0,9.0,1.0,0.0,0.0,0.0,7.0,7.0,0.57,0.57,0.7,0.72,0.11,0.29,0.21,0.15,10.0,11.0,7.0,7.0,0.7,0.86,28.0,25.0,8.0,8.0,7.0,1.0,0.0,0.0,0.0,0.0,0.0,1.0,0.0,0.14,0.0,-0.86,0.41,0.34,0.35,0.65,7.0,9.0,2.0,2.0,1.0,0.0,1.0,2.0,0.81,0.92,0.05,0.27,3.0,3.0,2.0,4.0,3.0,3.0,4.0,6.0,0.0,0.0,7.0,12.0,1.0,0.0,0.0,0.0,10.0,7.0,0.58,0.81,0.7,0.88,0.2,0.19,0.38,0.52,10.0,8.0,7.0,10.0,0.75,1.0,24.0,16.0,14.0,11.0,4.0,3.0,0.0,0.0,0.0,0.0,2.0,2.0,0.27,0.05,0.27,0.05,1
xhxxOmhe,BRAZIL,Serie A Betano 2026,BRAZIL 1,2026,RODADA 6,15/03/2026,16:00,Fluminense,Athletico-PR,3,2,2,1,"[9, 37, 90+4]","[5, 75]",1.57,5.0,3.6,2.1,5.0,2.2,1.05,9.0,1.3,3.45,1.93,1.85,3.3,1.33,6.25,1.11,1.22,4.2,2.05,1.75,4.33,1.2,1.91,1.8,1.25,1.14,2.3,2.11,0.54,0.79,0.21,24.0,4.0,10.0,2.0,5.0,2.0,7.0,1.0,0.93,0.73,3.57,0.83,9.0,2.0,5.0,0.0,20.0,3.0,4.0,1.0,2.0,0.0,40.0,6.0,1.0,0.0,2.0,0.0,9.0,14.0,0.52,0.5,0.87,0.38,0.4,0.5,1.35,0.26,14.0,14.0,14.0,9.0,0.91,0.54,38.0,37.0,16.0,24.0,5.0,8.0,1.0,2.0,0.0,0.0,0.0,7.0,0.83,3.57,-1.17,0.57,0.82,0.06,0.77,0.23,9.0,2.0,6.0,1.0,3.0,0.0,3.0,0.0,0.91,0.71,2.04,0.19,1.0,1.0,2.0,0.0,8.0,1.0,1.0,1.0,1.0,0.0,16.0,2.0,1.0,0.0,1.0,0.0,5.0,9.0,0.38,0.57,0.79,0.41,,,0.62,0.04,10.0,7.0,9.0,5.0,1.0,0.67,16.0,21.0,7.0,13.0,2.0,6.0,0.0,1.0,0.0,0.0,0.0,4.0,0.19,2.04,-0.81,0.04,1.29,0.48,0.81,0.19,15.0,2.0,4.0,1.0,2.0,2.0,4.0,1.0,0.95,0.75,1.53,0.64,8.0,1.0,3.0,0.0,12.0,2.0,3.0,0.0,1.0,0.0,24.0,4.0,0.0,0.0,1.0,0.0,4.0,5.0,0.75,0.42,0.92,0.35,0.57,0.5,0.73,0.22,4.0,7.0,5.0,4.0,0.86,0.43,22.0,16.0,9.0,11.0,3.0,2.0,1.0,1.0,0.0,0.0,0.0,3.0,0.64,1.53,-0.36,0.53,1
ULVJY46D,BRAZIL,Serie A Betano 2026,BRAZIL 1,2026,RODADA 6,15/03/2026,16:00,Internacional,Bahia,0,1,0,1,[],[23],2.11,3.28,3.18,2.85,4.04,2.05,1.07,9.0,1.36,3.2,2.08,1.73,3.75,1.29,8.0,1.08,1.29,3.5,2.25,1.57,5.5,1.14,1.87,1.87,1.32,1.3,1.63,1.65,0.85,0.53,0.47,14.0,7.0,2.0,1.0,3.0,1.0,7.0,1.0,0.8,0.79,0.42,0.99,9.0,2.0,3.0,4.0,10.0,4.0,4.0,3.0,0.0,0.0,27.0,12.0,0.0,1.0,3.0,3.0,20.0,20.0,0.47,0.26,0.72,0.62,0.23,0.33,0.59,0.4,31.0,16.0,20.0,20.0,0.58,0.67,68.0,66.0,16.0,52.0,6.0,3.0,0.0,1.0,0.0,0.0,1.0,2.0,0.99,0.42,-0.01,0.42,0.46,0.81,0.48,0.52,6.0,6.0,1.0,1.0,1.0,1.0,4.0,1.0,0.78,0.84,0.38,0.99,5.0,1.0,0.0,4.0,3.0,3.0,3.0,3.0,0.0,0.0,9.0,8.0,0.0,1.0,0.0,1.0,8.0,10.0,0.42,0.17,0.64,0.68,0.17,0.5,0.14,0.31,13.0,8.0,10.0,8.0,0.6,0.8,35.0,28.0,9.0,25.0,3.0,1.0,0.0,1.0,0.0,0.0,0.0,1.0,0.99,0.38,-0.01,0.38,1.19,0.04,0.59,0.41,8.0,1.0,1.0,0.0,2.0,0.0,3.0,0.0,0.82,0.71,0.04,0.0,4.0,1.0,3.0,0.0,7.0,1.0,1.0,0.0,0.0,0.0,18.0,4.0,0.0,0.0,3.0,2.0,12.0,10.0,0.54,0.33,0.78,0.52,0.29,0.0,0.45,0.09,18.0,8.0,10.0,12.0,0.55,0.57,33.0,38.0,7.0,27.0,3.0,2.0,0.0,0.0,0.0,0.0,1.0,1.0,0.0,0.04,0.0,0.04,1
ABaOqVEE,BRAZIL,Serie A Betano 2026,BRAZIL 1,2026,RODADA 6,15/03/2026,16:00,Santos,Corinthians,1,1,1,1,[21],[18],2.26,3.39,3.25,2.65,4.2,2.19,1.07,6.33,1.4,2.66,2.22,1.55,4.2,1.18,7.0,1.05,1.33,3.0,2.54,1.45,5.0,1.14,1.97,1.87,1.34,1.32,1.61,1.02,0.47,0.44,0.56,11.0,10.0,3.0,4.0,1.0,0.0,4.0,6.0,0.78,0.81,2.26,1.43,6.0,2.0,2.0,4.0,7.0,6.0,4.0,4.0,0.0,1.0,15.0,17.0,0.0,0.0,1.0,2.0,15.0,20.0,0.32,0.36,0.59,0.78,0.18,0.55,0.63,1.49,18.0,19.0,20.0,15.0,0.58,0.53,43.0,58.0,21.0,26.0,15.0,11.0,0.0,0.0,0.0,1.0,3.0,2.0,1.43,2.26,0.43,1.26,0.68,0.25,0.45,0.55,8.0,4.0,2.0,3.0,1.0,0.0,3.0,4.0,0.78,0.82,1.5,1.36,4.0,1.0,2.0,0.0,5.0,4.0,3.0,0.0,0.0,1.0,12.0,5.0,0.0,0.0,0.0,1.0,8.0,7.0,0.41,0.25,0.61,0.77,0.25,0.33,0.2,0.18,6.0,7.0,7.0,8.0,0.5,0.4,22.0,28.0,9.0,14.0,8.0,6.0,0.0,0.0,0.0,1.0,2.0,1.0,1.36,1.5,0.36,0.5,0.34,0.22,0.44,0.56,3.0,6.0,1.0,1.0,0.0,0.0,1.0,2.0,0.78,0.79,0.76,0.07,2.0,1.0,0.0,4.0,2.0,2.0,1.0,4.0,0.0,0.0,3.0,12.0,0.0,0.0,1.0,1.0,7.0,13.0,0.2,0.5,0.56,0.79,0.0,0.8,0.43,1.31,12.0,12.0,13.0,7.0,0.64,0.67,21.0,30.0,12.0,12.0,7.0,5.0,0.0,0.0,0.0,0.0,1.0,1.0,0.07,0.76,0.07,0.76,1
r57xMRM7,BRAZIL,Serie A Betano 2026,BRAZIL 1,2026,RODADA 6,14/03/2026,20:30,Botafogo,Flamengo,0,3,0,2,[],"[13, 45+2, 49]",3.4,2.05,3.14,4.0,2.75,2.1,1.06,7.8,1.32,3.2,2.05,1.69,3.4,1.29,6.4,1.09,1.24,3.7,2.17,1.63,4.7,1.16,1.84,1.85,1.3,1.63,1.27,0.75,1.38,0.42,0.58,7.0,18.0,1.0,6.0,0.0,2.0,2.0,4.0,0.86,0.9,0.01,2.18,4.0,7.0,2.0,5.0,3.0,10.0,4.0,8.0,0.0,0.0,9.0,20.0,0.0,1.0,0.0,1.0,10.0,16.0,0.5,0.77,0.65,0.78,0.11,0.22,0.45,1.24,20.0,13.0,16.0,10.0,0.7,0.61,32.0,58.0,12.0,18.0,12.0,10.0,0.0,0.0,0.0,0.0,3.0,1.0,2.18,0.01,-0.82,0.01,0.67,0.54,0.46,0.54,4.0,7.0,1.0,3.0,0.0,1.0,0.0,1.0,0.87,0.88,0.01,0.76,2.0,2.0,1.0,2.0,3.0,3.0,1.0,4.0,0.0,0.0,8.0,8.0,0.0,1.0,0.0,1.0,2.0,12.0,0.57,0.68,0.7,0.68,0.25,0.0,0.39,0.42,11.0,8.0,12.0,2.0,0.6,0.47,17.0,36.0,6.0,9.0,9.0,4.0,0.0,0.0,0.0,0.0,1.0,1.0,0.76,0.01,-1.24,0.01,0.08,0.84,0.39,0.61,3.0,11.0,0.0,3.0,0.0,1.0,2.0,3.0,0.85,0.93,0.0,1.42,2.0,5.0,1.0,3.0,0.0,7.0,3.0,4.0,0.0,0.0,1.0,12.0,0.0,0.0,0.0,0.0,8.0,4.0,0.44,0.93,0.57,0.84,0.0,0.33,0.06,0.82,9.0,5.0,4.0,8.0,0.8,0.88,15.0,22.0,6.0,9.0,3.0,6.0,0.0,0.0,0.0,0.0,2.0,0.0,1.42,0.0,0.42,0.0,1
jTuvv0rg,BRAZIL,Serie A Betano 2026,BRAZIL 1,2026,RODADA 6,14/03/2026,18:30,Vitória,Atlético-MG,2,0,1,0,"[20, 68]",[],2.58,2.9,3.05,3.07,3.37,2.01,1.06,8.5,1.3,3.25,1.96,1.78,3.33,1.3,6.66,1.1,1.27,3.4,2.2,1.6,5.33,1.11,1.79,1.95,1.33,1.4,1.49,0.46,1.17,0.33,0.67,9.0,12.0,4.0,3.0,0.0,3.0,4.0,10.0,0.75,0.84,0.88,0.92,4.0,7.0,1.0,2.0,7.0,9.0,2.0,3.0,0.0,0.0,10.0,25.0,0.0,1.0,2.0,2.0,13.0,18.0,0.26,0.48,0.6,0.73,0.15,0.23,0.15,1.23,19.0,28.0,18.0,13.0,0.76,0.61,52.0,67.0,41.0,23.0,9.0,7.0,0.0,1.0,0.0,0.0,3.0,2.0,0.92,0.88,0.92,-1.12,0.21,0.44,0.37,0.63,5.0,7.0,2.0,3.0,0.0,1.0,0.0,3.0,0.77,0.84,0.69,0.92,3.0,3.0,0.0,1.0,4.0,4.0,1.0,3.0,0.0,0.0,6.0,15.0,0.0,1.0,0.0,2.0,5.0,7.0,0.24,0.5,0.56,0.7,0.17,0.17,0.07,0.4,12.0,10.0,7.0,5.0,0.69,0.71,28.0,32.0,15.0,11.0,5.0,5.0,0.0,1.0,0.0,0.0,3.0,1.0,0.92,0.69,0.92,-0.31,0.25,0.73,0.3,0.7,4.0,5.0,2.0,0.0,0.0,2.0,4.0,7.0,0.72,0.85,0.19,0.0,1.0,4.0,1.0,1.0,3.0,5.0,1.0,0.0,0.0,0.0,4.0,10.0,0.0,0.0,2.0,0.0,8.0,11.0,0.27,0.47,0.63,0.76,0.14,0.28,0.08,0.83,7.0,18.0,11.0,8.0,0.89,0.55,24.0,35.0,26.0,12.0,4.0,2.0,0.0,0.0,0.0,0.0,0.0,1.0,0.0,0.19,0.0,-0.81,1
dYG29lw2,BRAZIL,Serie A Betano 2026,BRAZIL 1,2026,RODADA 5,12/03/2026,21:30,Grêmio,Red Bull Bragantino,1,1,1,0,[7],[66],2.03,3.56,3.6,2.63,4.14,2.18,1.03,9.0,1.29,3.3,1.96,1.71,3.31,1.29,7.0,1.07,1.36,2.88,2.88,1.36,7.5,1.06,1.77,1.95,1.31,1.31,1.76,1.56,1.66,0.39,0.61,13.0,20.0,6.0,8.0,4.0,2.0,4.0,6.0,0.78,0.83,1.53,0.85,5.0,10.0,2.0,2.0,9.0,11.0,4.0,9.0,0.0,0.0,21.0,22.0,0.0,0.0,1.0,2.0,13.0,13.0,0.49,0.48,0.56,0.73,0.47,0.18,0.94,1.21,13.0,16.0,13.0,13.0,0.62,0.64,53.0,59.0,17.0,17.0,11.0,9.0,0.0,0.0,0.0,0.0,7.0,4.0,0.85,1.53,-0.15,0.53,0.58,0.82,0.44,0.56,7.0,9.0,3.0,4.0,1.0,1.0,3.0,3.0,0.78,0.8,0.81,0.27,3.0,5.0,1.0,0.0,4.0,5.0,3.0,4.0,0.0,0.0,10.0,11.0,0.0,0.0,1.0,1.0,6.0,4.0,0.46,0.42,0.61,0.68,0.5,0.15,0.29,0.67,5.0,10.0,4.0,6.0,0.64,0.67,28.0,28.0,11.0,8.0,4.0,6.0,0.0,0.0,0.0,0.0,4.0,1.0,0.27,0.81,0.27,-0.19,0.98,0.84,0.34,0.66,6.0,11.0,3.0,4.0,3.0,1.0,1.0,3.0,0.79,0.86,0.72,0.58,2.0,5.0,1.0,2.0,5.0,6.0,1.0,5.0,0.0,0.0,11.0,11.0,0.0,0.0,0.0,1.0,7.0,9.0,0.52,0.52,0.5,0.76,0.45,0.22,0.65,0.54,8.0,6.0,9.0,7.0,0.6,0.62,25.0,31.0,6.0,9.0,7.0,3.0,0.0,0.0,0.0,0.0,3.0,3.0,0.58,0.72,-0.42,0.72,1
2Bu7KEo3,BRAZIL,Serie A Betano 2026,BRAZIL 1,2026,RODADA 5,12/03/2026,20:00,São Paulo,Chapecoense,2,0,0,0,"[47, 60]",[],1.44,6.73,4.65,2.05,5.96,2.41,1.04,9.2,1.25,3.7,1.77,1.94,2.9,1.38,5.2,1.14,1.3,3.2,2.32,1.37,7.0,1.07,1.89,1.85,1.18,1.11,2.51,1.52,0.57,0.63,0.37,18.0,7.0,7.0,1.0,2.0,1.0,11.0,6.0,0.84,0.72,2.56,0.42,7.0,4.0,4.0,2.0,9.0,3.0,9.0,4.0,1.0,0.0,27.0,15.0,0.0,0.0,3.0,0.0,12.0,13.0,0.45,0.39,0.76,0.64,0.18,0.1,1.09,0.62,13.0,32.0,13.0,12.0,0.55,0.6,44.0,47.0,30.0,47.0,9.0,5.0,0.0,1.0,0.0,0.0,1.0,5.0,0.42,2.56,0.42,0.56,0.56,0.07,0.66,0.34,10.0,3.0,3.0,1.0,0.0,0.0,6.0,3.0,0.84,0.74,0.87,0.42,5.0,1.0,2.0,1.0,5.0,1.0,5.0,2.0,0.0,0.0,15.0,8.0,0.0,0.0,1.0,0.0,6.0,5.0,0.44,0.46,0.75,0.67,0.23,0.08,0.73,0.14,10.0,19.0,5.0,6.0,0.5,0.33,27.0,23.0,13.0,31.0,6.0,1.0,0.0,1.0,0.0,0.0,1.0,3.0,0.42,0.87,0.42,0.87,0.96,0.5,0.6,0.4,8.0,4.0,4.0,0.0,2.0,1.0,5.0,3.0,0.83,0.7,1.69,0.0,2.0,3.0,2.0,1.0,4.0,2.0,4.0,2.0,1.0,0.0,12.0,7.0,0.0,0.0,2.0,0.0,6.0,8.0,0.46,0.32,0.79,0.63,0.13,0.13,0.36,0.48,3.0,13.0,8.0,6.0,0.67,0.71,17.0,24.0,17.0,16.0,3.0,4.0,0.0,0.0,0.0,0.0,0.0,2.0,0.0,1.69,0.0,-0.31,1
dEhLdBgd,BRAZIL,Serie A Betano 2026,BRAZIL 1,2026,RODADA 5,12/03/2026,19:30,Vasco,Palmeiras,2,1,0,1,"[63, 74]",[40],3.75,1.91,3.4,4.33,2.6,2.2,1.05,8.8,1.26,3.6,1.94,1.77,3.0,1.35,5.6,1.12,1.36,2.88,2.88,1.36,7.5,1.05,1.8,1.95,1.3,1.8,1.25,1.5,0.71,0.5,0.5,17.0,8.0,6.0,3.0,2.0,1.0,9.0,5.0,0.84,0.85,1.21,1.21,6.0,3.0,5.0,2.0,6.0,3.0,11.0,5.0,0.0,0.0,28.0,17.0,0.0,0.0,0.0,1.0,18.0,6.0,0.43,0.4,0.75,0.76,0.15,0.0,1.07,0.98,16.0,17.0,6.0,18.0,0.61,0.56,56.0,56.0,23.0,45.0,10.0,6.0,0.0,1.0,0.0,0.0,2.0,4.0,1.21,1.21,0.21,-0.79,0.3,0.09,0.49,0.51,5.0,4.0,1.0,1.0,0.0,0.0,4.0,3.0,0.84,0.86,0.02,0.65,1.0,1.0,3.0,2.0,1.0,1.0,4.0,3.0,0.0,0.0,11.0,9.0,0.0,0.0,0.0,1.0,13.0,2.0,0.5,0.39,0.74,0.82,0.06,0.0,0.37,0.34,8.0,5.0,2.0,13.0,0.75,0.55,30.0,25.0,9.0,28.0,3.0,3.0,0.0,1.0,0.0,0.0,0.0,1.0,0.65,0.02,-0.35,0.02,1.2,0.62,0.51,0.49,12.0,4.0,5.0,2.0,2.0,1.0,5.0,2.0,0.84,0.83,1.19,0.56,5.0,2.0,2.0,0.0,5.0,2.0,7.0,2.0,0.0,0.0,17.0,8.0,0.0,0.0,0.0,0.0,5.0,4.0,0.38,0.41,0.76,0.65,0.3,0.0,0.7,0.64,8.0,12.0,4.0,5.0,0.57,0.57,26.0,31.0,14.0,17.0,7.0,3.0,0.0,0.0,0.0,0.0,2.0,3.0,0.56,1.19,0.56,-0.81,1
4vvUP9Nr,BRAZIL,Serie A Betano 2026,BRAZIL 1,2026,RODADA 5,12/03/2026,19:00,Remo,Fluminense,0,2,0,1,[],"[16, 63]",3.35,2.16,3.1,4.0,2.85,1.95,1.06,8.2,1.31,3.25,2.07,1.67,3.35,1.3,6.2,1.1,1.38,2.29,3.2,1.3,8.0,1.05,1.85,1.85,1.3,1.65,1.3,0.85,2.22,0.33,0.67,10.0,15.0,3.0,7.0,1.0,2.0,6.0,4.0,0.81,0.89,1.16,2.74,4.0,5.0,3.0,3.0,4.0,9.0,6.0,6.0,0.0,1.0,14.0,32.0,0.0,0.0,2.0,5.0,14.0,11.0,0.46,0.65,0.65,0.81,0.13,0.3,0.75,1.17,12.0,13.0,11.0,14.0,0.33,0.63,47.0,53.0,20.0,29.0,6.0,6.0,0.0,0.0,0.0,0.0,5.0,3.0,2.74,1.16,0.74,1.16,0.65,1.29,0.35,0.65,6.0,9.0,2.0,4.0,1.0,1.0,1.0,4.0,0.82,0.9,0.93,1.46,3.0,2.0,1.0,3.0,3.0,5.0,3.0,4.0,0.0,1.0,7.0,13.0,0.0,0.0,0.0,3.0,7.0,4.0,0.57,0.69,0.61,0.83,0.38,0.25,0.34,0.44,9.0,4.0,4.0,7.0,0.25,0.7,24.0,27.0,11.0,16.0,2.0,2.0,0.0,0.0,0.0,0.0,3.0,2.0,1.46,0.93,0.46,0.93,0.2,0.93,0.32,0.68,4.0,6.0,1.0,3.0,0.0,1.0,5.0,0.0,0.8,0.88,0.23,1.28,1.0,3.0,2.0,0.0,1.0,4.0,3.0,2.0,0.0,0.0,7.0,19.0,0.0,0.0,2.0,2.0,7.0,7.0,0.35,0.61,0.68,0.79,0.0,0.5,0.41,0.73,3.0,9.0,7.0,7.0,0.4,0.5,23.0,26.0,9.0,13.0,4.0,4.0,0.0,0.0,0.0,0.0,2.0,1.0,1.28,0.23,0.28,0.23,1
bwZFIhGF,BRAZIL,Serie A Betano 2026,BRAZIL 1,2026,RODADA 5,11/03/2026,21:30,Corinthians,Coritiba,0,2,0,1,[],"[37, 53]",1.5,6.0,3.6,2.1,6.0,2.1,1.07,8.0,1.38,3.0,2.1,1.7,3.85,1.25,8.0,1.07,1.29,3.65,2.25,1.62,5.0,1.17,2.2,1.6,1.25,1.11,2.4,0.67,0.56,0.73,0.27,11.0,4.0,1.0,2.0,0.0,1.0,8.0,6.0,0.91,0.74,0.49,1.11,7.0,1.0,3.0,1.0,7.0,2.0,4.0,2.0,0.0,0.0,19.0,9.0,0.0,0.0,0.0,3.0,18.0,15.0,0.75,0.42,0.83,0.64,0.19,0.08,1.05,0.72,22.0,22.0,15.0,18.0,0.75,0.43,39.0,35.0,20.0,40.0,4.0,7.0,0.0,0.0,0.0,0.0,0.0,1.0,1.11,0.49,-0.89,0.49,0.27,0.04,0.67,0.33,3.0,1.0,0.0,1.0,0.0,0.0,2.0,3.0,0.91,0.77,0.0,0.55,2.0,0.0,1.0,0.0,2.0,1.0,1.0,0.0,0.0,0.0,5.0,4.0,0.0,0.0,0.0,1.0,9.0,10.0,0.81,0.47,0.84,0.62,0.14,0.17,0.41,0.08,10.0,9.0,10.0,9.0,0.75,0.6,19.0,16.0,9.0,13.0,2.0,7.0,0.0,0.0,0.0,0.0,0.0,0.0,0.55,0.0,-0.45,0.0,0.4,0.52,0.8,0.2,8.0,3.0,1.0,1.0,0.0,1.0,6.0,3.0,0.92,0.68,0.49,0.56,5.0,1.0,2.0,1.0,5.0,1.0,3.0,2.0,0.0,0.0,14.0,5.0,0.0,0.0,0.0,2.0,9.0,5.0,0.63,0.35,0.83,0.67,0.21,0.0,0.64,0.64,12.0,13.0,5.0,9.0,0.75,0.33,20.0,19.0,11.0,27.0,2.0,0.0,0.0,0.0,0.0,0.0,0.0,1.0,0.56,0.49,-0.44,0.49,1
za4CbXOq,BRAZIL,Serie A Betano 2026,BRAZIL 1,2026,RODADA 5,11/03/2026,21:30,Flamengo,Cruzeiro,2,0,1,0,"[5, 90+8]",[],1.62,6.0,3.8,2.2,5.8,2.18,1.01,11.0,1.25,3.6,1.85,1.85,3.2,1.3,6.5,1.08,1.33,3.0,2.75,1.4,7.0,1.07,1.83,1.9,1.25,1.15,2.35,1.24,0.58,0.44,0.56,15.0,13.0,7.0,4.0,1.0,1.0,4.0,7.0,0.86,0.87,2.22,0.98,6.0,3.0,2.0,6.0,12.0,10.0,3.0,3.0,2.0,0.0,24.0,23.0,3.0,0.0,0.0,1.0,13.0,19.0,0.55,0.51,0.73,0.77,0.22,0.37,1.16,0.7,7.0,23.0,19.0,13.0,0.83,0.54,43.0,52.0,29.0,13.0,12.0,8.0,1.0,1.0,0.0,2.0,4.0,4.0,0.98,2.22,0.98,0.22,0.82,0.33,0.44,0.56,9.0,6.0,3.0,3.0,0.0,1.0,1.0,4.0,0.88,0.87,0.78,0.83,5.0,1.0,1.0,2.0,9.0,5.0,0.0,1.0,1.0,0.0,13.0,9.0,2.0,0.0,0.0,1.0,5.0,11.0,0.67,0.55,0.77,0.82,0.33,0.45,0.74,0.35,3.0,13.0,11.0,5.0,0.71,0.43,21.0,28.0,15.0,0.0,4.0,5.0,0.0,1.0,0.0,1.0,3.0,1.0,0.83,0.78,0.83,-0.22,0.42,0.25,0.44,0.56,6.0,7.0,4.0,1.0,1.0,0.0,3.0,3.0,0.84,0.88,1.44,0.15,1.0,2.0,1.0,4.0,3.0,5.0,3.0,2.0,1.0,0.0,11.0,14.0,1.0,0.0,0.0,0.0,8.0,8.0,0.41,0.48,0.7,0.72,0.17,0.25,0.42,0.35,4.0,10.0,8.0,8.0,1.0,0.67,22.0,24.0,14.0,13.0,8.0,3.0,1.0,0.0,0.0,1.0,1.0,3.0,0.15,1.44,0.15,0.44,1
pfccVVaL,BRAZIL,Serie A Betano 2026,BRAZIL 1,2026,RODADA 5,11/03/2026,20:00,Bahia,Vitória,1,1,1,1,"[5, 45+6]",[45+2],1.68,4.75,3.4,2.25,5.0,2.25,1.05,9.5,1.25,3.66,1.81,1.96,2.9,1.37,5.33,1.13,1.22,3.75,2.05,1.7,4.5,1.15,1.76,1.95,1.26,1.17,1.92,1.95,0.48,0.63,0.37,13.0,6.0,7.0,2.0,2.0,0.0,7.0,3.0,0.89,0.81,1.96,0.21,4.0,3.0,2.0,1.0,7.0,5.0,6.0,1.0,2.0,0.0,22.0,7.0,1.0,0.0,0.0,2.0,19.0,17.0,0.63,0.39,0.8,0.53,0.21,0.33,0.64,0.19,20.0,14.0,17.0,19.0,0.42,0.71,67.0,52.0,23.0,28.0,5.0,11.0,0.0,0.0,1.0,0.0,1.0,6.0,0.21,1.96,-0.79,0.96,1.68,0.43,0.63,0.37,8.0,4.0,6.0,2.0,2.0,0.0,4.0,0.0,0.9,0.86,1.74,0.21,1.0,2.0,1.0,0.0,5.0,3.0,3.0,1.0,2.0,0.0,15.0,4.0,1.0,0.0,0.0,0.0,10.0,9.0,0.63,0.47,0.81,0.57,0.2,0.5,0.39,0.05,9.0,8.0,9.0,10.0,0.57,0.71,26.0,28.0,7.0,18.0,4.0,7.0,0.0,0.0,1.0,0.0,1.0,5.0,0.21,1.74,-0.79,0.74,0.27,0.05,0.63,0.37,5.0,2.0,1.0,0.0,0.0,0.0,3.0,3.0,0.87,0.75,0.22,0.0,3.0,1.0,1.0,1.0,2.0,2.0,3.0,0.0,0.0,0.0,7.0,3.0,0.0,0.0,0.0,2.0,9.0,8.0,0.63,0.33,0.78,0.51,0.22,0.29,0.25,0.14,11.0,6.0,8.0,9.0,0.35,0.71,41.0,24.0,16.0,10.0,1.0,4.0,0.0,0.0,0.0,0.0,0.0,1.0,0.0,0.22,0.0,0.22,1
jyEfBA8k,BRAZIL,Serie A Betano 2026,BRAZIL 1,2026,RODADA 5,11/03/2026,19:00,Atlético-MG,Internacional,1,0,1,0,[2],[],1.9,3.8,3.4,2.5,4.25,2.2,1.03,9.0,1.29,3.3,2.09,1.63,3.6,1.25,7.5,1.06,1.44,2.29,2.88,1.36,8.0,1.05,1.75,1.96,1.28,1.25,1.77,0.76,1.81,0.35,0.65,7.0,19.0,3.0,7.0,3.0,3.0,2.0,14.0,0.72,0.84,0.41,1.79,4.0,8.0,0.0,4.0,6.0,10.0,1.0,9.0,0.0,0.0,12.0,38.0,0.0,1.0,2.0,4.0,20.0,16.0,0.36,0.47,0.56,0.7,0.4,0.19,0.5,2.8,15.0,23.0,16.0,20.0,0.65,0.76,58.0,66.0,38.0,13.0,7.0,6.0,0.0,0.0,0.0,0.0,7.0,2.0,1.79,0.41,1.79,-0.59,0.19,0.3,0.37,0.63,3.0,7.0,1.0,0.0,1.0,0.0,2.0,4.0,0.75,0.86,0.07,0.0,2.0,5.0,0.0,2.0,2.0,2.0,1.0,5.0,0.0,0.0,7.0,8.0,0.0,1.0,1.0,2.0,9.0,9.0,0.26,0.45,0.5,0.71,0.4,0.13,0.28,0.7,8.0,9.0,9.0,9.0,0.71,0.75,22.0,35.0,11.0,7.0,5.0,4.0,0.0,0.0,0.0,0.0,0.0,0.0,0.0,0.07,0.0,-0.93,0.57,1.51,0.34,0.66,4.0,12.0,2.0,7.0,2.0,3.0,0.0,10.0,0.69,0.82,0.34,1.79,2.0,3.0,0.0,2.0,4.0,8.0,0.0,4.0,0.0,0.0,5.0,30.0,0.0,0.0,1.0,2.0,11.0,7.0,0.46,0.48,0.6,0.69,,,0.22,2.1,7.0,14.0,7.0,11.0,0.6,0.78,36.0,31.0,27.0,6.0,2.0,2.0,0.0,0.0,0.0,0.0,7.0,2.0,1.79,0.34,1.79,0.34,1
WjXNGWpS,BRAZIL,Serie A Betano 2026,BRAZIL 1,2026,RODADA 5,10/03/2026,21:30,Mirassol,Santos,2,2,1,0,"[21, 71]","[80, 88]",1.99,3.65,3.52,2.55,3.94,2.11,1.04,9.2,1.24,3.8,1.93,1.78,2.85,1.39,5.2,1.14,1.2,4.0,2.05,1.7,4.33,1.16,1.73,2.02,1.26,1.27,1.78,1.48,1.76,0.54,0.46,20.0,16.0,9.0,2.0,3.0,3.0,6.0,7.0,0.88,0.82,2.27,1.34,9.0,7.0,2.0,7.0,12.0,10.0,8.0,6.0,0.0,0.0,26.0,23.0,2.0,0.0,0.0,1.0,7.0,9.0,0.7,0.47,0.81,0.68,0.43,0.23,1.54,0.83,16.0,21.0,9.0,7.0,0.67,0.5,40.0,48.0,33.0,21.0,10.0,9.0,1.0,0.0,1.0,0.0,0.0,6.0,1.34,2.27,-0.66,0.27,1.02,0.56,0.51,0.49,10.0,11.0,3.0,0.0,1.0,1.0,0.0,6.0,0.9,0.84,0.93,0.0,6.0,5.0,1.0,6.0,5.0,8.0,5.0,3.0,0.0,0.0,10.0,16.0,1.0,0.0,0.0,0.0,2.0,4.0,0.74,0.47,0.85,0.71,0.5,0.24,0.92,0.63,11.0,9.0,4.0,2.0,0.33,0.67,15.0,22.0,21.0,7.0,6.0,4.0,0.0,0.0,0.0,0.0,0.0,2.0,0.0,0.93,0.0,-0.07,0.46,1.2,0.6,0.4,10.0,5.0,6.0,2.0,2.0,2.0,6.0,1.0,0.85,0.78,1.34,1.34,3.0,2.0,1.0,1.0,7.0,2.0,3.0,3.0,0.0,0.0,16.0,7.0,1.0,0.0,0.0,1.0,5.0,5.0,0.67,0.46,0.78,0.63,0.38,0.2,0.62,0.2,5.0,12.0,5.0,5.0,0.83,0.42,25.0,26.0,12.0,14.0,4.0,5.0,1.0,0.0,1.0,0.0,0.0,4.0,1.34,1.34,-0.66,0.34,1
t4kl8pdt,BRAZIL,Serie A Betano 2026,BRAZIL 1,2026,RODADA 4,26/02/2026,19:00,Santos,Vasco,2,1,1,1,"[25, 61]",[43],2.0,4.01,3.16,2.6,4.7,2.19,1.05,8.0,1.33,3.0,2.02,1.68,4.0,1.2,8.0,1.05,1.42,2.35,3.2,1.3,8.0,1.05,1.93,1.81,1.32,1.22,1.75,0.75,1.36,0.4,0.6,8.0,16.0,4.0,2.0,2.0,2.0,5.0,2.0,0.77,0.86,1.15,0.57,3.0,6.0,1.0,8.0,6.0,8.0,2.0,8.0,0.0,0.0,18.0,24.0,0.0,1.0,2.0,2.0,17.0,19.0,0.33,0.46,0.63,0.78,0.27,0.23,0.51,1.03,16.0,19.0,19.0,17.0,0.54,0.71,60.0,67.0,23.0,15.0,10.0,6.0,1.0,1.0,1.0,1.0,1.0,2.0,0.57,1.15,-0.43,-0.85,0.31,1.1,0.48,0.52,5.0,11.0,2.0,2.0,1.0,2.0,5.0,1.0,0.82,0.86,0.58,0.57,2.0,4.0,1.0,5.0,4.0,6.0,1.0,5.0,0.0,0.0,8.0,18.0,0.0,1.0,1.0,2.0,3.0,4.0,0.32,0.4,0.73,0.8,0.22,0.33,0.42,0.79,7.0,9.0,4.0,3.0,0.38,0.6,22.0,27.0,9.0,10.0,5.0,1.0,1.0,1.0,1.0,0.0,1.0,1.0,0.57,0.58,-0.43,-0.42,0.44,0.26,0.33,0.67,3.0,5.0,2.0,0.0,1.0,0.0,0.0,1.0,0.7,0.86,0.57,0.0,1.0,2.0,0.0,3.0,2.0,2.0,1.0,3.0,0.0,0.0,10.0,6.0,0.0,0.0,1.0,0.0,14.0,15.0,0.33,0.52,0.49,0.76,0.5,0.14,0.09,0.24,9.0,10.0,15.0,14.0,0.67,0.79,38.0,40.0,14.0,5.0,5.0,5.0,0.0,0.0,0.0,1.0,0.0,1.0,0.0,0.57,0.0,-0.43,1
zoPwpY9j,BRAZIL,Serie A Betano 2026,BRAZIL 1,2026,RODADA 4,25/02/2026,21:30,Grêmio,Atlético-MG,2,1,0,0,"[51, 66]",[56],2.1,3.25,3.3,2.88,3.75,2.2,1.03,9.0,1.27,3.46,2.09,1.63,3.16,1.32,7.5,1.06,1.43,2.33,2.66,1.36,6.0,1.06,1.8,1.95,1.33,1.33,1.67,0.93,0.41,0.63,0.37,18.0,8.0,7.0,2.0,1.0,1.0,6.0,3.0,0.89,0.73,1.16,0.23,5.0,2.0,6.0,4.0,6.0,2.0,12.0,6.0,1.0,0.0,10.0,5.0,0.0,0.0,2.0,0.0,5.0,14.0,0.62,0.3,0.81,0.63,0.11,0.2,0.99,0.22,18.0,13.0,14.0,5.0,0.5,0.47,38.0,51.0,15.0,34.0,13.0,9.0,0.0,0.0,1.0,0.0,1.0,5.0,0.23,1.16,-0.77,-0.84,0.28,0.09,0.67,0.33,9.0,2.0,1.0,0.0,0.0,0.0,5.0,0.0,0.87,0.65,0.06,0.0,4.0,0.0,4.0,2.0,3.0,0.0,6.0,2.0,1.0,0.0,6.0,1.0,0.0,0.0,1.0,0.0,2.0,7.0,0.45,0.29,0.8,0.47,0.13,0.0,0.22,0.03,8.0,6.0,7.0,2.0,0.57,0.56,18.0,27.0,4.0,19.0,6.0,4.0,0.0,0.0,0.0,0.0,0.0,1.0,0.0,0.06,0.0,0.06,0.65,0.32,0.6,0.4,9.0,6.0,6.0,2.0,1.0,1.0,1.0,3.0,0.91,0.8,1.1,0.23,1.0,2.0,2.0,2.0,3.0,2.0,6.0,4.0,0.0,0.0,4.0,4.0,0.0,0.0,1.0,0.0,3.0,7.0,0.76,0.31,0.82,0.73,0.09,0.25,0.77,0.19,10.0,7.0,7.0,3.0,0.45,0.4,20.0,24.0,11.0,15.0,7.0,5.0,0.0,0.0,1.0,0.0,1.0,4.0,0.23,1.1,-0.77,-0.9,1
065k6OQh,BRAZIL,Serie A Betano 2026,BRAZIL 1,2026,RODADA 4,25/02/2026,21:30,Palmeiras,Fluminense,2,1,2,1,"[9, 13]",[40],1.67,5.1,3.5,2.3,5.25,2.05,1.06,8.0,1.26,3.08,1.9,1.64,3.2,1.24,6.4,1.1,1.32,2.58,2.22,1.56,5.7,1.03,1.85,1.83,1.22,1.15,2.1,1.59,1.23,0.35,0.65,14.0,18.0,6.0,7.0,1.0,2.0,5.0,11.0,0.82,0.9,1.22,1.0,4.0,5.0,4.0,6.0,10.0,10.0,4.0,8.0,2.0,1.0,23.0,28.0,0.0,0.0,3.0,2.0,16.0,16.0,0.56,0.57,0.71,0.86,0.27,0.36,0.67,1.28,9.0,17.0,16.0,16.0,0.77,0.38,51.0,41.0,25.0,17.0,7.0,6.0,0.0,1.0,0.0,0.0,6.0,5.0,1.0,1.22,0.0,-0.78,1.14,0.52,0.31,0.69,7.0,10.0,4.0,4.0,1.0,1.0,1.0,7.0,0.8,0.9,1.09,0.59,2.0,2.0,1.0,4.0,5.0,6.0,2.0,4.0,0.0,0.0,11.0,18.0,0.0,0.0,2.0,2.0,9.0,7.0,0.48,0.53,0.53,0.88,0.5,0.38,0.35,0.61,2.0,9.0,7.0,9.0,1.0,0.4,25.0,18.0,14.0,6.0,4.0,2.0,0.0,0.0,0.0,0.0,3.0,3.0,0.59,1.09,-0.41,-0.91,0.45,0.71,0.39,0.61,7.0,8.0,2.0,3.0,0.0,1.0,4.0,4.0,0.84,0.9,0.13,0.41,2.0,3.0,3.0,2.0,5.0,4.0,2.0,4.0,2.0,1.0,12.0,10.0,0.0,0.0,1.0,0.0,7.0,9.0,0.63,0.61,0.79,0.83,0.22,0.33,0.32,0.67,7.0,8.0,9.0,7.0,0.57,0.38,26.0,23.0,11.0,11.0,3.0,4.0,0.0,1.0,0.0,0.0,3.0,2.0,0.41,0.13,0.41,0.13,1
Uoc62tQH,BRAZIL,Serie A Betano 2026,BRAZIL 1,2026,RODADA 4,25/02/2026,20:00,Cruzeiro,Corinthians,1,1,1,0,[9],[81],1.79,4.41,3.26,2.51,5.1,2.03,1.07,8.0,1.33,3.14,2.05,1.72,3.5,1.27,7.0,1.09,1.28,3.33,2.28,1.55,5.0,1.14,1.9,1.84,1.34,1.25,1.69,0.74,0.23,0.48,0.52,11.0,4.0,3.0,2.0,0.0,0.0,5.0,3.0,0.81,0.81,0.64,0.22,4.0,2.0,4.0,0.0,5.0,2.0,6.0,2.0,0.0,0.0,22.0,9.0,0.0,0.0,1.0,3.0,14.0,15.0,0.5,0.63,0.75,0.66,0.07,0.26,0.77,0.47,21.0,21.0,15.0,14.0,0.67,0.79,34.0,44.0,20.0,14.0,11.0,13.0,1.0,0.0,0.0,0.0,1.0,2.0,0.22,0.64,-0.78,-0.36,0.28,0.03,0.48,0.52,5.0,1.0,3.0,1.0,0.0,0.0,1.0,1.0,0.85,0.84,0.64,0.05,2.0,0.0,0.0,0.0,2.0,0.0,3.0,1.0,0.0,0.0,9.0,2.0,0.0,0.0,1.0,0.0,7.0,8.0,0.5,0.52,0.71,0.61,0.25,0.11,0.19,0.11,11.0,16.0,8.0,7.0,0.8,0.86,17.0,21.0,9.0,4.0,5.0,3.0,0.0,0.0,0.0,0.0,1.0,2.0,0.05,0.64,0.05,-0.36,0.46,0.2,0.49,0.51,6.0,3.0,0.0,1.0,0.0,0.0,4.0,2.0,0.78,0.78,0.0,0.17,2.0,2.0,4.0,0.0,3.0,2.0,3.0,1.0,0.0,0.0,13.0,7.0,0.0,0.0,0.0,3.0,7.0,7.0,0.5,0.72,0.77,0.68,0.0,0.4,0.58,0.36,10.0,5.0,7.0,7.0,0.5,0.71,17.0,23.0,11.0,10.0,6.0,10.0,1.0,0.0,0.0,0.0,0.0,0.0,0.17,0.0,-0.83,0.0,1
zyMP7y2c,BRAZIL,Serie A Betano 2026,BRAZIL 1,2026,RODADA 4,25/02/2026,19:30,Coritiba,São Paulo,0,1,0,0,[],[57],2.68,2.88,3.08,3.2,3.73,1.91,1.09,7.0,1.41,2.75,2.25,1.6,4.2,1.2,8.5,1.06,1.33,3.0,2.54,1.45,6.0,1.08,2.02,1.83,1.37,1.41,1.46,0.9,1.33,0.42,0.58,18.0,9.0,2.0,5.0,2.0,2.0,3.0,7.0,0.83,0.86,0.03,2.46,13.0,3.0,3.0,1.0,9.0,7.0,9.0,2.0,1.0,0.0,21.0,13.0,0.0,0.0,0.0,0.0,19.0,5.0,0.53,0.57,0.69,0.72,0.35,0.25,0.59,0.56,20.0,20.0,5.0,19.0,0.91,0.54,44.0,39.0,19.0,14.0,6.0,10.0,1.0,0.0,0.0,0.0,5.0,2.0,2.46,0.03,1.46,0.03,0.58,0.18,0.37,0.63,10.0,3.0,0.0,1.0,2.0,1.0,1.0,2.0,0.79,0.88,0.0,0.21,7.0,2.0,3.0,0.0,5.0,2.0,5.0,1.0,1.0,0.0,9.0,4.0,0.0,0.0,0.0,0.0,12.0,3.0,0.45,0.59,0.75,0.68,0.43,0.11,0.3,0.3,6.0,11.0,3.0,12.0,0.75,0.4,23.0,21.0,12.0,4.0,3.0,7.0,1.0,0.0,0.0,0.0,2.0,0.0,0.21,0.0,0.21,0.0,0.32,1.15,0.46,0.54,8.0,6.0,2.0,4.0,0.0,1.0,2.0,5.0,0.85,0.85,0.03,2.25,6.0,1.0,0.0,1.0,4.0,5.0,4.0,1.0,0.0,0.0,12.0,9.0,0.0,0.0,0.0,0.0,7.0,2.0,0.59,0.56,0.64,0.77,0.3,0.43,0.29,0.26,14.0,9.0,2.0,7.0,1.0,0.63,21.0,18.0,7.0,10.0,3.0,3.0,0.0,0.0,0.0,0.0,3.0,2.0,2.25,0.03,1.25,0.03,1
8W8c42e5,BRAZIL,Serie A Betano 2026,BRAZIL 1,2026,RODADA 4,25/02/2026,19:00,Red Bull Bragantino,Athletico-PR,1,1,1,0,[44],[79],2.1,3.45,3.35,2.85,4.15,2.16,1.08,6.8,1.4,2.7,1.92,1.79,4.3,1.19,8.2,1.05,1.42,2.35,3.3,1.29,9.0,1.03,1.75,1.99,1.29,1.28,1.68,0.64,1.0,0.39,0.61,7.0,18.0,3.0,6.0,1.0,3.0,2.0,7.0,0.72,0.84,0.34,1.2,3.0,8.0,1.0,4.0,3.0,9.0,4.0,9.0,0.0,0.0,12.0,18.0,1.0,1.0,2.0,2.0,16.0,18.0,0.4,0.45,0.58,0.78,0.33,0.26,0.34,0.7,15.0,23.0,18.0,16.0,0.73,0.64,46.0,40.0,30.0,9.0,8.0,3.0,0.0,0.0,0.0,0.0,5.0,2.0,1.2,0.34,0.2,-0.66,0.61,0.36,0.55,0.45,6.0,5.0,3.0,3.0,1.0,1.0,2.0,2.0,0.78,0.78,0.34,0.36,2.0,1.0,1.0,1.0,3.0,2.0,3.0,3.0,0.0,0.0,9.0,5.0,0.0,1.0,2.0,1.0,10.0,6.0,0.47,0.44,0.62,0.64,0.43,0.17,0.3,0.09,7.0,13.0,6.0,10.0,0.78,0.67,27.0,14.0,12.0,6.0,2.0,2.0,0.0,0.0,0.0,0.0,3.0,2.0,0.36,0.34,0.36,-0.66,0.03,0.64,0.24,0.76,1.0,13.0,0.0,3.0,0.0,2.0,0.0,5.0,0.58,0.88,0.0,0.84,1.0,7.0,0.0,3.0,0.0,7.0,1.0,6.0,0.0,0.0,3.0,13.0,1.0,0.0,0.0,1.0,6.0,12.0,0.37,0.45,0.54,0.83,0.0,0.29,0.04,0.61,8.0,10.0,12.0,6.0,0.67,0.6,19.0,26.0,18.0,3.0,6.0,1.0,0.0,0.0,0.0,0.0,2.0,0.0,0.84,0.0,-0.16,0.0,1
4GDt4g1M,BRAZIL,Serie A Betano 2026,BRAZIL 1,2026,RODADA 4,25/02/2026,19:00,Remo,Internacional,1,1,1,1,[14],[4],2.8,2.4,3.0,3.5,3.1,2.0,1.08,7.5,1.4,2.9,2.15,1.67,4.0,1.22,8.0,1.07,1.29,3.65,2.25,1.62,5.0,1.17,1.91,1.8,1.36,1.53,1.4,1.4,1.17,0.41,0.59,11.0,18.0,7.0,4.0,3.0,1.0,7.0,12.0,0.75,0.83,1.33,0.58,2.0,11.0,2.0,3.0,6.0,10.0,5.0,8.0,0.0,1.0,17.0,42.0,1.0,0.0,1.0,4.0,14.0,16.0,0.44,0.48,0.6,0.73,0.14,0.36,0.86,1.73,22.0,16.0,16.0,14.0,0.7,0.46,46.0,46.0,26.0,25.0,16.0,8.0,0.0,1.0,0.0,1.0,3.0,5.0,0.58,1.33,-0.42,0.33,1.18,0.71,0.4,0.6,5.0,8.0,4.0,3.0,3.0,1.0,2.0,8.0,0.73,0.82,1.07,0.56,0.0,3.0,1.0,2.0,3.0,5.0,2.0,3.0,0.0,0.0,6.0,20.0,0.0,0.0,0.0,4.0,6.0,5.0,0.4,0.33,0.52,0.75,0.29,0.33,0.59,0.44,9.0,10.0,5.0,6.0,0.83,0.5,16.0,23.0,13.0,10.0,11.0,4.0,0.0,1.0,0.0,1.0,2.0,2.0,0.56,1.07,-0.44,0.07,0.22,0.46,0.42,0.58,6.0,10.0,3.0,1.0,0.0,0.0,5.0,4.0,0.76,0.84,0.26,0.02,2.0,8.0,1.0,1.0,3.0,5.0,3.0,5.0,0.0,1.0,11.0,22.0,1.0,0.0,1.0,0.0,8.0,11.0,0.5,0.61,0.67,0.72,0.07,0.4,0.27,1.29,13.0,6.0,11.0,8.0,0.64,0.43,30.0,23.0,13.0,15.0,5.0,4.0,0.0,0.0,0.0,0.0,1.0,3.0,0.02,0.26,0.02,0.26,1
4ts9tvn1,BRAZIL,Serie A Betano 2026,BRAZIL 1,2026,RODADA 2,19/02/2026,19:30,Athletico-PR,Corinthians,0,1,0,1,[16],[20],2.64,2.93,2.93,3.35,3.65,2.01,1.1,7.2,1.44,2.82,2.4,1.58,4.4,1.21,9.4,1.06,1.33,3.2,2.5,1.51,5.9,1.12,1.95,1.8,1.38,1.38,1.45,2.05,0.15,0.56,0.44,19.0,4.0,5.0,1.0,4.0,0.0,8.0,0.0,0.85,0.75,0.32,0.13,12.0,0.0,2.0,3.0,11.0,0.0,8.0,4.0,0.0,0.0,35.0,3.0,1.0,0.0,3.0,1.0,10.0,15.0,0.64,0.29,0.67,0.42,0.11,0.0,0.52,0.08,19.0,17.0,15.0,10.0,0.7,0.71,36.0,43.0,8.0,32.0,11.0,2.0,1.0,3.0,0.0,0.0,0.0,4.0,0.13,0.32,-0.87,0.32,1.59,0.11,0.5,0.5,7.0,3.0,2.0,1.0,4.0,0.0,5.0,0.0,0.85,0.78,0.04,0.13,5.0,0.0,0.0,2.0,6.0,0.0,1.0,3.0,0.0,0.0,16.0,2.0,0.0,0.0,1.0,1.0,4.0,8.0,0.71,0.3,0.71,0.38,0.0,0.0,0.1,0.03,7.0,11.0,8.0,4.0,0.67,0.6,19.0,21.0,3.0,12.0,5.0,1.0,0.0,2.0,0.0,0.0,0.0,1.0,0.13,0.04,-0.87,0.04,0.46,0.04,0.61,0.39,12.0,1.0,3.0,0.0,0.0,0.0,3.0,0.0,0.85,0.71,0.28,0.0,7.0,0.0,2.0,1.0,5.0,0.0,7.0,1.0,0.0,0.0,19.0,1.0,1.0,0.0,2.0,0.0,6.0,7.0,0.55,0.28,0.66,0.45,0.18,0.0,0.42,0.05,12.0,6.0,7.0,6.0,0.75,0.78,17.0,22.0,5.0,20.0,6.0,1.0,1.0,1.0,0.0,0.0,0.0,3.0,0.0,0.28,0.0,0.28,1
WUwqa7JP,BRAZIL,Serie A Betano 2026,BRAZIL 1,2026,RODADA 3,12/02/2026,21:30,Internacional,Palmeiras,1,3,1,1,[36],"[23, 52, 82]",3.17,2.19,3.12,3.88,2.97,2.03,1.07,8.0,1.33,3.25,2.05,1.75,3.5,1.28,7.0,1.09,1.3,3.2,2.28,1.55,4.5,1.15,1.79,1.96,1.33,1.58,1.32,2.15,0.91,0.62,0.38,26.0,11.0,4.0,7.0,1.0,1.0,16.0,4.0,0.87,0.8,1.19,2.29,9.0,3.0,13.0,1.0,18.0,7.0,8.0,4.0,1.0,0.0,45.0,13.0,0.0,0.0,1.0,3.0,8.0,13.0,0.63,0.54,0.81,0.59,0.27,0.5,1.22,0.27,20.0,20.0,13.0,8.0,0.7,0.53,51.0,51.0,10.0,42.0,8.0,12.0,0.0,0.0,1.0,0.0,4.0,3.0,2.29,1.19,-0.71,0.19,0.6,0.31,0.52,0.48,10.0,7.0,2.0,4.0,0.0,0.0,7.0,4.0,0.86,0.87,0.86,0.87,4.0,2.0,4.0,1.0,6.0,4.0,4.0,3.0,0.0,0.0,18.0,8.0,0.0,0.0,1.0,1.0,3.0,9.0,0.67,0.68,0.78,0.67,0.29,0.5,0.55,0.12,7.0,12.0,9.0,3.0,0.64,0.56,28.0,28.0,6.0,17.0,4.0,7.0,0.0,0.0,0.0,0.0,3.0,1.0,0.87,0.86,-0.13,-0.14,1.55,0.6,0.71,0.29,16.0,4.0,2.0,3.0,1.0,1.0,9.0,0.0,0.88,0.71,0.33,1.42,5.0,1.0,9.0,0.0,12.0,3.0,4.0,1.0,1.0,0.0,27.0,5.0,0.0,0.0,0.0,2.0,5.0,4.0,0.6,0.39,0.82,0.52,,,0.67,0.15,13.0,8.0,4.0,5.0,0.78,0.5,23.0,23.0,4.0,25.0,4.0,5.0,0.0,0.0,1.0,0.0,1.0,2.0,1.42,0.33,-0.58,0.33,1
ttBjgHV6,BRAZIL,Serie A Betano 2026,BRAZIL 1,2026,RODADA 3,12/02/2026,20:00,Corinthians,Red Bull Bragantino,2,0,0,0,"[47, 74]",[59],2.1,4.2,2.75,2.62,4.5,2.05,1.07,7.2,1.35,3.05,2.0,1.73,3.65,1.26,7.0,1.08,1.42,2.36,2.98,1.29,7.0,1.03,1.85,1.85,1.41,1.22,1.62,0.99,1.27,0.6,0.4,13.0,9.0,5.0,4.0,2.0,1.0,3.0,3.0,0.83,0.79,1.72,1.03,7.0,3.0,1.0,2.0,9.0,3.0,4.0,6.0,0.0,0.0,17.0,10.0,0.0,0.0,4.0,1.0,24.0,17.0,0.6,0.45,0.65,0.58,0.3,0.1,0.48,0.26,27.0,22.0,17.0,24.0,0.7,0.57,49.0,40.0,13.0,16.0,9.0,8.0,2.0,0.0,0.0,0.0,4.0,3.0,1.03,1.72,1.03,-0.28,0.09,0.25,0.67,0.33,2.0,7.0,1.0,3.0,0.0,0.0,1.0,2.0,0.84,0.75,0.13,0.25,1.0,3.0,0.0,1.0,1.0,1.0,1.0,6.0,0.0,0.0,5.0,3.0,0.0,0.0,2.0,1.0,10.0,7.0,0.64,0.4,0.58,0.51,0.33,0.2,0.1,0.1,15.0,14.0,7.0,10.0,0.67,0.63,23.0,20.0,6.0,7.0,6.0,5.0,2.0,0.0,0.0,0.0,3.0,1.0,0.25,0.13,0.25,0.13,0.9,1.02,0.52,0.48,11.0,2.0,4.0,1.0,2.0,1.0,2.0,1.0,0.81,0.82,1.59,0.78,6.0,0.0,1.0,1.0,8.0,2.0,3.0,0.0,0.0,0.0,12.0,7.0,0.0,0.0,2.0,0.0,14.0,10.0,0.54,0.5,0.71,0.65,0.29,0.0,0.38,0.16,12.0,8.0,10.0,14.0,0.75,0.5,26.0,20.0,7.0,9.0,3.0,3.0,0.0,0.0,0.0,0.0,1.0,2.0,0.78,1.59,0.78,-0.41,1
SES32L8K,BRAZIL,Serie A Betano 2026,BRAZIL 1,2026,RODADA 3,12/02/2026,19:30,Fluminense,Botafogo,1,0,0,0,[55],[],2.36,3.0,3.4,3.0,3.5,2.12,1.06,7.8,1.32,3.2,1.99,1.73,3.4,1.29,6.4,1.09,1.25,3.42,2.18,1.64,4.55,1.15,1.86,1.87,1.3,1.38,1.54,1.55,0.34,0.48,0.52,10.0,5.0,5.0,3.0,3.0,0.0,4.0,0.0,0.8,0.79,1.57,0.54,4.0,1.0,1.0,1.0,8.0,2.0,2.0,3.0,1.0,1.0,24.0,7.0,0.0,0.0,1.0,0.0,11.0,18.0,0.45,0.38,0.65,0.7,0.1,0.22,0.51,0.44,23.0,20.0,18.0,11.0,0.65,0.64,45.0,49.0,18.0,21.0,14.0,6.0,0.0,0.0,0.0,1.0,3.0,4.0,0.54,1.57,0.54,0.57,0.23,0.0,0.52,0.48,5.0,0.0,1.0,0.0,1.0,0.0,3.0,0.0,0.79,0.74,0.21,0.0,3.0,0.0,1.0,0.0,3.0,0.0,2.0,0.0,1.0,0.0,11.0,2.0,0.0,0.0,1.0,0.0,7.0,11.0,0.41,0.4,0.59,0.6,0.17,0.0,0.2,0.07,11.0,10.0,11.0,7.0,0.5,1.0,25.0,23.0,5.0,12.0,8.0,2.0,0.0,0.0,0.0,0.0,0.0,1.0,0.0,0.21,0.0,0.21,1.32,0.34,0.44,0.56,5.0,5.0,4.0,3.0,2.0,0.0,1.0,0.0,0.81,0.84,1.36,0.54,1.0,1.0,0.0,1.0,5.0,2.0,0.0,3.0,0.0,1.0,13.0,5.0,0.0,0.0,0.0,0.0,4.0,7.0,0.5,0.33,0.72,0.74,0.0,0.25,0.31,0.37,12.0,10.0,7.0,4.0,0.86,0.56,20.0,26.0,13.0,9.0,6.0,4.0,0.0,0.0,0.0,1.0,3.0,3.0,0.54,1.36,0.54,0.36,1
0pUEgosm,BRAZIL,Serie A Betano 2026,BRAZIL 1,2026,RODADA 3,12/02/2026,19:00,Athletico-PR,Santos,2,1,1,1,"[6, 90+1]",[17],2.53,2.77,3.17,3.35,3.61,2.09,1.08,7.0,1.37,2.9,2.03,1.7,3.85,1.24,7.4,1.07,1.3,3.13,2.37,1.49,5.49,1.1,1.79,1.93,1.32,1.4,1.47,2.3,0.97,0.56,0.44,13.0,10.0,5.0,5.0,5.0,1.0,8.0,2.0,0.81,0.77,2.24,1.92,3.0,2.0,5.0,3.0,10.0,6.0,3.0,4.0,0.0,0.0,27.0,16.0,1.0,0.0,1.0,3.0,15.0,15.0,0.41,0.4,0.61,0.62,0.3,0.17,1.07,0.48,28.0,22.0,15.0,15.0,0.6,0.59,39.0,51.0,27.0,30.0,9.0,14.0,0.0,0.0,0.0,0.0,4.0,3.0,1.92,2.24,0.92,0.24,1.19,0.41,0.52,0.48,5.0,6.0,2.0,2.0,2.0,0.0,3.0,0.0,0.82,0.82,0.96,0.69,1.0,2.0,2.0,2.0,4.0,3.0,1.0,3.0,0.0,0.0,10.0,6.0,0.0,0.0,1.0,2.0,6.0,8.0,0.48,0.41,0.63,0.61,0.14,0.0,0.15,0.07,9.0,14.0,8.0,6.0,0.63,0.6,18.0,25.0,10.0,9.0,4.0,7.0,0.0,0.0,0.0,0.0,1.0,1.0,0.69,0.96,-0.31,-0.04,1.11,0.56,0.62,0.38,8.0,4.0,3.0,3.0,3.0,1.0,5.0,2.0,0.79,0.71,1.28,1.23,2.0,0.0,3.0,1.0,6.0,3.0,2.0,1.0,0.0,0.0,17.0,10.0,1.0,0.0,0.0,1.0,9.0,7.0,0.32,0.39,0.6,0.62,0.38,0.33,0.92,0.41,19.0,8.0,7.0,9.0,0.5,0.57,21.0,26.0,17.0,21.0,5.0,7.0,0.0,0.0,0.0,0.0,3.0,2.0,1.23,1.28,1.23,0.28,1
pEHsew1f,BRAZIL,Serie A Betano 2026,BRAZIL 1,2026,RODADA 3,11/02/2026,21:30,São Paulo,Grêmio,2,0,1,0,"[24, 59, 64]",[],2.1,3.25,3.4,2.6,4.2,2.05,1.03,9.0,1.3,3.2,2.1,1.65,4.0,1.2,8.0,1.05,1.36,2.88,3.0,1.33,8.0,1.05,1.85,1.85,1.25,1.29,1.62,4.71,0.28,0.57,0.43,18.0,5.0,4.0,1.0,5.0,0.0,3.0,3.0,0.9,0.83,2.35,0.51,12.0,4.0,2.0,0.0,12.0,4.0,6.0,1.0,1.0,0.0,30.0,13.0,1.0,0.0,2.0,0.0,16.0,11.0,0.55,0.53,0.83,0.57,0.28,0.46,2.1,0.41,11.0,11.0,11.0,16.0,0.67,0.75,42.0,41.0,11.0,22.0,10.0,5.0,0.0,3.0,0.0,0.0,1.0,2.0,0.51,2.35,0.51,0.35,1.08,0.13,0.53,0.47,4.0,2.0,1.0,0.0,1.0,0.0,0.0,2.0,0.91,0.86,0.79,0.0,3.0,2.0,0.0,0.0,2.0,1.0,2.0,1.0,0.0,0.0,10.0,7.0,0.0,0.0,2.0,0.0,9.0,7.0,0.63,0.64,0.8,0.57,0.17,0.5,0.46,0.17,7.0,6.0,7.0,9.0,0.71,0.73,19.0,27.0,7.0,13.0,8.0,4.0,0.0,1.0,0.0,0.0,0.0,0.0,0.0,0.79,0.0,-0.21,3.63,0.15,0.63,0.37,14.0,3.0,3.0,1.0,4.0,0.0,3.0,1.0,0.89,0.79,1.56,0.51,9.0,2.0,2.0,0.0,10.0,3.0,4.0,0.0,1.0,0.0,20.0,6.0,1.0,0.0,0.0,0.0,7.0,4.0,0.4,0.41,0.84,0.59,0.33,0.4,1.64,0.24,4.0,5.0,4.0,7.0,0.6,0.8,23.0,14.0,4.0,9.0,2.0,1.0,0.0,2.0,0.0,0.0,1.0,2.0,0.51,1.56,0.51,0.56,1
Cn4zcaWs,BRAZIL,Serie A Betano 2026,BRAZIL 1,2026,RODADA 3,11/02/2026,21:30,Vasco,Bahia,0,1,0,1,[],[22],2.42,3.05,3.25,3.1,3.65,2.02,1.07,7.6,1.35,3.05,2.06,1.68,3.65,1.26,7.0,1.08,1.29,3.5,2.32,1.59,5.25,1.15,1.83,1.91,1.33,1.4,1.6,1.71,0.38,0.62,0.38,26.0,8.0,4.0,3.0,0.0,0.0,8.0,4.0,0.84,0.78,1.93,0.43,15.0,3.0,7.0,2.0,16.0,3.0,10.0,5.0,0.0,0.0,49.0,7.0,1.0,1.0,0.0,3.0,14.0,15.0,0.43,0.32,0.79,0.67,0.27,0.0,1.59,0.43,23.0,13.0,15.0,14.0,0.7,0.72,52.0,53.0,19.0,50.0,8.0,16.0,1.0,1.0,0.0,0.0,2.0,4.0,0.43,1.93,-0.57,1.93,1.21,0.27,0.5,0.5,14.0,6.0,4.0,3.0,0.0,0.0,5.0,4.0,0.79,0.83,1.93,0.43,6.0,1.0,4.0,2.0,11.0,2.0,3.0,4.0,0.0,0.0,29.0,4.0,1.0,0.0,0.0,2.0,6.0,6.0,0.29,0.41,0.75,0.75,0.35,0.0,0.87,0.2,10.0,7.0,6.0,6.0,0.67,0.75,25.0,21.0,12.0,24.0,3.0,6.0,0.0,1.0,0.0,0.0,2.0,4.0,0.43,1.93,-0.57,1.93,0.5,0.11,0.74,0.26,12.0,2.0,0.0,0.0,0.0,0.0,3.0,0.0,0.88,0.68,0.0,0.0,9.0,2.0,3.0,0.0,5.0,1.0,7.0,1.0,0.0,0.0,20.0,3.0,0.0,1.0,0.0,1.0,8.0,9.0,0.64,0.24,0.81,0.52,0.22,0.0,0.72,0.23,13.0,6.0,9.0,8.0,0.75,0.71,27.0,32.0,7.0,26.0,5.0,10.0,1.0,0.0,0.0,0.0,0.0,0.0,0.0,0.0,0.0,0.0,1
bkuLfER1,BRAZIL,Serie A Betano 2026,BRAZIL 1,2026,RODADA 3,11/02/2026,20:00,Atlético-MG,Remo,3,3,1,1,"[22, 70, 90+9]","[42, 87, 90+2]",1.5,6.99,3.98,1.97,6.72,2.16,1.06,8.5,1.33,3.1,2.05,1.71,3.66,1.25,7.0,1.09,1.28,3.33,2.28,1.55,4.5,1.15,2.13,1.66,1.2,1.1,2.5,2.75,2.37,0.59,0.41,18.0,18.0,8.0,6.0,9.0,5.0,6.0,5.0,0.86,0.81,3.12,2.36,7.0,5.0,3.0,7.0,13.0,11.0,5.0,7.0,2.0,0.0,30.0,20.0,0.0,1.0,2.0,5.0,14.0,11.0,0.48,0.5,0.72,0.69,0.21,0.11,1.53,0.73,22.0,18.0,11.0,14.0,0.14,0.64,35.0,45.0,26.0,30.0,14.0,10.0,0.0,0.0,1.0,1.0,3.0,5.0,2.36,3.12,-0.64,0.12,1.51,1.24,0.52,0.48,10.0,8.0,4.0,1.0,6.0,2.0,3.0,1.0,0.84,0.81,1.36,0.9,5.0,2.0,1.0,5.0,9.0,5.0,1.0,3.0,2.0,0.0,17.0,7.0,0.0,1.0,1.0,3.0,5.0,8.0,0.44,0.55,0.71,0.6,0.22,0.0,0.96,0.52,10.0,11.0,8.0,5.0,0.5,0.63,18.0,20.0,18.0,11.0,9.0,2.0,0.0,0.0,0.0,1.0,0.0,3.0,0.9,1.36,-0.1,0.36,1.24,1.13,0.65,0.35,8.0,10.0,4.0,5.0,3.0,3.0,3.0,4.0,0.87,0.81,1.76,1.46,2.0,3.0,2.0,2.0,4.0,6.0,4.0,4.0,0.0,0.0,13.0,13.0,0.0,0.0,1.0,2.0,9.0,3.0,0.52,0.42,0.72,0.76,0.2,0.17,0.57,0.21,12.0,7.0,3.0,9.0,0.0,0.64,17.0,25.0,8.0,19.0,5.0,8.0,0.0,0.0,1.0,0.0,3.0,2.0,1.46,1.76,-0.54,-0.24,1
UPLVk3tC,BRAZIL,Serie A Betano 2026,BRAZIL 1,2026,RODADA 3,11/02/2026,19:00,Chapecoense,Coritiba,3,3,1,1,"[45, 71, 90+1]","[41, 57, 59]",2.4,3.1,3.05,3.25,3.92,2.03,1.08,6.8,1.4,2.75,2.24,1.58,4.0,1.22,7.8,1.06,1.41,2.19,3.3,1.19,7.0,1.01,1.86,1.86,1.35,1.33,1.5,2.39,2.0,0.51,0.49,21.0,13.0,8.0,5.0,2.0,5.0,6.0,5.0,0.86,0.85,1.84,2.83,7.0,6.0,6.0,2.0,11.0,8.0,10.0,5.0,0.0,0.0,17.0,16.0,0.0,0.0,0.0,0.0,8.0,4.0,0.5,0.59,0.69,0.64,0.27,0.27,1.07,0.47,21.0,12.0,4.0,8.0,0.57,0.5,41.0,34.0,12.0,25.0,5.0,10.0,0.0,0.0,1.0,1.0,2.0,5.0,2.83,1.84,-0.17,-1.16,1.45,0.44,0.41,0.59,8.0,5.0,3.0,2.0,2.0,1.0,1.0,3.0,0.85,0.88,1.08,1.05,5.0,2.0,0.0,1.0,3.0,3.0,5.0,2.0,0.0,0.0,4.0,7.0,0.0,0.0,0.0,0.0,5.0,3.0,0.48,0.58,0.65,0.71,0.43,0.14,0.47,0.17,8.0,4.0,3.0,5.0,0.5,0.6,22.0,17.0,8.0,8.0,3.0,5.0,0.0,0.0,1.0,1.0,1.0,2.0,1.05,1.08,0.05,0.08,0.94,1.56,0.65,0.35,13.0,8.0,5.0,3.0,0.0,4.0,5.0,2.0,0.86,0.78,0.76,1.78,2.0,4.0,6.0,1.0,8.0,5.0,5.0,3.0,0.0,0.0,13.0,9.0,0.0,0.0,0.0,0.0,3.0,1.0,0.52,0.61,0.71,0.54,0.2,0.5,0.6,0.3,13.0,8.0,1.0,3.0,0.67,0.43,19.0,17.0,4.0,17.0,2.0,5.0,0.0,0.0,0.0,0.0,1.0,3.0,1.78,0.76,-0.22,-1.24,1
Eg9bie0J,BRAZIL,Serie A Betano 2026,BRAZIL 1,2026,RODADA 3,11/02/2026,19:00,Mirassol,Cruzeiro,2,2,1,1,"[38, 53]","[23, 85]",2.65,2.65,3.05,2.95,3.5,2.08,1.06,8.0,1.31,3.25,1.96,1.75,3.35,1.3,6.2,1.1,1.3,3.14,2.37,1.49,5.42,1.1,1.75,1.93,1.34,1.42,1.41,2.43,1.55,0.56,0.44,20.0,9.0,11.0,4.0,5.0,1.0,9.0,0.0,0.87,0.79,2.14,1.85,4.0,2.0,5.0,3.0,14.0,6.0,6.0,3.0,1.0,0.0,33.0,14.0,0.0,0.0,2.0,0.0,10.0,12.0,0.69,0.27,0.81,0.67,0.12,0.0,0.8,0.38,16.0,24.0,12.0,10.0,0.47,0.63,39.0,40.0,10.0,25.0,8.0,11.0,0.0,2.0,0.0,0.0,2.0,9.0,1.85,2.14,-0.15,0.14,2.04,0.53,0.57,0.43,14.0,6.0,7.0,3.0,5.0,0.0,5.0,0.0,0.88,0.81,1.22,0.99,3.0,1.0,4.0,2.0,10.0,4.0,4.0,2.0,1.0,0.0,19.0,8.0,0.0,0.0,0.0,0.0,3.0,6.0,0.87,0.33,0.85,0.67,0.24,0.0,0.69,0.1,10.0,11.0,6.0,3.0,0.6,0.7,18.0,24.0,6.0,15.0,6.0,8.0,0.0,1.0,0.0,0.0,2.0,6.0,0.99,1.22,-0.01,0.22,0.39,1.02,0.56,0.44,6.0,3.0,4.0,1.0,0.0,1.0,4.0,0.0,0.85,0.75,0.92,0.86,1.0,1.0,1.0,1.0,4.0,2.0,2.0,1.0,0.0,0.0,14.0,6.0,0.0,0.0,2.0,0.0,7.0,6.0,0.5,0.21,0.73,0.66,0.0,0.0,0.11,0.28,6.0,13.0,6.0,7.0,0.2,0.5,21.0,16.0,4.0,10.0,2.0,3.0,0.0,1.0,0.0,0.0,0.0,3.0,0.86,0.92,-0.14,-0.08,1
MaINiPBa,BRAZIL,Serie A Betano 2026,BRAZIL 1,2026,RODADA 3,10/02/2026,21:30,Vitória,Flamengo,1,2,0,2,"[51, 64]","[15, 45+4]",7.0,1.52,3.87,6.46,2.04,2.36,1.06,10.0,1.3,3.55,1.92,1.88,3.35,1.33,6.5,1.12,1.25,3.85,2.15,1.68,4.9,1.17,2.01,1.75,1.24,2.3,1.11,1.65,0.52,0.44,0.56,10.0,6.0,3.0,2.0,3.0,1.0,7.0,2.0,0.75,0.8,0.84,0.93,2.0,3.0,5.0,1.0,8.0,4.0,2.0,2.0,0.0,0.0,16.0,9.0,2.0,0.0,2.0,3.0,21.0,12.0,0.3,0.35,0.6,0.73,0.05,0.67,0.88,0.4,32.0,25.0,12.0,21.0,0.38,0.69,57.0,39.0,11.0,43.0,10.0,9.0,0.0,0.0,0.0,0.0,0.0,2.0,0.93,0.84,-1.07,-0.16,0.56,0.31,0.49,0.51,5.0,2.0,1.0,2.0,1.0,1.0,3.0,0.0,0.73,0.75,0.12,0.93,1.0,0.0,3.0,0.0,4.0,1.0,1.0,1.0,0.0,0.0,7.0,1.0,1.0,0.0,1.0,0.0,11.0,6.0,0.33,0.28,0.69,0.64,0.0,0.0,0.47,0.08,21.0,14.0,6.0,11.0,0.33,0.75,31.0,23.0,4.0,19.0,4.0,4.0,0.0,0.0,0.0,0.0,0.0,1.0,0.93,0.12,-1.07,0.12,1.09,0.21,0.4,0.6,5.0,4.0,2.0,0.0,2.0,0.0,4.0,2.0,0.76,0.84,0.72,0.0,1.0,3.0,2.0,1.0,4.0,3.0,1.0,1.0,0.0,0.0,9.0,8.0,1.0,0.0,1.0,3.0,10.0,6.0,0.28,0.44,0.43,0.77,0.1,1.0,0.41,0.32,11.0,11.0,6.0,10.0,0.44,0.6,26.0,16.0,7.0,24.0,6.0,5.0,0.0,0.0,0.0,0.0,0.0,1.0,0.0,0.72,0.0,-0.28,1
EB2UmMgR,BRAZIL,Serie A Betano 2026,BRAZIL 1,2026,RODADA 2,05/02/2026,21:30,Cruzeiro,Coritiba,1,2,1,1,[19],"[45, 53]",1.46,7.0,4.2,1.78,6.2,2.1,1.02,10.0,1.29,3.3,1.91,1.8,3.3,1.29,7.0,1.07,1.36,2.88,2.88,1.36,7.5,1.06,2.0,1.72,1.15,1.06,2.11,0.89,2.35,0.68,0.32,19.0,10.0,4.0,2.0,0.0,2.0,12.0,2.0,0.9,0.74,0.69,1.95,8.0,6.0,7.0,2.0,11.0,6.0,8.0,4.0,0.0,0.0,30.0,19.0,0.0,1.0,1.0,2.0,17.0,9.0,0.67,0.45,0.81,0.67,0.12,0.4,0.92,1.1,20.0,12.0,9.0,17.0,0.62,1.0,52.0,31.0,15.0,37.0,3.0,7.0,0.0,1.0,0.0,0.0,0.0,3.0,1.95,0.69,-0.05,-0.31,0.61,0.85,0.58,0.42,11.0,5.0,4.0,1.0,0.0,1.0,2.0,1.0,0.91,0.85,0.69,0.95,4.0,3.0,3.0,1.0,6.0,2.0,5.0,3.0,0.0,0.0,16.0,9.0,0.0,1.0,0.0,2.0,6.0,6.0,0.29,0.61,0.83,0.75,0.15,0.0,0.4,0.85,8.0,6.0,6.0,6.0,0.5,1.0,22.0,14.0,9.0,15.0,2.0,3.0,0.0,1.0,0.0,0.0,0.0,3.0,0.95,0.69,-0.05,-0.31,0.28,1.5,0.79,0.21,8.0,5.0,0.0,1.0,0.0,1.0,10.0,1.0,0.89,0.5,0.0,1.0,4.0,3.0,4.0,1.0,5.0,4.0,3.0,1.0,0.0,0.0,14.0,10.0,0.0,0.0,1.0,0.0,11.0,3.0,0.86,0.32,0.8,0.52,0.11,1.0,0.52,0.25,12.0,6.0,3.0,11.0,0.67,1.0,30.0,17.0,6.0,22.0,1.0,4.0,0.0,0.0,0.0,0.0,0.0,0.0,1.0,0.0,0.0,0.0,1
bN2QVMXr,BRAZIL,Serie A Betano 2026,BRAZIL 1,2026,RODADA 2,05/02/2026,20:00,Vasco,Chapecoense,1,1,0,0,[55],[90+1],1.5,6.0,4.0,1.95,5.75,2.25,1.04,8.5,1.25,3.6,1.78,1.92,2.9,1.36,5.75,1.1,1.25,3.6,2.1,1.66,4.5,1.15,1.95,1.77,1.18,1.11,2.45,4.81,0.31,0.67,0.33,30.0,7.0,13.0,1.0,9.0,0.0,14.0,0.0,0.88,0.72,4.46,0.06,12.0,5.0,5.0,1.0,21.0,3.0,9.0,4.0,3.0,0.0,53.0,5.0,1.0,1.0,0.0,1.0,11.0,15.0,0.52,0.33,0.81,0.41,0.36,0.25,2.51,0.29,11.0,17.0,15.0,11.0,0.8,0.89,52.0,38.0,18.0,39.0,10.0,7.0,1.0,0.0,0.0,0.0,0.0,10.0,0.06,4.46,-0.94,3.46,1.85,0.06,0.73,0.27,17.0,1.0,6.0,0.0,3.0,0.0,10.0,0.0,0.9,0.64,1.54,0.0,8.0,1.0,3.0,0.0,11.0,0.0,6.0,1.0,2.0,0.0,28.0,2.0,1.0,0.0,0.0,0.0,3.0,7.0,0.4,0.27,0.85,0.35,0.36,0.0,1.05,0.07,7.0,8.0,7.0,3.0,1.0,1.0,25.0,21.0,9.0,21.0,8.0,2.0,1.0,0.0,0.0,0.0,0.0,6.0,0.0,1.54,0.0,1.54,2.96,0.25,0.61,0.39,13.0,6.0,7.0,1.0,6.0,0.0,4.0,0.0,0.86,0.78,2.92,0.06,4.0,4.0,2.0,1.0,10.0,3.0,3.0,3.0,1.0,0.0,25.0,3.0,0.0,1.0,0.0,1.0,8.0,8.0,0.61,0.39,0.75,0.46,0.35,0.33,1.46,0.22,4.0,9.0,8.0,8.0,0.6,0.75,27.0,17.0,9.0,18.0,2.0,5.0,0.0,0.0,0.0,0.0,0.0,4.0,0.06,2.92,-0.94,1.92,1
08zIvIGD,BRAZIL,Serie A Betano 2026,BRAZIL 1,2026,RODADA 2,05/02/2026,19:00,Bahia,Fluminense,1,1,0,1,[78],[20],2.26,3.3,3.0,2.75,3.85,2.04,1.07,7.6,1.34,3.1,2.07,1.68,3.55,1.27,6.8,1.09,1.29,3.5,2.25,1.57,5.5,1.14,1.84,1.83,1.35,1.3,1.54,1.22,1.83,0.42,0.58,19.0,13.0,5.0,4.0,1.0,5.0,6.0,4.0,0.83,0.88,1.33,0.79,11.0,7.0,3.0,2.0,14.0,8.0,5.0,5.0,1.0,0.0,24.0,26.0,0.0,1.0,4.0,0.0,13.0,12.0,0.6,0.4,0.69,0.84,0.25,0.18,0.4,1.53,17.0,9.0,12.0,13.0,0.62,0.47,41.0,55.0,21.0,23.0,7.0,6.0,0.0,1.0,0.0,1.0,3.0,4.0,0.79,1.33,-0.21,0.33,0.43,1.09,0.4,0.6,9.0,6.0,2.0,1.0,0.0,2.0,4.0,4.0,0.83,0.89,0.27,0.33,5.0,4.0,2.0,1.0,7.0,4.0,2.0,2.0,0.0,0.0,12.0,16.0,0.0,1.0,0.0,0.0,6.0,8.0,0.67,0.43,0.7,0.81,0.56,0.2,0.26,1.35,7.0,5.0,8.0,6.0,0.5,0.45,19.0,24.0,11.0,11.0,4.0,4.0,0.0,1.0,0.0,0.0,0.0,2.0,0.33,0.27,-0.67,0.27,0.79,0.74,0.45,0.55,10.0,7.0,3.0,3.0,1.0,3.0,2.0,0.0,0.84,0.87,1.06,0.46,6.0,3.0,1.0,1.0,7.0,4.0,3.0,3.0,1.0,0.0,12.0,10.0,0.0,0.0,4.0,0.0,7.0,4.0,0.55,0.38,0.67,0.88,0.0,0.0,0.14,0.18,10.0,4.0,4.0,7.0,0.67,0.5,22.0,31.0,10.0,12.0,3.0,2.0,0.0,0.0,0.0,1.0,3.0,2.0,0.46,1.06,0.46,0.06,1
WSr1r0Hl,BRAZIL,Serie A Betano 2026,BRAZIL 1,2026,RODADA 2,04/02/2026,21:30,Grêmio,Botafogo,5,3,1,2,"[26, 50, 57, 60, 79]","[17, 36, 86]",2.12,3.2,3.5,2.71,3.75,2.2,1.03,7.6,1.23,2.95,1.91,1.77,2.8,1.26,4.5,1.08,1.5,2.17,2.17,1.62,4.6,1.16,1.69,2.05,1.28,1.33,1.63,3.45,1.15,0.43,0.57,14.0,9.0,8.0,4.0,8.0,2.0,4.0,2.0,0.84,0.87,4.72,1.73,3.0,5.0,3.0,0.0,10.0,7.0,4.0,2.0,0.0,1.0,19.0,14.0,0.0,2.0,1.0,0.0,16.0,13.0,0.48,0.44,0.61,0.72,0.38,0.1,0.99,1.11,9.0,14.0,13.0,16.0,0.63,0.62,46.0,44.0,15.0,17.0,12.0,3.0,0.0,0.0,0.0,1.0,1.0,3.0,1.73,4.72,-1.27,-0.28,1.24,0.44,0.47,0.53,6.0,5.0,1.0,2.0,2.0,1.0,3.0,0.0,0.86,0.87,0.94,1.23,3.0,3.0,2.0,0.0,3.0,4.0,3.0,1.0,0.0,0.0,9.0,7.0,0.0,1.0,1.0,0.0,7.0,4.0,0.5,0.45,0.68,0.68,0.31,0.0,0.26,0.61,4.0,8.0,4.0,7.0,0.5,0.67,24.0,20.0,4.0,13.0,7.0,2.0,0.0,0.0,0.0,1.0,0.0,0.0,1.23,0.94,-0.77,-0.06,2.21,0.71,0.39,0.61,8.0,4.0,7.0,2.0,6.0,1.0,1.0,2.0,0.82,0.87,3.78,0.5,0.0,2.0,1.0,0.0,7.0,3.0,1.0,1.0,0.0,1.0,10.0,7.0,0.0,1.0,0.0,0.0,9.0,9.0,0.47,0.43,0.48,0.74,0.67,0.14,0.73,0.5,5.0,6.0,9.0,9.0,0.75,0.57,22.0,24.0,11.0,4.0,5.0,1.0,0.0,0.0,0.0,0.0,1.0,3.0,0.5,3.78,-0.5,-0.22,1
QkMZRvX7,BRAZIL,Serie A Betano 2026,BRAZIL 1,2026,RODADA 2,04/02/2026,21:30,Palmeiras,Vitória,5,1,3,0,"[24, 28, 45+5, 63, 80]",[56],1.33,9.2,5.1,1.75,7.7,2.62,1.01,11.0,1.2,4.0,1.75,1.95,2.88,1.36,5.5,1.11,1.29,3.3,2.55,1.45,6.5,1.08,2.15,1.65,1.18,1.07,3.25,2.37,0.93,0.6,0.4,17.0,9.0,8.0,4.0,4.0,3.0,6.0,4.0,0.87,0.8,2.95,1.38,4.0,2.0,5.0,3.0,10.0,6.0,7.0,3.0,1.0,0.0,33.0,11.0,0.0,1.0,2.0,1.0,16.0,13.0,0.71,0.4,0.7,0.64,0.28,0.29,1.42,0.63,17.0,18.0,13.0,16.0,0.7,0.56,54.0,42.0,14.0,29.0,7.0,12.0,0.0,0.0,0.0,0.0,2.0,2.0,1.38,2.95,0.38,-2.05,2.19,0.37,0.64,0.36,10.0,4.0,6.0,1.0,4.0,1.0,4.0,2.0,0.86,0.78,2.8,0.26,2.0,2.0,2.0,1.0,7.0,2.0,3.0,2.0,0.0,0.0,22.0,4.0,0.0,1.0,1.0,1.0,6.0,9.0,0.75,0.33,0.69,0.55,0.27,0.4,1.27,0.17,9.0,9.0,9.0,6.0,0.71,0.63,26.0,28.0,5.0,14.0,4.0,8.0,0.0,0.0,0.0,0.0,1.0,2.0,0.26,2.8,0.26,-0.2,0.18,0.56,0.56,0.44,7.0,5.0,2.0,3.0,0.0,2.0,2.0,2.0,0.88,0.82,0.15,1.12,2.0,0.0,3.0,2.0,3.0,4.0,4.0,1.0,1.0,0.0,11.0,7.0,0.0,0.0,1.0,0.0,10.0,4.0,0.67,0.47,0.72,0.69,0.29,0.22,0.15,0.46,8.0,9.0,4.0,10.0,0.67,0.0,28.0,14.0,9.0,15.0,3.0,4.0,0.0,0.0,0.0,0.0,1.0,0.0,1.12,0.15,0.12,-1.85,1
2NoCdzck,BRAZIL,Serie A Betano 2026,BRAZIL 1,2026,RODADA 2,04/02/2026,20:00,Remo,Mirassol,2,2,2,0,"[8, 39]","[81, 89]",2.45,2.75,3.1,3.2,3.5,2.05,1.07,8.0,1.37,2.9,2.08,1.63,3.86,1.22,8.0,1.07,1.35,2.6,2.98,1.29,7.1,1.03,1.91,1.91,1.36,1.4,1.5,1.48,1.75,0.37,0.63,18.0,8.0,7.0,5.0,1.0,3.0,4.0,4.0,0.74,0.83,2.85,2.54,6.0,2.0,5.0,1.0,8.0,7.0,10.0,1.0,0.0,0.0,15.0,26.0,0.0,0.0,1.0,2.0,9.0,15.0,0.45,0.49,0.63,0.64,0.2,0.3,0.46,1.12,19.0,30.0,15.0,9.0,0.68,0.67,51.0,48.0,43.0,18.0,12.0,8.0,0.0,1.0,0.0,0.0,3.0,5.0,2.54,2.85,0.54,0.85,1.26,0.06,0.31,0.69,12.0,2.0,6.0,1.0,1.0,0.0,2.0,2.0,0.77,0.85,2.72,0.01,4.0,1.0,2.0,0.0,6.0,1.0,6.0,1.0,0.0,0.0,6.0,5.0,0.0,0.0,1.0,2.0,4.0,10.0,0.45,0.56,0.76,0.64,0.25,0.25,0.19,0.17,7.0,16.0,10.0,4.0,0.67,1.0,20.0,23.0,23.0,6.0,4.0,5.0,0.0,0.0,0.0,0.0,1.0,4.0,0.01,2.72,0.01,0.72,0.22,1.69,0.42,0.58,6.0,6.0,1.0,4.0,0.0,3.0,2.0,2.0,0.72,0.8,0.13,2.53,2.0,1.0,3.0,1.0,2.0,6.0,4.0,0.0,0.0,0.0,9.0,21.0,0.0,0.0,0.0,0.0,5.0,5.0,0.45,0.45,0.55,0.64,0.17,0.33,0.27,0.95,12.0,14.0,5.0,5.0,0.7,0.56,31.0,25.0,20.0,12.0,8.0,3.0,0.0,1.0,0.0,0.0,2.0,1.0,2.53,0.13,0.53,0.13,1
IPIRT02e,BRAZIL,Serie A Betano 2026,BRAZIL 1,2026,RODADA 2,04/02/2026,20:00,Santos,São Paulo,1,1,1,0,[45+5],[66],2.11,3.3,3.4,2.85,4.04,2.19,1.06,8.2,1.3,3.35,1.83,1.7,3.25,1.31,6.2,1.1,1.4,2.38,2.88,1.36,7.5,1.05,1.77,1.95,1.29,1.3,1.62,1.09,0.6,0.5,0.5,12.0,8.0,3.0,3.0,1.0,2.0,7.0,4.0,0.85,0.79,0.54,0.95,4.0,4.0,5.0,1.0,6.0,7.0,6.0,1.0,0.0,0.0,12.0,19.0,0.0,0.0,2.0,0.0,21.0,15.0,0.52,0.27,0.71,0.64,0.15,0.43,0.63,1.02,23.0,16.0,15.0,21.0,0.44,0.74,45.0,58.0,18.0,32.0,8.0,10.0,1.0,0.0,0.0,0.0,2.0,2.0,0.95,0.54,-0.05,-0.46,0.79,0.17,0.58,0.42,7.0,3.0,3.0,1.0,1.0,1.0,2.0,3.0,0.86,0.74,0.54,0.09,1.0,1.0,3.0,1.0,4.0,3.0,3.0,0.0,0.0,0.0,7.0,7.0,0.0,0.0,2.0,0.0,13.0,7.0,0.62,0.2,0.73,0.56,0.13,0.29,0.39,0.2,13.0,6.0,7.0,13.0,0.75,0.85,21.0,27.0,9.0,11.0,6.0,6.0,1.0,0.0,0.0,0.0,1.0,2.0,0.09,0.54,0.09,-0.46,0.3,0.43,0.43,0.57,5.0,5.0,0.0,2.0,0.0,1.0,5.0,1.0,0.82,0.82,0.0,0.86,3.0,3.0,2.0,0.0,2.0,4.0,3.0,1.0,0.0,0.0,5.0,12.0,0.0,0.0,0.0,0.0,8.0,8.0,0.41,0.35,0.69,0.69,0.16,0.57,0.24,0.82,10.0,10.0,8.0,8.0,0.2,0.5,24.0,31.0,9.0,21.0,2.0,4.0,0.0,0.0,0.0,0.0,1.0,0.0,0.86,0.0,-0.14,0.0,1
SztglVmA,BRAZIL,Serie A Betano 2026,BRAZIL 1,2026,RODADA 2,04/02/2026,19:00,Flamengo,Internacional,1,1,0,1,[68],[45+2],1.51,7.0,3.65,2.05,6.25,2.1,1.02,11.0,1.23,3.75,1.76,1.95,2.9,1.36,4.75,1.15,1.22,3.75,2.1,1.66,4.0,1.2,2.2,1.6,1.2,1.09,2.45,1.73,0.76,0.65,0.35,18.0,9.0,5.0,5.0,3.0,1.0,4.0,3.0,0.88,0.79,1.18,1.08,7.0,4.0,6.0,0.0,13.0,2.0,5.0,7.0,0.0,0.0,27.0,8.0,1.0,0.0,1.0,2.0,18.0,20.0,0.63,0.44,0.77,0.63,0.27,0.0,1.2,0.2,14.0,8.0,20.0,18.0,0.92,0.53,54.0,58.0,13.0,44.0,6.0,6.0,0.0,0.0,0.0,0.0,4.0,4.0,1.08,1.18,0.08,0.18,0.49,0.57,0.63,0.37,9.0,5.0,2.0,3.0,1.0,1.0,3.0,1.0,0.87,0.82,0.18,0.74,5.0,2.0,2.0,0.0,8.0,1.0,1.0,4.0,0.0,0.0,16.0,4.0,0.0,0.0,1.0,0.0,10.0,9.0,0.53,0.54,0.77,0.7,0.33,0.0,0.55,0.11,5.0,6.0,9.0,10.0,1.0,0.57,23.0,30.0,4.0,21.0,5.0,4.0,0.0,0.0,0.0,0.0,2.0,2.0,0.74,0.18,-0.26,0.18,1.24,0.19,0.67,0.33,9.0,4.0,3.0,2.0,2.0,0.0,1.0,2.0,0.89,0.75,1.0,0.34,2.0,2.0,4.0,0.0,5.0,1.0,4.0,3.0,0.0,0.0,11.0,4.0,1.0,0.0,0.0,2.0,8.0,11.0,0.68,0.34,0.77,0.56,0.2,0.0,0.65,0.09,9.0,2.0,11.0,8.0,0.88,0.5,31.0,28.0,9.0,23.0,1.0,2.0,0.0,0.0,0.0,0.0,2.0,2.0,0.34,1.0,0.34,0.0,1
6oaMkrPE,BRAZIL,Serie A Betano 2026,BRAZIL 1,2026,RODADA 2,04/02/2026,19:00,Red Bull Bragantino,Atlético-MG,1,0,1,0,[38],[],2.04,3.29,3.29,2.56,3.84,2.06,1.05,8.5,1.32,3.2,1.98,1.77,3.39,1.28,6.2,1.1,1.25,3.55,2.17,1.61,4.7,1.15,1.81,1.88,1.25,1.23,1.45,1.41,0.44,0.48,0.52,19.0,12.0,5.0,2.0,4.0,0.0,6.0,12.0,0.82,0.83,1.05,0.14,7.0,4.0,7.0,6.0,10.0,6.0,9.0,6.0,0.0,1.0,28.0,21.0,0.0,0.0,1.0,5.0,8.0,14.0,0.53,0.46,0.68,0.66,0.4,0.16,1.15,0.27,19.0,21.0,14.0,8.0,0.35,0.5,57.0,39.0,40.0,27.0,7.0,12.0,1.0,0.0,0.0,0.0,2.0,4.0,0.14,1.05,0.14,0.05,0.9,0.06,0.64,0.36,10.0,2.0,4.0,0.0,2.0,0.0,3.0,1.0,0.85,0.76,0.8,0.0,4.0,1.0,2.0,1.0,2.0,2.0,8.0,0.0,0.0,0.0,18.0,5.0,0.0,0.0,1.0,2.0,3.0,7.0,0.6,0.5,0.7,0.56,0.23,0.25,0.72,0.05,13.0,9.0,7.0,3.0,0.56,0.45,28.0,24.0,11.0,19.0,4.0,8.0,0.0,0.0,0.0,0.0,0.0,3.0,0.0,0.8,0.0,-0.2,0.51,0.38,0.34,0.66,9.0,10.0,1.0,2.0,2.0,0.0,3.0,11.0,0.77,0.86,0.25,0.14,3.0,3.0,5.0,5.0,8.0,4.0,1.0,6.0,0.0,1.0,10.0,16.0,0.0,0.0,0.0,3.0,5.0,7.0,0.45,0.42,0.64,0.72,0.71,0.13,0.43,0.22,6.0,12.0,7.0,5.0,0.13,1.0,29.0,15.0,29.0,8.0,3.0,4.0,1.0,0.0,0.0,0.0,2.0,1.0,0.14,0.25,0.14,0.25,1
CpixNhkB,BRAZIL,Serie A Betano 2026,BRAZIL 1,2026,RODADA 1,29/01/2026,21:30,Botafogo,Cruzeiro,4,0,0,0,"[48, 76, 85, 90+1]",[],2.23,3.16,2.99,2.7,3.47,2.09,1.05,8.4,1.27,3.55,2.11,1.65,3.05,1.35,5.6,1.12,1.26,3.45,2.25,1.57,5.3,1.12,1.63,2.12,1.25,1.28,1.37,1.43,1.43,0.46,0.54,10.0,17.0,5.0,4.0,2.0,4.0,3.0,7.0,0.87,0.86,3.06,0.31,3.0,5.0,2.0,8.0,8.0,14.0,2.0,3.0,0.0,0.0,17.0,28.0,1.0,0.0,0.0,5.0,12.0,10.0,0.53,0.31,0.81,0.68,0.25,0.6,0.98,1.05,10.0,17.0,10.0,12.0,0.45,0.8,36.0,39.0,24.0,16.0,4.0,12.0,0.0,0.0,0.0,1.0,4.0,1.0,0.31,3.06,0.31,-0.94,0.23,0.85,0.47,0.53,4.0,9.0,0.0,2.0,0.0,4.0,2.0,3.0,0.88,0.87,0.0,0.2,3.0,4.0,1.0,3.0,3.0,7.0,1.0,2.0,0.0,0.0,8.0,8.0,0.0,0.0,0.0,3.0,6.0,6.0,0.64,0.39,0.79,0.57,0.22,0.6,0.24,0.48,5.0,9.0,6.0,6.0,0.43,1.0,18.0,21.0,10.0,8.0,1.0,7.0,0.0,0.0,0.0,0.0,2.0,0.0,0.2,0.0,0.2,0.0,1.2,0.58,0.45,0.55,6.0,8.0,5.0,2.0,2.0,0.0,1.0,4.0,0.85,0.85,3.06,0.11,0.0,1.0,1.0,5.0,5.0,7.0,1.0,1.0,0.0,0.0,9.0,20.0,1.0,0.0,0.0,2.0,6.0,4.0,0.43,0.18,0.82,0.72,0.29,0.6,0.74,0.57,5.0,8.0,4.0,6.0,0.5,0.5,18.0,18.0,14.0,8.0,3.0,5.0,0.0,0.0,0.0,1.0,2.0,1.0,0.11,3.06,0.11,-0.94,1
bs93wEZi,BRAZIL,Serie A Betano 2026,BRAZIL 1,2026,RODADA 1,29/01/2026,20:00,Mirassol,Vasco,2,1,1,1,"[32, 54]",[21],1.68,4.75,3.66,2.14,5.0,2.36,1.04,8.0,1.18,4.0,1.66,2.05,2.6,1.41,4.5,1.15,1.22,3.75,1.9,1.8,3.75,1.22,1.66,2.08,1.26,1.17,2.0,0.68,0.6,0.47,0.53,13.0,13.0,4.0,5.0,0.0,1.0,5.0,5.0,0.86,0.89,1.71,1.51,7.0,3.0,2.0,5.0,6.0,6.0,7.0,7.0,0.0,0.0,10.0,15.0,0.0,0.0,1.0,2.0,10.0,16.0,0.64,0.67,0.65,0.83,0.19,0.23,0.44,0.64,21.0,13.0,16.0,10.0,0.6,0.54,40.0,56.0,20.0,15.0,9.0,8.0,1.0,1.0,0.0,1.0,4.0,3.0,1.51,1.71,0.51,0.71,0.38,0.27,0.56,0.44,8.0,6.0,2.0,3.0,0.0,1.0,3.0,2.0,0.88,0.86,0.49,0.96,5.0,2.0,1.0,1.0,2.0,3.0,6.0,3.0,0.0,0.0,4.0,7.0,0.0,0.0,0.0,0.0,4.0,6.0,0.67,0.68,0.66,0.76,0.14,0.29,0.21,0.26,13.0,1.0,6.0,4.0,0.5,0.56,18.0,29.0,5.0,11.0,4.0,4.0,1.0,1.0,0.0,0.0,2.0,2.0,0.96,0.49,-0.04,0.49,0.3,0.33,0.38,0.62,5.0,7.0,2.0,2.0,0.0,0.0,2.0,3.0,0.83,0.91,1.22,0.55,2.0,1.0,1.0,4.0,4.0,3.0,1.0,4.0,0.0,0.0,6.0,8.0,0.0,0.0,1.0,2.0,6.0,10.0,0.61,0.64,0.64,0.87,0.29,0.2,0.23,0.38,8.0,12.0,10.0,6.0,0.67,0.5,22.0,27.0,15.0,4.0,5.0,4.0,0.0,0.0,0.0,1.0,2.0,1.0,0.55,1.22,0.55,0.22,1
YauoLWJN,BRAZIL,Serie A Betano 2026,BRAZIL 1,2026,RODADA 1,28/01/2026,21:30,São Paulo,Flamengo,2,1,0,0,"[61, 71]",[54],3.6,1.96,3.4,4.2,2.5,2.22,1.04,8.0,1.26,3.33,1.83,1.83,3.0,1.32,5.5,1.1,1.25,3.6,2.1,1.66,5.0,1.14,1.75,1.96,1.3,1.71,1.27,0.78,2.4,0.41,0.59,10.0,15.0,4.0,5.0,2.0,3.0,2.0,6.0,0.8,0.86,1.72,1.13,3.0,5.0,3.0,5.0,5.0,9.0,5.0,6.0,0.0,0.0,16.0,28.0,1.0,2.0,1.0,0.0,11.0,14.0,0.34,0.4,0.64,0.76,0.18,0.24,0.52,1.67,8.0,23.0,14.0,11.0,0.61,0.72,51.0,53.0,27.0,8.0,6.0,6.0,0.0,0.0,0.0,1.0,4.0,2.0,1.13,1.72,0.13,-0.28,0.16,0.83,0.43,0.57,3.0,9.0,0.0,3.0,0.0,1.0,1.0,5.0,0.82,0.88,0.0,0.1,1.0,3.0,2.0,3.0,1.0,4.0,2.0,5.0,0.0,0.0,6.0,12.0,1.0,1.0,1.0,0.0,5.0,8.0,0.33,0.45,0.69,0.78,0.0,0.33,0.29,0.56,5.0,11.0,8.0,5.0,0.8,0.63,26.0,28.0,11.0,5.0,4.0,4.0,0.0,0.0,0.0,0.0,3.0,0.0,0.1,0.0,0.1,0.0,0.62,1.57,0.39,0.61,7.0,6.0,4.0,2.0,2.0,2.0,1.0,1.0,0.78,0.85,1.72,1.03,2.0,2.0,1.0,2.0,4.0,5.0,3.0,1.0,0.0,0.0,10.0,16.0,0.0,1.0,0.0,0.0,6.0,6.0,0.34,0.35,0.6,0.74,0.5,0.11,0.23,1.11,3.0,12.0,6.0,6.0,0.44,0.8,25.0,25.0,16.0,3.0,2.0,2.0,0.0,0.0,0.0,1.0,1.0,2.0,1.03,1.72,0.03,-0.28,1
W8npjiJc,BRAZIL,Serie A Betano 2026,BRAZIL 1,2026,RODADA 1,28/01/2026,20:00,Chapecoense,Santos,4,2,1,1,"[16, 73, 80, 90]","[45+1, 67]",3.25,2.25,3.14,4.0,2.9,2.0,1.08,7.0,1.41,2.7,2.08,1.53,4.0,1.22,7.6,1.06,1.38,2.29,2.96,1.24,6.6,1.01,1.93,1.77,1.33,1.58,1.32,1.83,1.32,0.34,0.66,8.0,25.0,4.0,5.0,3.0,1.0,1.0,14.0,0.73,0.89,2.1,1.34,0.0,12.0,4.0,8.0,4.0,10.0,4.0,15.0,0.0,1.0,12.0,25.0,0.0,0.0,2.0,1.0,5.0,10.0,0.49,0.55,0.59,0.81,0.33,0.28,0.19,1.09,13.0,31.0,10.0,5.0,0.67,0.86,34.0,42.0,34.0,10.0,5.0,5.0,0.0,0.0,0.0,0.0,3.0,0.0,1.34,2.1,-0.66,-1.9,0.92,0.53,0.31,0.69,4.0,11.0,1.0,2.0,1.0,0.0,0.0,12.0,0.75,0.9,0.78,0.85,0.0,5.0,3.0,4.0,1.0,6.0,3.0,5.0,0.0,1.0,3.0,16.0,0.0,0.0,1.0,1.0,3.0,5.0,0.54,0.3,0.61,0.83,0.0,0.25,0.07,0.77,6.0,12.0,5.0,3.0,0.5,0.5,20.0,22.0,25.0,7.0,2.0,0.0,0.0,0.0,0.0,0.0,1.0,0.0,0.85,0.78,-0.15,-0.22,0.91,0.79,0.37,0.63,4.0,14.0,3.0,3.0,2.0,1.0,1.0,2.0,0.72,0.88,1.32,0.49,0.0,7.0,1.0,4.0,3.0,4.0,1.0,10.0,0.0,0.0,9.0,9.0,0.0,0.0,1.0,0.0,2.0,5.0,0.44,0.67,0.58,0.79,0.5,0.36,0.12,0.32,7.0,19.0,5.0,2.0,0.83,1.0,14.0,20.0,9.0,3.0,3.0,5.0,0.0,0.0,0.0,0.0,2.0,0.0,0.49,1.32,-0.51,-1.68,1
rZQGFAso,BRAZIL,Serie A Betano 2026,BRAZIL 1,2026,RODADA 1,28/01/2026,20:00,Corinthians,Bahia,1,2,1,2,[12],"[32, 45+1]",2.2,3.25,3.25,2.8,3.8,2.12,1.05,8.0,1.33,3.0,2.23,1.55,4.0,1.2,8.0,1.05,1.45,2.26,2.52,1.36,8.0,1.05,1.83,1.86,1.32,1.32,1.6,1.91,1.51,0.59,0.41,17.0,11.0,5.0,6.0,3.0,2.0,4.0,6.0,0.85,0.79,1.9,2.69,4.0,3.0,8.0,2.0,10.0,8.0,7.0,3.0,1.0,0.0,27.0,15.0,0.0,0.0,3.0,0.0,14.0,14.0,0.6,0.44,0.69,0.63,0.35,0.08,1.07,0.24,10.0,32.0,14.0,14.0,0.75,0.71,56.0,47.0,26.0,24.0,13.0,8.0,0.0,0.0,0.0,0.0,4.0,4.0,2.69,1.9,0.69,0.9,0.96,1.29,0.53,0.47,4.0,8.0,1.0,4.0,2.0,2.0,1.0,4.0,0.84,0.83,0.76,1.94,2.0,2.0,1.0,2.0,3.0,5.0,1.0,3.0,0.0,0.0,7.0,9.0,0.0,0.0,3.0,0.0,7.0,5.0,0.6,0.41,0.65,0.67,0.25,0.0,0.21,0.12,7.0,17.0,5.0,7.0,0.63,0.57,25.0,21.0,16.0,4.0,8.0,4.0,0.0,0.0,0.0,0.0,2.0,0.0,1.94,0.76,-0.06,-0.24,0.95,0.22,0.64,0.36,13.0,3.0,4.0,2.0,1.0,0.0,3.0,2.0,0.86,0.75,1.14,0.75,2.0,1.0,7.0,0.0,7.0,3.0,6.0,0.0,1.0,0.0,20.0,6.0,0.0,0.0,0.0,0.0,7.0,9.0,0.6,0.47,0.71,0.56,0.38,0.5,0.86,0.12,3.0,15.0,9.0,7.0,0.83,0.86,31.0,26.0,10.0,20.0,5.0,4.0,0.0,0.0,0.0,0.0,2.0,4.0,0.75,1.14,0.75,1.14,1
4KmUOEKb,BRAZIL,Serie A Betano 2026,BRAZIL 1,2026,RODADA 1,28/01/2026,19:30,Fluminense,Grêmio,2,1,0,0,"[46, 59]",[75],1.66,4.75,3.5,2.3,5.0,2.25,1.08,7.48,1.44,2.73,2.08,1.52,4.29,1.21,8.87,1.06,1.36,2.35,2.43,1.47,5.81,1.09,1.8,1.95,1.29,1.18,2.1,2.33,1.6,0.51,0.49,10.0,12.0,6.0,3.0,3.0,2.0,3.0,6.0,0.85,0.82,2.7,0.94,4.0,5.0,0.0,4.0,7.0,10.0,3.0,2.0,0.0,0.0,20.0,23.0,2.0,0.0,1.0,2.0,13.0,13.0,0.63,0.48,0.74,0.72,0.13,0.3,1.14,0.85,16.0,18.0,13.0,13.0,0.47,0.59,53.0,56.0,27.0,15.0,11.0,14.0,0.0,0.0,0.0,0.0,2.0,4.0,0.94,2.7,-0.06,0.7,0.78,0.15,0.59,0.41,5.0,4.0,1.0,0.0,1.0,0.0,1.0,3.0,0.89,0.8,0.33,0.0,4.0,3.0,0.0,1.0,2.0,4.0,3.0,0.0,0.0,0.0,10.0,10.0,1.0,0.0,0.0,1.0,5.0,8.0,0.67,0.42,0.76,0.63,0.0,0.43,0.55,0.21,6.0,6.0,8.0,5.0,0.5,0.56,19.0,29.0,11.0,10.0,5.0,5.0,0.0,0.0,0.0,0.0,0.0,1.0,0.0,0.33,0.0,0.33,1.55,1.45,0.45,0.55,5.0,8.0,5.0,3.0,2.0,2.0,2.0,3.0,0.8,0.84,2.37,0.94,0.0,2.0,0.0,3.0,5.0,6.0,0.0,2.0,0.0,0.0,10.0,13.0,1.0,0.0,1.0,1.0,8.0,5.0,0.61,0.53,0.71,0.75,0.5,0.23,0.59,0.64,10.0,12.0,5.0,8.0,0.45,0.63,34.0,27.0,16.0,5.0,6.0,9.0,0.0,0.0,0.0,0.0,2.0,3.0,0.94,2.37,-0.06,0.37,1
Wf7Byh44,BRAZIL,Serie A Betano 2026,BRAZIL 1,2026,RODADA 1,28/01/2026,19:00,Atlético-MG,Palmeiras,2,2,1,1,"[44, 74]","[27, 84]",2.6,2.75,3.1,3.2,3.25,2.12,1.06,7.39,1.3,3.19,1.97,1.74,3.31,1.29,6.14,1.09,1.25,3.55,2.18,1.61,4.66,1.16,1.72,2.0,1.35,1.41,1.44,0.54,1.01,0.52,0.48,14.0,13.0,2.0,6.0,1.0,2.0,5.0,7.0,0.88,0.84,0.31,2.21,8.0,5.0,4.0,2.0,7.0,8.0,7.0,5.0,0.0,0.0,11.0,17.0,1.0,0.0,4.0,2.0,20.0,14.0,0.56,0.55,0.75,0.81,0.31,0.17,0.34,1.09,17.0,10.0,14.0,20.0,0.69,0.47,45.0,48.0,22.0,17.0,6.0,5.0,0.0,0.0,0.0,0.0,4.0,1.0,2.21,0.31,0.21,-0.69,0.37,0.36,0.55,0.45,7.0,5.0,1.0,1.0,1.0,1.0,1.0,2.0,0.9,0.86,0.15,0.77,5.0,3.0,1.0,1.0,4.0,2.0,3.0,3.0,0.0,0.0,6.0,7.0,1.0,0.0,1.0,1.0,9.0,6.0,0.45,0.69,0.73,0.78,0.33,0.2,0.14,0.45,11.0,4.0,6.0,9.0,0.56,0.44,19.0,19.0,9.0,9.0,3.0,3.0,0.0,0.0,0.0,0.0,0.0,0.0,0.77,0.15,-0.23,-0.85,0.17,0.65,0.49,0.51,7.0,8.0,1.0,5.0,0.0,1.0,4.0,5.0,0.86,0.82,0.16,1.44,3.0,2.0,3.0,1.0,3.0,6.0,4.0,2.0,0.0,0.0,5.0,10.0,0.0,0.0,3.0,1.0,11.0,8.0,0.75,0.45,0.76,0.84,0.3,0.15,0.2,0.64,6.0,6.0,8.0,11.0,0.86,0.5,26.0,29.0,13.0,8.0,3.0,2.0,0.0,0.0,0.0,0.0,4.0,1.0,1.44,0.16,0.44,0.16,1
KUIRX93T,BRAZIL,Serie A Betano 2026,BRAZIL 1,2026,RODADA 1,28/01/2026,19:00,Coritiba,Red Bull Bragantino,0,1,0,0,[],[90+3],2.26,3.25,3.05,2.85,3.7,2.0,1.05,8.0,1.36,2.88,2.25,1.57,4.0,1.2,8.0,1.05,1.44,2.6,3.3,1.29,9.0,1.03,1.85,1.85,1.3,1.33,1.6,0.31,2.77,0.29,0.71,8.0,30.0,2.0,10.0,0.0,5.0,1.0,5.0,0.66,0.87,0.16,3.89,4.0,12.0,2.0,8.0,2.0,10.0,6.0,20.0,0.0,1.0,6.0,28.0,0.0,4.0,3.0,1.0,19.0,9.0,0.39,0.69,0.57,0.84,0.17,0.11,0.15,2.16,10.0,24.0,9.0,19.0,0.57,0.6,54.0,42.0,26.0,10.0,13.0,7.0,0.0,0.0,0.0,0.0,9.0,2.0,3.89,0.16,2.89,0.16,0.24,0.49,0.32,0.68,5.0,9.0,2.0,3.0,0.0,0.0,0.0,2.0,0.71,0.85,0.16,0.17,2.0,4.0,1.0,2.0,2.0,1.0,3.0,8.0,0.0,0.0,3.0,4.0,0.0,1.0,1.0,1.0,9.0,8.0,0.32,0.71,0.65,0.78,0.2,0.09,0.09,0.38,5.0,11.0,8.0,9.0,0.55,0.0,27.0,21.0,8.0,7.0,6.0,5.0,0.0,0.0,0.0,0.0,3.0,2.0,0.17,0.16,0.17,0.16,0.07,2.28,0.25,0.75,3.0,21.0,0.0,7.0,0.0,5.0,1.0,3.0,0.59,0.88,0.0,3.72,2.0,8.0,1.0,6.0,0.0,9.0,3.0,12.0,0.0,1.0,3.0,24.0,0.0,3.0,2.0,0.0,10.0,1.0,0.46,0.67,0.52,0.88,0.0,0.12,0.06,1.78,5.0,13.0,1.0,10.0,0.6,0.75,27.0,21.0,18.0,3.0,7.0,2.0,0.0,0.0,0.0,0.0,6.0,0.0,3.72,0.0,2.72,0.0,1
SM0KZVYG,BRAZIL,Serie A Betano 2026,BRAZIL 1,2026,RODADA 1,28/01/2026,19:00,Internacional,Athletico-PR,0,1,0,1,[],[9],1.75,4.33,3.3,2.38,4.5,2.1,1.07,6.33,1.36,2.8,2.14,1.6,3.75,1.22,7.0,1.05,1.3,3.2,2.4,1.5,5.33,1.11,1.95,1.75,1.3,1.17,1.91,2.42,1.59,0.71,0.29,19.0,6.0,7.0,2.0,3.0,3.0,13.0,1.0,0.86,0.69,1.32,0.83,7.0,4.0,5.0,0.0,12.0,4.0,7.0,2.0,0.0,0.0,38.0,12.0,0.0,0.0,4.0,1.0,11.0,13.0,0.43,0.28,0.76,0.44,0.2,0.0,1.85,0.81,22.0,24.0,13.0,11.0,0.73,0.57,38.0,43.0,18.0,35.0,7.0,12.0,1.0,1.0,0.0,0.0,1.0,5.0,0.83,1.32,-0.17,1.32,0.78,0.91,0.7,0.3,9.0,3.0,3.0,1.0,2.0,2.0,5.0,1.0,0.86,0.66,0.22,0.51,5.0,2.0,1.0,0.0,5.0,3.0,4.0,0.0,0.0,0.0,11.0,10.0,0.0,0.0,1.0,1.0,7.0,7.0,0.48,0.29,0.71,0.4,0.17,0.0,0.38,0.79,10.0,15.0,7.0,7.0,1.0,0.57,14.0,23.0,9.0,10.0,3.0,5.0,0.0,0.0,0.0,0.0,0.0,2.0,0.51,0.22,-0.49,0.22,1.64,0.68,0.72,0.28,10.0,3.0,4.0,1.0,1.0,1.0,8.0,0.0,0.86,0.71,1.1,0.32,2.0,2.0,4.0,0.0,7.0,1.0,3.0,2.0,0.0,0.0,27.0,2.0,0.0,0.0,3.0,0.0,4.0,6.0,0.35,0.27,0.78,0.5,0.22,0.0,1.47,0.02,12.0,9.0,6.0,4.0,0.67,0.57,24.0,20.0,9.0,25.0,4.0,7.0,1.0,1.0,0.0,0.0,1.0,3.0,0.32,1.1,0.32,1.1,1
42fbSmRj,BRAZIL,Serie A Betano 2026,BRAZIL 1,2026,RODADA 1,28/01/2026,19:00,Vitória,Remo,2,0,0,0,"[58, 77]",[],1.72,4.9,3.4,2.3,5.0,2.1,1.07,7.2,1.38,2.9,2.11,1.65,3.9,1.23,7.4,1.07,1.51,2.14,2.97,1.29,7.0,1.03,2.05,1.7,1.25,1.17,2.05,3.12,1.01,0.42,0.58,20.0,14.0,7.0,1.0,6.0,2.0,4.0,1.0,0.77,0.85,2.28,0.2,8.0,7.0,5.0,6.0,15.0,6.0,5.0,8.0,1.0,0.0,33.0,11.0,1.0,0.0,2.0,2.0,17.0,13.0,0.3,0.48,0.67,0.75,0.36,0.19,1.74,0.58,19.0,11.0,13.0,17.0,0.58,0.64,54.0,39.0,23.0,15.0,9.0,11.0,1.0,0.0,0.0,0.0,1.0,5.0,0.2,2.28,0.2,0.28,1.01,0.23,0.45,0.55,8.0,5.0,3.0,0.0,1.0,0.0,1.0,1.0,0.8,0.83,0.42,0.0,2.0,1.0,3.0,4.0,5.0,1.0,3.0,4.0,0.0,0.0,9.0,2.0,0.0,0.0,1.0,1.0,14.0,9.0,0.36,0.43,0.64,0.76,0.67,0.09,0.42,0.07,6.0,7.0,9.0,14.0,0.67,0.25,30.0,21.0,15.0,6.0,3.0,5.0,0.0,0.0,0.0,0.0,0.0,3.0,0.0,0.42,0.0,0.42,2.11,0.78,0.4,0.6,12.0,9.0,4.0,1.0,5.0,2.0,3.0,0.0,0.74,0.87,1.86,0.2,6.0,6.0,2.0,2.0,10.0,5.0,2.0,4.0,1.0,0.0,24.0,9.0,1.0,0.0,1.0,1.0,3.0,4.0,0.24,0.63,0.7,0.74,0.25,0.3,1.32,0.51,13.0,4.0,4.0,3.0,0.56,0.86,24.0,18.0,8.0,9.0,6.0,6.0,1.0,0.0,0.0,0.0,1.0,2.0,0.2,1.86,0.2,-0.14,1
