Match_ID,Country,Season,Div,League,Date,Time,Round,Home,Away,Home_Score,Away_Score,Home_Score_HT,Away_Score_HT,Odd_H_FT,Odd_D_FT,Odd_A_FT,Odd_H_HT,Odd_D_HT,Odd_A_HT,Over_FT_2.5,Under_FT_2.5,Over_HT_0.5,Under_HT_0.5,Over_FT_0.5,Under_FT_0.5,Over_FT_1.5,Under_FT_1.5,Over_FT_3.5,Under_FT_3.5,Over_FT_4.5,Under_FT_4.5,Over_HT_1.5,Under_HT_1.5,Over_HT_2.5,Under_HT_2.5,Big_Chances_Away_2T,Big_Chances_Away_FT,Big_Chances_Away_HT,Big_Chances_Home_2T,Big_Chances_Home_FT,Big_Chances_Home_HT,Blocked_Shots_Away_2T,Blocked_Shots_Away_FT,Blocked_Shots_Away_HT,Blocked_Shots_Home_2T,Blocked_Shots_Home_FT,Blocked_Shots_Home_HT,Clearances_Away_2T,Clearances_Away_FT,Clearances_Away_HT,Clearances_Home_2T,Clearances_Home_FT,Clearances_Home_HT,Corners_Away_2T,Corners_Away_FT,Corners_Away_HT,Corners_Home_2T,Corners_Home_FT,Corners_Home_HT,Crosses_Pct_Away_2T,Crosses_Pct_Away_FT,Crosses_Pct_Away_HT,Crosses_Pct_Home_2T,Crosses_Pct_Home_FT,Crosses_Pct_Home_HT,Duels_Won_Away_2T,Duels_Won_Away_FT,Duels_Won_Away_HT,Duels_Won_Home_2T,Duels_Won_Home_FT,Duels_Won_Home_HT,Errors_Goal_Away_2T,Errors_Goal_Away_FT,Errors_Goal_Away_HT,Errors_Goal_Home_2T,Errors_Goal_Home_FT,Errors_Goal_Home_HT,Errors_Shot_Away_2T,Errors_Shot_Away_FT,Errors_Shot_Away_HT,Errors_Shot_Home_2T,Errors_Shot_Home_FT,Errors_Shot_Home_HT,Fouls_Away_2T,Fouls_Away_FT,Fouls_Away_HT,Fouls_Home_2T,Fouls_Home_FT,Fouls_Home_HT,Free_Kicks_Away_2T,Free_Kicks_Away_FT,Free_Kicks_Away_HT,Free_Kicks_Home_2T,Free_Kicks_Home_FT,Free_Kicks_Home_HT,Goalkeeper_Saves_Away_2T,Goalkeeper_Saves_Away_FT,Goalkeeper_Saves_Away_HT,Goalkeeper_Saves_Home_2T,Goalkeeper_Saves_Home_FT,Goalkeeper_Saves_Home_HT,Goals_Prevented_Away_2T,Goals_Prevented_Away_FT,Goals_Prevented_Away_HT,Goals_Prevented_Home_2T,Goals_Prevented_Home_FT,Goals_Prevented_Home_HT,Hit_Woodwork_Away_2T,Hit_Woodwork_Away_FT,Hit_Woodwork_Away_HT,Hit_Woodwork_Home_2T,Hit_Woodwork_Home_FT,Hit_Woodwork_Home_HT,Interceptions_Away_2T,Interceptions_Away_FT,Interceptions_Away_HT,Interceptions_Home_2T,Interceptions_Home_FT,Interceptions_Home_HT,Long_Passes_Pct_Away_2T,Long_Passes_Pct_Away_FT,Long_Passes_Pct_Away_HT,Long_Passes_Pct_Home_2T,Long_Passes_Pct_Home_FT,Long_Passes_Pct_Home_HT,Offsides_Away_2T,Offsides_Away_FT,Offsides_Away_HT,Offsides_Home_2T,Offsides_Home_FT,Offsides_Home_HT,Over_FT_5.5,Over_FT_6.5,Over_FT_7.5,Over_FT_8.5,Over_HT_3.5,Over_HT_4.5,Over_HT_5.5,Passes_Final_Third_Pct_Away_2T,Passes_Final_Third_Pct_Away_FT,Passes_Final_Third_Pct_Away_HT,Passes_Final_Third_Pct_Home_2T,Passes_Final_Third_Pct_Home_FT,Passes_Final_Third_Pct_Home_HT,Passes_Pct_Away_2T,Passes_Pct_Away_FT,Passes_Pct_Away_HT,Passes_Pct_Home_2T,Passes_Pct_Home_FT,Passes_Pct_Home_HT,Possession_Away_2T,Possession_Away_FT,Possession_Away_HT,Possession_Home_2T,Possession_Home_FT,Possession_Home_HT,Shots_Inside_Box_Away_2T,Shots_Inside_Box_Away_FT,Shots_Inside_Box_Away_HT,Shots_Inside_Box_Home_2T,Shots_Inside_Box_Home_FT,Shots_Inside_Box_Home_HT,Shots_Off_Target_Away_2T,Shots_Off_Target_Away_FT,Shots_Off_Target_Away_HT,Shots_Off_Target_Home_2T,Shots_Off_Target_Home_FT,Shots_Off_Target_Home_HT,Shots_On_Target_Away_2T,Shots_On_Target_Away_FT,Shots_On_Target_Away_HT,Shots_On_Target_Home_2T,Shots_On_Target_Home_FT,Shots_On_Target_Home_HT,Shots_Outside_Box_Away_2T,Shots_Outside_Box_Away_FT,Shots_Outside_Box_Away_HT,Shots_Outside_Box_Home_2T,Shots_Outside_Box_Home_FT,Shots_Outside_Box_Home_HT,Tackles_Pct_Away_2T,Tackles_Pct_Away_FT,Tackles_Pct_Away_HT,Tackles_Pct_Home_2T,Tackles_Pct_Home_FT,Tackles_Pct_Home_HT,Through_Passes_Away_2T,Through_Passes_Away_FT,Through_Passes_Away_HT,Through_Passes_Home_2T,Through_Passes_Home_FT,Through_Passes_Home_HT,Throw_Ins_Away_2T,Throw_Ins_Away_FT,Throw_Ins_Away_HT,Throw_Ins_Home_2T,Throw_Ins_Home_FT,Throw_Ins_Home_HT,Total_Shots_Away_2T,Total_Shots_Away_FT,Total_Shots_Away_HT,Total_Shots_Home_2T,Total_Shots_Home_FT,Total_Shots_Home_HT,Touches_Box_Away_2T,Touches_Box_Away_FT,Touches_Box_Away_HT,Touches_Box_Home_2T,Touches_Box_Home_FT,Touches_Box_Home_HT,Under_FT_5.5,Under_FT_6.5,Under_FT_7.5,Under_FT_8.5,Under_HT_3.5,Under_HT_4.5,Under_HT_5.5,xA_Away_2T,xA_Away_FT,xA_Away_HT,xA_Home_2T,xA_Home_FT,xA_Home_HT,xGOT_Away_2T,xGOT_Away_FT,xGOT_Away_HT,xGOT_Faced_Away_2T,xGOT_Faced_Away_FT,xGOT_Faced_Away_HT,xGOT_Faced_Home_2T,xGOT_Faced_Home_FT,xGOT_Faced_Home_HT,xGOT_Home_2T,xGOT_Home_FT,xGOT_Home_HT,xG_Away_2T,xG_Away_FT,xG_Away_HT,xG_Home_2T,xG_Home_FT,xG_Home_HT,stats_collected
fLt2NVW1,BRAZIL,2026,Serie A Betano,BRAZIL 1,10/05/2026,20:30,RODADA 15,Vasco,Athletico-PR,1,0,1.0,0.0,1.96,3.6,3.2,2.6,4.25,2.12,1.95,1.67,1.37,2.3,1.04,6.5,1.31,2.89,3.32,1.23,5.8,1.06,2.68,1.27,5.4,1.02,0.0,0.0,0.0,1.0,2.0,1.0,1.0,2.0,1.0,1.0,4.0,3.0,8.0,17.0,9.0,14.0,24.0,10.0,1.0,3.0,2.0,0.0,4.0,4.0,0.5,0.27,0.11,0.5,0.55,0.57,22.0,41.0,19.0,28.0,45.0,17.0,0.0,0.0,0.0,0.0,0.0,0.0,1.0,1.0,0.0,0.0,0.0,0.0,8.0,9.0,1.0,5.0,6.0,1.0,5.0,6.0,1.0,8.0,9.0,1.0,0.0,5.0,5.0,0.0,3.0,3.0,0.0,0.51,0.51,0.0,0.44,0.44,1.0,1.0,0.0,0.0,1.0,1.0,3.0,6.0,3.0,7.0,13.0,6.0,0.5,0.47,0.46,0.63,0.65,0.68,0.0,0.0,0.0,0.0,1.0,1.0,17.0,26.0,81.0,101.0,19.0,67.0,101.0,0.71,0.69,0.67,0.75,0.78,0.8,0.86,0.84,0.81,0.89,0.89,0.88,0.51,0.47,0.43,0.49,0.53,0.57,2.0,4.0,2.0,4.0,12.0,8.0,3.0,4.0,1.0,3.0,6.0,3.0,0.0,3.0,3.0,0.0,6.0,6.0,2.0,5.0,3.0,0.0,4.0,4.0,0.58,0.59,0.6,0.71,0.64,0.5,0.0,0.0,0.0,0.0,0.0,0.0,14.0,19.0,5.0,6.0,16.0,10.0,4.0,9.0,5.0,4.0,16.0,12.0,10.0,18.0,8.0,9.0,24.0,15.0,1.01,1.0,1.0,1.0,1.0,1.0,1.0,0.49,0.72,0.23,0.43,1.44,1.01,0.0,0.44,0.44,0.0,1.51,1.51,0.0,0.44,0.44,0.0,1.51,1.51,0.58,0.9,0.32,0.71,2.11,1.4,1
23epNMxJ,BRAZIL,2026,Serie A Betano,BRAZIL 1,10/05/2026,19:30,RODADA 15,Grêmio,Flamengo,0,1,0.0,0.0,3.43,2.05,3.2,4.08,2.79,2.05,2.0,1.69,1.27,3.4,1.05,7.0,1.32,3.0,3.4,1.25,6.33,1.07,2.28,1.55,5.0,1.14,3.0,4.0,1.0,0.0,0.0,0.0,3.0,5.0,2.0,1.0,1.0,0.0,17.0,20.0,3.0,16.0,37.0,21.0,2.0,6.0,4.0,0.0,0.0,0.0,0.27,0.18,0.09,0.09,0.14,0.33,25.0,44.0,19.0,14.0,41.0,27.0,0.0,0.0,0.0,0.0,0.0,0.0,0.0,1.0,1.0,0.0,0.0,0.0,4.0,10.0,6.0,4.0,10.0,6.0,4.0,10.0,6.0,4.0,10.0,6.0,1.0,2.0,1.0,2.0,4.0,2.0,0.03,0.04,0.01,0.28,0.54,0.26,0.0,2.0,2.0,0.0,0.0,0.0,2.0,6.0,4.0,9.0,16.0,7.0,0.7,0.53,0.45,0.54,0.44,0.32,0.0,0.0,0.0,0.0,0.0,0.0,10.0,38.0,81.0,101.0,13.0,35.0,101.0,0.84,0.82,0.79,0.73,0.69,0.62,0.91,0.89,0.87,0.85,0.8,0.7,0.63,0.68,0.74,0.37,0.32,0.26,7.0,13.0,6.0,1.0,2.0,1.0,3.0,10.0,7.0,0.0,2.0,2.0,3.0,5.0,2.0,1.0,3.0,2.0,2.0,7.0,5.0,1.0,4.0,3.0,0.45,0.47,0.5,0.33,0.46,0.57,2.0,2.0,0.0,0.0,0.0,0.0,3.0,18.0,15.0,9.0,15.0,6.0,9.0,20.0,11.0,2.0,6.0,4.0,19.0,34.0,15.0,6.0,7.0,1.0,1.02,1.01,1.0,1.0,1.03,1.01,1.0,1.46,1.88,0.42,0.13,0.18,0.05,1.28,1.54,0.26,0.03,0.04,0.01,1.28,1.54,0.26,0.03,0.04,0.01,2.2,2.77,0.57,0.13,0.26,0.13,1
tGoMSQ8s,BRAZIL,2026,Serie A Betano,BRAZIL 1,10/05/2026,18:30,RODADA 15,Corinthians,São Paulo,3,2,1.0,1.0,2.2,3.59,2.99,2.99,4.33,2.05,2.24,1.58,1.3,3.2,1.08,6.56,1.4,2.73,4.01,1.2,7.45,1.06,2.42,1.5,5.45,1.12,0.0,1.0,1.0,0.0,2.0,2.0,2.0,3.0,1.0,1.0,4.0,3.0,12.0,33.0,21.0,13.0,29.0,16.0,4.0,7.0,3.0,1.0,7.0,6.0,0.0,0.0,0.0,0.33,0.38,0.41,23.0,42.0,19.0,20.0,34.0,14.0,0.0,0.0,0.0,0.0,1.0,1.0,2.0,2.0,0.0,1.0,1.0,0.0,10.0,13.0,3.0,7.0,12.0,5.0,7.0,12.0,5.0,10.0,13.0,3.0,0.0,3.0,3.0,2.0,3.0,1.0,-1.34,-0.64,0.7,0.2,0.53,0.33,0.0,0.0,0.0,0.0,0.0,0.0,8.0,14.0,6.0,10.0,15.0,5.0,0.32,0.27,0.21,0.67,0.51,0.35,1.0,3.0,2.0,1.0,1.0,0.0,17.0,34.0,101.0,101.0,21.0,81.0,101.0,0.64,0.66,0.68,0.85,0.79,0.74,0.82,0.81,0.8,0.84,0.82,0.81,0.56,0.51,0.46,0.44,0.49,0.54,1.0,3.0,2.0,4.0,11.0,7.0,0.0,0.0,0.0,3.0,5.0,2.0,2.0,4.0,2.0,2.0,6.0,4.0,3.0,4.0,1.0,2.0,4.0,2.0,0.67,0.6,0.5,0.5,0.88,1.0,0.0,0.0,0.0,0.0,2.0,2.0,8.0,19.0,11.0,14.0,26.0,12.0,4.0,7.0,3.0,6.0,15.0,9.0,5.0,13.0,8.0,10.0,24.0,14.0,1.0,1.0,1.0,1.0,1.0,1.0,1.0,0.05,0.79,0.74,0.17,1.01,0.84,0.2,1.53,1.33,0.66,2.36,1.7,0.2,1.53,1.33,0.66,2.36,1.7,0.12,1.06,0.94,0.32,1.37,1.05,1
ltkUQ4wf,BRAZIL,2026,Serie A Betano,BRAZIL 1,10/05/2026,18:30,RODADA 15,Mirassol,Chapecoense,1,1,0.0,0.0,1.62,5.87,3.79,2.09,5.87,2.32,1.91,1.8,1.33,3.0,1.02,10.0,1.25,3.3,3.3,1.29,7.0,1.07,2.88,1.36,7.5,1.06,1.0,1.0,0.0,2.0,2.0,0.0,2.0,2.0,0.0,1.0,6.0,5.0,25.0,43.0,18.0,8.0,14.0,6.0,1.0,1.0,0.0,4.0,8.0,4.0,0.56,0.46,0.25,0.12,0.09,0.07,27.0,49.0,22.0,23.0,48.0,25.0,0.0,0.0,0.0,0.0,0.0,0.0,0.0,0.0,0.0,0.0,0.0,0.0,12.0,20.0,8.0,5.0,10.0,5.0,5.0,10.0,5.0,12.0,20.0,8.0,2.0,3.0,1.0,3.0,4.0,1.0,0.17,0.17,0.0,0.25,0.37,0.12,0.0,0.0,0.0,0.0,0.0,0.0,5.0,9.0,4.0,2.0,3.0,1.0,0.55,0.56,0.58,0.48,0.5,0.52,0.0,1.0,1.0,0.0,1.0,1.0,13.0,21.0,67.0,101.0,17.0,67.0,101.0,0.67,0.67,0.65,0.74,0.72,0.7,0.81,0.81,0.81,0.85,0.86,0.87,0.46,0.41,0.37,0.54,0.59,0.63,3.0,3.0,0.0,5.0,9.0,4.0,5.0,5.0,0.0,7.0,13.0,6.0,3.0,4.0,1.0,4.0,4.0,0.0,7.0,8.0,1.0,7.0,14.0,7.0,1.0,0.88,0.75,0.67,0.58,0.56,0.0,0.0,0.0,0.0,0.0,0.0,8.0,23.0,15.0,10.0,25.0,15.0,10.0,11.0,1.0,12.0,23.0,11.0,10.0,11.0,1.0,12.0,20.0,8.0,1.01,1.0,1.0,1.0,1.0,1.0,1.0,0.57,0.63,0.06,0.7,0.91,0.21,0.25,0.37,0.12,1.17,1.17,0.0,0.25,0.37,0.12,1.17,1.17,0.0,0.44,0.46,0.02,0.99,1.48,0.49,1
MRYmoZO8,BRAZIL,2026,Serie A Betano,BRAZIL 1,10/05/2026,18:30,RODADA 15,Santos,Red Bull Bragantino,2,0,1.0,0.0,2.08,3.65,3.55,2.6,3.95,2.16,1.89,1.72,1.36,2.35,1.04,6.9,1.28,3.02,3.12,1.26,5.4,1.08,2.59,1.29,5.2,1.03,1.0,2.0,1.0,0.0,2.0,2.0,0.0,2.0,2.0,0.0,1.0,1.0,7.0,22.0,15.0,17.0,29.0,12.0,1.0,3.0,2.0,1.0,7.0,6.0,0.27,0.24,0.17,0.0,0.1,0.13,26.0,45.0,19.0,26.0,50.0,24.0,0.0,0.0,0.0,0.0,0.0,0.0,0.0,0.0,0.0,0.0,0.0,0.0,10.0,18.0,8.0,9.0,13.0,4.0,9.0,13.0,4.0,10.0,18.0,8.0,0.0,1.0,1.0,2.0,3.0,1.0,-0.24,-0.54,-0.3,0.1,0.3,0.2,0.0,0.0,0.0,0.0,0.0,0.0,5.0,13.0,8.0,4.0,8.0,4.0,0.58,0.5,0.43,0.36,0.38,0.4,1.0,2.0,1.0,2.0,3.0,1.0,17.0,26.0,81.0,101.0,19.0,67.0,101.0,0.74,0.64,0.49,0.67,0.72,0.77,0.87,0.79,0.66,0.77,0.81,0.84,0.58,0.47,0.36,0.42,0.53,0.64,2.0,5.0,3.0,2.0,8.0,6.0,2.0,5.0,3.0,1.0,5.0,4.0,2.0,3.0,1.0,1.0,3.0,2.0,2.0,5.0,3.0,0.0,1.0,1.0,0.25,0.29,0.33,0.69,0.73,0.78,0.0,1.0,1.0,1.0,1.0,0.0,8.0,20.0,12.0,8.0,15.0,7.0,4.0,10.0,6.0,2.0,9.0,7.0,15.0,23.0,8.0,11.0,27.0,16.0,1.01,1.0,1.0,1.0,1.0,1.0,1.0,0.28,0.54,0.26,0.28,0.96,0.68,0.1,0.3,0.2,0.76,1.46,0.7,0.1,0.3,0.2,0.76,1.46,0.7,0.1,0.65,0.55,0.18,1.12,0.94,1
UkcxPr86,BRAZIL,2026,Serie A Betano,BRAZIL 1,10/05/2026,16:00,RODADA 15,Atlético-MG,Botafogo,1,1,1.0,0.0,2.1,3.5,3.45,2.72,4.0,2.12,1.84,1.82,1.35,2.57,1.04,7.5,1.27,3.28,3.03,1.31,5.3,1.1,2.58,1.35,5.4,1.06,2.0,2.0,0.0,3.0,4.0,1.0,1.0,2.0,1.0,4.0,5.0,1.0,14.0,21.0,7.0,14.0,30.0,16.0,3.0,4.0,1.0,4.0,6.0,2.0,0.1,0.22,0.38,0.44,0.35,0.25,19.0,41.0,22.0,25.0,37.0,12.0,0.0,0.0,0.0,0.0,0.0,0.0,1.0,2.0,1.0,0.0,1.0,1.0,9.0,12.0,3.0,3.0,9.0,6.0,3.0,9.0,6.0,9.0,12.0,3.0,2.0,6.0,4.0,1.0,4.0,3.0,0.39,0.03,-0.36,0.06,0.83,0.77,1.0,1.0,0.0,0.0,0.0,0.0,7.0,13.0,6.0,6.0,10.0,4.0,0.43,0.38,0.3,0.2,0.32,0.43,1.0,1.0,0.0,2.0,3.0,1.0,13.0,26.0,81.0,101.0,17.0,67.0,101.0,0.56,0.57,0.58,0.65,0.69,0.73,0.8,0.81,0.82,0.68,0.75,0.8,0.58,0.57,0.56,0.42,0.43,0.44,6.0,10.0,4.0,7.0,12.0,5.0,7.0,11.0,4.0,4.0,5.0,1.0,2.0,5.0,3.0,2.0,7.0,5.0,4.0,8.0,4.0,3.0,5.0,2.0,0.5,0.5,0.5,0.71,0.7,0.67,0.0,0.0,0.0,0.0,1.0,1.0,13.0,25.0,12.0,5.0,11.0,6.0,10.0,18.0,8.0,10.0,17.0,7.0,10.0,23.0,13.0,12.0,20.0,8.0,1.01,1.0,1.0,1.0,1.0,1.0,1.0,0.24,0.45,0.21,0.64,0.92,0.28,1.06,1.83,0.77,0.39,1.03,0.64,1.06,1.83,0.77,0.39,1.03,0.64,1.39,1.74,0.35,0.61,1.13,0.52,1
A9IBwrNa,BRAZIL,2026,Serie A Betano,BRAZIL 1,10/05/2026,16:00,RODADA 15,Remo,Palmeiras,1,1,1.0,1.0,4.5,1.81,3.8,4.4,2.38,2.2,1.85,1.75,1.33,2.42,1.05,8.97,1.3,3.47,3.25,1.33,6.0,1.12,2.62,1.28,4.08,1.18,1.0,2.0,1.0,2.0,2.0,0.0,2.0,5.0,3.0,1.0,3.0,2.0,13.0,25.0,12.0,25.0,41.0,16.0,10.0,17.0,7.0,3.0,5.0,2.0,0.3,0.24,0.14,0.29,0.27,0.25,23.0,48.0,25.0,28.0,42.0,14.0,0.0,0.0,0.0,0.0,1.0,1.0,1.0,1.0,0.0,0.0,0.0,0.0,2.0,6.0,4.0,2.0,6.0,4.0,2.0,6.0,4.0,2.0,6.0,4.0,2.0,3.0,1.0,2.0,4.0,2.0,0.56,0.46,-0.1,0.23,-0.31,-0.54,0.0,0.0,0.0,1.0,1.0,0.0,2.0,4.0,2.0,2.0,6.0,4.0,0.41,0.48,0.57,0.42,0.36,0.28,3.0,7.0,4.0,0.0,0.0,0.0,13.0,26.0,81.0,101.0,19.0,67.0,101.0,0.72,0.72,0.71,0.56,0.52,0.45,0.8,0.81,0.83,0.62,0.62,0.62,0.67,0.66,0.66,0.33,0.34,0.34,7.0,11.0,4.0,5.0,9.0,4.0,6.0,8.0,2.0,5.0,8.0,3.0,2.0,5.0,3.0,2.0,4.0,2.0,3.0,7.0,4.0,3.0,6.0,3.0,0.5,0.67,0.75,0.92,0.87,0.67,1.0,1.0,0.0,0.0,0.0,0.0,14.0,19.0,5.0,5.0,15.0,10.0,10.0,18.0,8.0,8.0,15.0,7.0,22.0,37.0,15.0,7.0,13.0,6.0,1.01,1.0,1.0,1.0,1.0,1.0,1.0,0.8,1.06,0.26,0.54,0.62,0.08,0.23,0.69,0.46,0.56,1.46,0.9,0.23,0.69,0.46,0.56,1.46,0.9,0.9,1.2,0.3,0.44,0.97,0.53,1
lfU2u4hm,BRAZIL,2026,Serie A Betano,BRAZIL 1,09/05/2026,21:00,RODADA 15,Bahia,Cruzeiro,1,2,1.0,1.0,2.14,3.1,3.2,2.8,3.75,2.14,1.88,1.78,1.37,2.52,1.04,7.4,1.29,3.18,3.15,1.29,5.5,1.1,2.65,1.33,5.5,1.05,1.0,2.0,1.0,1.0,2.0,1.0,0.0,3.0,3.0,1.0,2.0,1.0,22.0,33.0,11.0,10.0,21.0,11.0,3.0,8.0,5.0,5.0,6.0,1.0,0.36,0.41,0.45,0.0,0.05,0.17,20.0,46.0,26.0,26.0,46.0,20.0,0.0,0.0,0.0,0.0,0.0,0.0,0.0,0.0,0.0,1.0,1.0,0.0,8.0,16.0,8.0,7.0,14.0,7.0,7.0,14.0,7.0,8.0,16.0,8.0,2.0,2.0,0.0,3.0,5.0,2.0,0.54,0.44,-0.1,0.13,-0.61,-0.74,0.0,0.0,0.0,0.0,0.0,0.0,3.0,10.0,7.0,2.0,8.0,6.0,0.5,0.59,0.71,0.63,0.47,0.32,2.0,2.0,0.0,0.0,0.0,0.0,13.0,26.0,81.0,101.0,19.0,67.0,101.0,0.82,0.8,0.78,0.53,0.65,0.76,0.87,0.87,0.87,0.72,0.81,0.87,0.57,0.54,0.5,0.43,0.46,0.5,7.0,14.0,7.0,2.0,5.0,3.0,4.0,10.0,6.0,2.0,3.0,1.0,4.0,7.0,3.0,2.0,3.0,1.0,1.0,6.0,5.0,3.0,3.0,0.0,0.0,0.59,0.63,0.45,0.5,0.57,1.0,1.0,0.0,0.0,0.0,0.0,9.0,16.0,7.0,12.0,19.0,7.0,8.0,20.0,12.0,5.0,8.0,3.0,11.0,23.0,12.0,5.0,14.0,9.0,1.01,1.0,1.0,1.0,1.0,1.0,1.0,0.82,1.36,0.54,0.15,0.31,0.16,0.3,0.52,0.22,0.54,1.44,0.9,1.13,1.39,0.26,0.61,1.51,0.9,0.74,1.52,0.78,0.35,1.2,0.85,1
zJQ0Pi2k,BRAZIL,2026,Serie A Betano,BRAZIL 1,09/05/2026,18:00,RODADA 15,Fluminense,Vitória,2,2,1.0,0.0,1.53,5.66,3.66,2.1,6.33,2.2,2.0,1.73,1.36,2.88,1.03,9.0,1.29,3.3,3.6,1.25,7.5,1.06,2.88,1.36,8.0,1.05,1.0,1.0,0.0,2.0,2.0,0.0,1.0,2.0,1.0,0.0,2.0,2.0,16.0,21.0,5.0,9.0,19.0,10.0,2.0,3.0,1.0,2.0,6.0,4.0,0.2,0.33,0.43,0.23,0.24,0.25,32.0,61.0,29.0,28.0,48.0,20.0,0.0,0.0,0.0,0.0,0.0,0.0,0.0,1.0,1.0,1.0,1.0,0.0,3.0,7.0,4.0,8.0,15.0,7.0,8.0,15.0,7.0,3.0,7.0,4.0,3.0,3.0,0.0,1.0,1.0,0.0,0.54,0.42,-0.12,-0.33,-0.33,0.0,0.0,0.0,0.0,0.0,0.0,0.0,6.0,11.0,5.0,2.0,4.0,2.0,0.47,0.61,0.69,0.73,0.55,0.44,0.0,0.0,0.0,1.0,1.0,0.0,13.0,26.0,81.0,101.0,17.0,67.0,101.0,0.59,0.66,0.7,0.84,0.84,0.83,0.76,0.84,0.88,0.9,0.89,0.87,0.3,0.42,0.52,0.7,0.58,0.48,4.0,6.0,2.0,3.0,7.0,4.0,1.0,5.0,4.0,2.0,5.0,3.0,3.0,3.0,0.0,4.0,5.0,1.0,1.0,4.0,3.0,3.0,5.0,2.0,0.6,0.65,0.71,0.71,0.71,0.7,0.0,0.0,0.0,1.0,1.0,0.0,4.0,6.0,2.0,12.0,15.0,3.0,5.0,10.0,5.0,6.0,12.0,6.0,11.0,19.0,8.0,14.0,23.0,9.0,1.01,1.0,1.0,1.0,1.0,1.0,1.0,0.13,0.41,0.28,0.8,1.06,0.26,1.67,1.67,0.0,1.54,2.42,0.88,1.67,1.67,0.0,1.54,2.42,0.88,1.13,1.44,0.31,0.74,1.05,0.31,1
IBwXpQUP,BRAZIL,2026,Serie A Betano,BRAZIL 1,09/05/2026,16:00,RODADA 15,Coritiba,Internacional,2,2,1.0,0.0,2.38,2.96,3.1,3.1,3.7,1.95,2.33,1.61,1.31,3.15,1.05,6.75,1.39,2.61,4.05,1.17,7.9,1.02,2.44,1.49,5.45,1.09,5.0,6.0,1.0,0.0,1.0,1.0,5.0,7.0,2.0,1.0,2.0,1.0,4.0,17.0,13.0,42.0,62.0,20.0,6.0,8.0,2.0,0.0,3.0,3.0,0.17,0.16,0.13,0.4,0.29,0.22,24.0,49.0,25.0,27.0,51.0,24.0,0.0,0.0,0.0,0.0,0.0,0.0,0.0,0.0,0.0,0.0,1.0,1.0,6.0,10.0,4.0,5.0,11.0,6.0,5.0,11.0,6.0,6.0,10.0,4.0,0.0,1.0,1.0,2.0,2.0,0.0,-0.9,-1.22,-0.32,0.71,0.71,0.0,0.0,0.0,0.0,1.0,1.0,0.0,2.0,5.0,3.0,3.0,6.0,3.0,0.6,0.53,0.45,0.22,0.31,0.39,0.0,1.0,1.0,0.0,0.0,0.0,16.0,55.0,81.0,101.0,15.0,45.0,101.0,0.77,0.73,0.68,0.63,0.58,0.57,0.84,0.83,0.82,0.7,0.74,0.76,0.75,0.64,0.54,0.25,0.36,0.46,12.0,16.0,4.0,4.0,5.0,1.0,5.0,11.0,6.0,3.0,3.0,0.0,4.0,4.0,0.0,1.0,3.0,2.0,2.0,6.0,4.0,1.0,3.0,2.0,0.8,0.88,1.0,0.5,0.67,0.8,0.0,0.0,0.0,0.0,1.0,1.0,23.0,32.0,9.0,9.0,18.0,9.0,14.0,22.0,8.0,5.0,8.0,3.0,25.0,36.0,11.0,7.0,13.0,6.0,1.01,1.0,1.0,1.0,1.02,1.0,1.0,0.75,1.39,0.64,0.15,0.34,0.19,2.71,2.71,0.0,0.1,0.78,0.68,2.71,2.71,0.0,0.1,0.78,0.68,2.97,3.35,0.38,0.3,0.55,0.25,1
UHLnIzeM,BRAZIL,2026,Serie A Betano,BRAZIL 1,03/05/2026,20:30,RODADA 14,Mirassol,Corinthians,2,1,2.0,0.0,2.5,2.9,3.1,2.9,4.0,2.0,2.22,1.51,1.35,2.37,1.09,6.94,1.38,2.6,4.19,1.22,8.3,1.06,2.87,1.23,6.0,1.01,1.0,1.0,0.0,0.0,2.0,2.0,5.0,5.0,0.0,0.0,1.0,1.0,5.0,18.0,13.0,14.0,22.0,8.0,4.0,5.0,1.0,0.0,1.0,1.0,0.31,0.21,0.0,0.0,0.08,0.08,29.0,55.0,26.0,21.0,35.0,14.0,0.0,0.0,0.0,0.0,0.0,0.0,0.0,0.0,0.0,0.0,0.0,0.0,8.0,13.0,5.0,11.0,19.0,8.0,11.0,19.0,8.0,8.0,13.0,5.0,2.0,3.0,1.0,1.0,2.0,1.0,0.05,-0.64,-0.69,-0.54,-0.51,0.03,0.0,0.0,0.0,0.0,0.0,0.0,7.0,11.0,4.0,4.0,6.0,2.0,0.57,0.48,0.35,0.32,0.42,0.58,1.0,2.0,1.0,1.0,1.0,0.0,17.0,51.0,101.0,101.0,21.0,81.0,101.0,0.78,0.73,0.63,0.5,0.62,0.69,0.85,0.84,0.82,0.7,0.78,0.84,0.69,0.61,0.54,0.31,0.39,0.46,3.0,5.0,2.0,0.0,3.0,3.0,2.0,3.0,1.0,0.0,1.0,1.0,2.0,3.0,1.0,2.0,5.0,3.0,6.0,6.0,0.0,2.0,4.0,2.0,0.5,0.27,0.14,0.33,0.38,0.5,1.0,1.0,0.0,0.0,0.0,0.0,9.0,18.0,9.0,10.0,21.0,11.0,9.0,11.0,2.0,2.0,7.0,5.0,5.0,9.0,4.0,2.0,6.0,4.0,1.0,1.0,1.0,1.0,1.0,1.0,1.0,0.48,0.62,0.14,0.03,0.27,0.24,0.46,0.49,0.03,0.05,1.36,1.31,0.46,0.49,0.03,0.05,1.36,1.31,0.32,0.37,0.05,0.02,1.01,0.99,1
vmuVUDvS,BRAZIL,2026,Serie A Betano,BRAZIL 1,03/05/2026,18:30,RODADA 14,Chapecoense,Red Bull Bragantino,1,2,1.0,1.0,2.85,2.46,3.1,3.45,3.1,2.01,2.1,1.65,1.4,2.75,1.05,8.0,1.33,3.0,4.0,1.2,8.0,1.05,3.2,1.3,8.0,1.05,1.0,1.0,0.0,1.0,2.0,1.0,1.0,1.0,0.0,3.0,6.0,3.0,13.0,24.0,11.0,13.0,22.0,9.0,2.0,2.0,0.0,4.0,5.0,1.0,0.29,0.21,0.14,0.56,0.46,0.25,20.0,37.0,17.0,21.0,46.0,25.0,0.0,0.0,0.0,0.0,0.0,0.0,0.0,0.0,0.0,0.0,0.0,0.0,3.0,10.0,7.0,3.0,8.0,5.0,3.0,8.0,5.0,3.0,10.0,7.0,1.0,2.0,1.0,0.0,0.0,0.0,0.24,0.25,0.01,-0.06,-0.99,-0.93,0.0,0.0,0.0,1.0,1.0,0.0,9.0,13.0,4.0,3.0,10.0,7.0,0.37,0.34,0.3,0.63,0.49,0.32,1.0,1.0,0.0,1.0,1.0,0.0,17.0,34.0,81.0,101.0,19.0,81.0,101.0,0.38,0.4,0.42,0.73,0.67,0.55,0.75,0.76,0.77,0.84,0.8,0.74,0.41,0.45,0.51,0.59,0.55,0.49,3.0,5.0,2.0,7.0,10.0,3.0,3.0,4.0,1.0,8.0,10.0,2.0,1.0,2.0,1.0,1.0,3.0,2.0,2.0,2.0,0.0,5.0,9.0,4.0,0.67,0.54,0.25,0.71,0.73,0.75,1.0,1.0,0.0,0.0,0.0,0.0,9.0,22.0,13.0,9.0,22.0,13.0,5.0,7.0,2.0,12.0,19.0,7.0,5.0,9.0,4.0,17.0,23.0,6.0,1.01,1.0,1.0,1.0,1.0,1.0,1.0,0.45,0.56,0.11,0.98,1.61,0.63,0.94,1.01,0.07,0.24,1.25,1.01,0.94,1.01,0.07,0.24,1.25,1.01,0.67,0.72,0.05,1.31,1.69,0.38,1
fa5RAhmd,BRAZIL,2026,Serie A Betano,BRAZIL 1,03/05/2026,18:30,RODADA 14,Internacional,Fluminense,2,0,1.0,0.0,2.47,2.9,3.15,3.2,3.6,2.0,2.18,1.53,1.35,2.37,1.05,8.0,1.36,2.88,4.0,1.2,8.0,1.05,2.87,1.23,5.7,1.01,3.0,3.0,0.0,3.0,4.0,1.0,2.0,2.0,0.0,1.0,3.0,2.0,9.0,20.0,11.0,19.0,25.0,6.0,2.0,3.0,1.0,2.0,3.0,1.0,0.23,0.21,0.17,0.0,0.13,0.14,18.0,49.0,31.0,25.0,49.0,24.0,0.0,0.0,0.0,0.0,0.0,0.0,0.0,1.0,1.0,0.0,0.0,0.0,7.0,18.0,11.0,12.0,25.0,13.0,12.0,25.0,13.0,7.0,18.0,11.0,5.0,7.0,2.0,6.0,6.0,0.0,1.18,0.73,-0.45,0.98,0.98,0.0,1.0,1.0,0.0,0.0,0.0,0.0,2.0,5.0,3.0,5.0,8.0,3.0,0.76,0.53,0.32,0.31,0.47,0.61,0.0,0.0,0.0,0.0,0.0,0.0,17.0,34.0,81.0,101.0,21.0,81.0,101.0,0.83,0.82,0.79,0.67,0.74,0.83,0.89,0.88,0.87,0.74,0.8,0.86,0.71,0.67,0.63,0.29,0.33,0.37,2.0,2.0,0.0,4.0,7.0,3.0,2.0,3.0,1.0,3.0,6.0,3.0,6.0,6.0,0.0,6.0,9.0,3.0,8.0,9.0,1.0,6.0,11.0,5.0,0.5,0.56,0.57,0.43,0.53,0.63,0.0,0.0,0.0,1.0,1.0,0.0,12.0,17.0,5.0,6.0,17.0,11.0,10.0,11.0,1.0,10.0,18.0,8.0,10.0,13.0,3.0,12.0,20.0,8.0,1.0,1.0,1.0,1.0,1.0,1.0,1.0,0.73,0.89,0.16,0.4,0.53,0.13,0.98,0.98,0.0,2.18,2.73,0.55,0.98,0.98,0.0,2.18,2.73,0.55,1.03,1.05,0.02,1.9,2.37,0.47,1
OdjE3ytT,BRAZIL,2026,Serie A Betano,BRAZIL 1,03/05/2026,16:00,RODADA 14,Flamengo,Vasco,2,2,1.0,0.0,1.42,6.8,4.05,1.81,6.2,2.33,1.77,1.95,1.22,3.75,1.03,9.5,1.23,3.8,2.85,1.37,5.0,1.14,2.1,1.66,4.0,1.2,2.0,2.0,0.0,1.0,3.0,2.0,3.0,5.0,2.0,2.0,3.0,1.0,6.0,14.0,8.0,19.0,28.0,9.0,4.0,6.0,2.0,2.0,5.0,3.0,0.28,0.28,0.27,0.2,0.27,0.33,30.0,53.0,23.0,22.0,42.0,20.0,0.0,0.0,0.0,0.0,0.0,0.0,0.0,0.0,0.0,0.0,1.0,1.0,7.0,12.0,5.0,9.0,15.0,6.0,9.0,15.0,6.0,7.0,12.0,5.0,2.0,3.0,1.0,2.0,4.0,2.0,0.07,0.3,0.23,-0.1,0.01,0.11,0.0,0.0,0.0,0.0,0.0,0.0,5.0,11.0,6.0,4.0,9.0,5.0,0.47,0.45,0.43,0.43,0.53,0.6,0.0,3.0,3.0,0.0,0.0,0.0,12.0,15.5,51.0,101.0,7.2,26.0,101.0,0.8,0.79,0.77,0.79,0.77,0.75,0.89,0.89,0.88,0.84,0.87,0.89,0.59,0.51,0.44,0.41,0.49,0.56,7.0,11.0,4.0,2.0,7.0,5.0,4.0,9.0,5.0,1.0,4.0,3.0,4.0,6.0,2.0,3.0,5.0,2.0,4.0,9.0,5.0,4.0,5.0,1.0,0.5,0.5,0.5,0.89,0.88,0.86,0.0,0.0,0.0,0.0,0.0,0.0,10.0,16.0,6.0,7.0,10.0,3.0,11.0,20.0,9.0,6.0,12.0,6.0,15.0,27.0,12.0,8.0,17.0,9.0,1.03,1.02,1.0,1.0,1.04,1.01,1.0,1.2,1.69,0.49,0.31,0.53,0.22,1.9,2.01,0.11,1.07,2.3,1.23,1.9,2.01,0.11,1.07,2.3,1.23,1.4,1.67,0.27,1.03,2.15,1.12,1
0xUVLIec,BRAZIL,2026,Serie A Betano,BRAZIL 1,03/05/2026,16:00,RODADA 14,São Paulo,Bahia,2,2,1.0,0.0,1.95,3.92,3.41,2.4,4.4,2.12,2.05,1.66,1.3,3.2,1.06,6.66,1.35,2.9,3.6,1.23,6.33,1.07,2.28,1.55,5.0,1.14,3.0,3.0,0.0,2.0,3.0,1.0,2.0,4.0,2.0,2.0,7.0,5.0,9.0,21.0,12.0,7.0,21.0,14.0,2.0,10.0,8.0,9.0,14.0,5.0,0.4,0.39,0.39,0.25,0.4,0.5,19.0,46.0,27.0,17.0,37.0,20.0,0.0,0.0,0.0,0.0,0.0,0.0,0.0,0.0,0.0,1.0,2.0,1.0,8.0,12.0,4.0,4.0,12.0,8.0,4.0,12.0,8.0,8.0,12.0,4.0,4.0,6.0,2.0,3.0,5.0,2.0,0.33,-0.19,-0.52,0.23,0.26,0.03,2.0,2.0,0.0,0.0,0.0,0.0,5.0,11.0,6.0,2.0,7.0,5.0,0.4,0.35,0.31,0.28,0.31,0.36,0.0,0.0,0.0,2.0,2.0,0.0,10.0,34.0,51.0,101.0,15.0,37.0,101.0,0.78,0.81,0.84,0.67,0.74,0.81,0.88,0.88,0.88,0.72,0.79,0.84,0.63,0.61,0.6,0.37,0.39,0.4,5.0,11.0,6.0,6.0,13.0,7.0,2.0,7.0,5.0,1.0,3.0,2.0,5.0,8.0,3.0,5.0,8.0,3.0,4.0,8.0,4.0,2.0,5.0,3.0,0.86,0.79,0.71,0.75,0.64,0.5,0.0,1.0,1.0,0.0,0.0,0.0,6.0,10.0,4.0,9.0,15.0,6.0,9.0,19.0,10.0,8.0,18.0,10.0,17.0,32.0,15.0,13.0,32.0,19.0,1.02,1.0,1.0,1.0,1.03,1.0,1.0,1.13,1.84,0.71,0.29,0.91,0.62,2.23,2.26,0.03,1.33,1.81,0.48,2.23,2.26,0.03,1.33,1.81,0.48,2.11,2.65,0.54,1.05,1.88,0.83,1
l22JCEIq,BRAZIL,2026,Serie A Betano,BRAZIL 1,02/05/2026,21:00,RODADA 14,"Cruzeiro
2",Atlético-MG,1,3,0.0,2.0,2.02,3.85,3.35,2.67,4.4,2.05,1.98,1.7,1.34,2.6,1.03,9.0,1.35,2.98,3.6,1.25,7.5,1.06,2.7,1.33,5.6,1.05,1.0,3.0,2.0,1.0,1.0,0.0,1.0,1.0,0.0,3.0,6.0,3.0,18.0,32.0,14.0,5.0,11.0,6.0,1.0,1.0,0.0,2.0,5.0,3.0,0.25,0.29,0.33,0.09,0.15,0.25,18.0,37.0,19.0,21.0,49.0,28.0,0.0,0.0,0.0,0.0,0.0,0.0,0.0,0.0,0.0,0.0,0.0,0.0,5.0,17.0,12.0,7.0,15.0,8.0,7.0,15.0,8.0,5.0,17.0,12.0,0.0,1.0,1.0,1.0,1.0,0.0,-0.15,-0.14,0.01,-0.34,-0.86,-0.52,0.0,0.0,0.0,0.0,0.0,0.0,3.0,12.0,9.0,3.0,9.0,6.0,0.33,0.4,0.43,0.76,0.68,0.6,0.0,0.0,0.0,0.0,0.0,0.0,13.0,26.0,81.0,101.0,19.0,67.0,101.0,0.66,0.59,0.52,0.86,0.79,0.71,0.82,0.74,0.61,0.91,0.88,0.84,0.33,0.31,0.29,0.67,0.69,0.71,3.0,6.0,3.0,3.0,6.0,3.0,0.0,1.0,1.0,3.0,6.0,3.0,2.0,4.0,2.0,1.0,2.0,1.0,0.0,0.0,0.0,4.0,8.0,4.0,0.56,0.5,0.33,0.6,0.67,0.8,0.0,0.0,0.0,0.0,0.0,0.0,6.0,19.0,13.0,11.0,24.0,13.0,3.0,6.0,3.0,7.0,14.0,7.0,6.0,14.0,8.0,11.0,17.0,6.0,1.01,1.0,1.0,1.0,1.0,1.0,1.0,0.28,1.22,0.94,0.32,0.54,0.22,0.66,2.14,1.48,0.85,0.86,0.01,0.66,2.14,1.48,0.85,0.86,0.01,0.45,1.52,1.07,0.99,1.15,0.16,1
zerEYeu3,BRAZIL,2026,Serie A Betano,BRAZIL 1,02/05/2026,20:30,RODADA 14,Athletico-PR,Grêmio,0,0,0.0,0.0,2.0,3.7,3.25,2.6,4.25,2.17,1.96,1.73,1.31,2.72,1.06,8.81,1.33,3.25,3.5,1.29,6.71,1.1,2.62,1.35,5.6,1.05,2.0,2.0,0.0,1.0,2.0,1.0,2.0,3.0,1.0,0.0,0.0,0.0,11.0,20.0,9.0,10.0,14.0,4.0,2.0,3.0,1.0,3.0,7.0,4.0,0.33,0.23,0.0,0.33,0.25,0.17,31.0,51.0,20.0,15.0,42.0,27.0,0.0,0.0,0.0,0.0,0.0,0.0,0.0,0.0,0.0,0.0,0.0,0.0,5.0,13.0,8.0,7.0,11.0,4.0,7.0,11.0,4.0,5.0,13.0,8.0,1.0,4.0,3.0,0.0,0.0,0.0,0.1,0.42,0.32,0.0,0.0,0.0,0.0,0.0,0.0,0.0,0.0,0.0,1.0,7.0,6.0,5.0,10.0,5.0,0.53,0.49,0.46,0.44,0.47,0.5,0.0,2.0,2.0,0.0,1.0,1.0,13.0,26.0,81.0,101.0,17.0,67.0,101.0,0.82,0.73,0.48,0.55,0.6,0.63,0.9,0.87,0.82,0.73,0.79,0.83,0.69,0.55,0.4,0.31,0.45,0.6,6.0,6.0,0.0,3.0,8.0,5.0,5.0,5.0,0.0,2.0,6.0,4.0,0.0,0.0,0.0,2.0,5.0,3.0,1.0,2.0,1.0,1.0,3.0,2.0,0.88,0.71,0.56,0.5,0.56,0.6,0.0,0.0,0.0,0.0,0.0,0.0,7.0,14.0,7.0,10.0,20.0,10.0,7.0,8.0,1.0,4.0,11.0,7.0,13.0,15.0,2.0,6.0,17.0,11.0,1.01,1.0,1.0,1.0,1.0,1.0,1.0,0.92,0.98,0.06,0.29,0.61,0.32,0.0,0.0,0.0,0.1,0.42,0.32,0.0,0.0,0.0,0.1,0.42,0.32,1.0,1.02,0.02,0.32,0.83,0.51,1
d4NvKdQ9,BRAZIL,2026,Serie A Betano,BRAZIL 1,02/05/2026,18:30,RODADA 14,Palmeiras,Santos,1,1,0.0,1.0,1.52,7.1,3.82,2.07,6.5,2.16,1.91,1.8,1.36,2.88,1.02,10.0,1.29,3.3,3.3,1.29,7.0,1.07,2.88,1.36,7.5,1.06,1.0,2.0,1.0,2.0,4.0,2.0,4.0,6.0,2.0,4.0,6.0,2.0,25.0,38.0,13.0,7.0,17.0,10.0,2.0,4.0,2.0,6.0,9.0,3.0,0.0,0.2,0.33,0.22,0.23,0.23,26.0,49.0,23.0,17.0,32.0,15.0,1.0,1.0,0.0,0.0,0.0,0.0,0.0,0.0,0.0,0.0,0.0,0.0,3.0,5.0,2.0,5.0,9.0,4.0,5.0,9.0,4.0,3.0,5.0,2.0,1.0,2.0,1.0,1.0,3.0,2.0,0.08,0.77,0.69,0.24,-0.56,-0.8,0.0,0.0,0.0,0.0,0.0,0.0,4.0,7.0,3.0,4.0,9.0,5.0,0.61,0.54,0.42,0.27,0.38,0.45,0.0,2.0,2.0,2.0,5.0,3.0,13.0,21.0,67.0,101.0,17.0,67.0,101.0,0.75,0.77,0.8,0.78,0.8,0.83,0.81,0.82,0.82,0.82,0.87,0.9,0.49,0.46,0.43,0.51,0.54,0.57,5.0,8.0,3.0,6.0,13.0,7.0,2.0,4.0,2.0,7.0,13.0,6.0,1.0,4.0,3.0,2.0,3.0,1.0,2.0,6.0,4.0,7.0,9.0,2.0,0.55,0.68,0.82,0.5,0.5,0.5,0.0,1.0,1.0,0.0,2.0,2.0,9.0,14.0,5.0,15.0,26.0,11.0,7.0,14.0,7.0,13.0,22.0,9.0,7.0,18.0,11.0,19.0,32.0,13.0,1.01,1.0,1.0,1.0,1.0,1.0,1.0,0.34,0.94,0.6,0.79,1.84,1.05,0.24,0.44,0.2,1.08,1.77,0.69,0.24,0.44,0.2,1.08,1.77,0.69,0.55,1.07,0.52,1.14,2.26,1.12,1
rLoMWZ9F,BRAZIL,2026,Serie A Betano,BRAZIL 1,02/05/2026,18:30,RODADA 14,Vitória,Coritiba,4,1,2.0,1.0,2.15,3.52,3.03,2.99,4.32,1.95,2.3,1.57,1.33,3.0,1.09,7.0,1.42,2.71,4.25,1.2,8.5,1.06,2.54,1.45,5.33,1.11,0.0,1.0,1.0,2.0,3.0,1.0,1.0,2.0,1.0,2.0,2.0,0.0,8.0,13.0,5.0,6.0,17.0,11.0,3.0,4.0,1.0,2.0,2.0,0.0,0.13,0.17,0.25,0.22,0.15,0.0,22.0,33.0,11.0,22.0,46.0,24.0,0.0,0.0,0.0,0.0,0.0,0.0,0.0,0.0,0.0,0.0,0.0,0.0,4.0,11.0,7.0,10.0,13.0,3.0,10.0,13.0,3.0,4.0,11.0,7.0,2.0,3.0,1.0,0.0,0.0,0.0,-0.58,-1.36,-0.78,0.0,-0.01,-0.01,0.0,0.0,0.0,0.0,0.0,0.0,3.0,7.0,4.0,2.0,10.0,8.0,0.5,0.44,0.41,0.73,0.61,0.54,0.0,0.0,0.0,0.0,0.0,0.0,14.0,34.0,81.0,101.0,12.0,81.0,101.0,0.63,0.67,0.69,0.86,0.8,0.68,0.87,0.85,0.84,0.93,0.92,0.9,0.29,0.39,0.46,0.71,0.61,0.54,0.0,3.0,3.0,5.0,6.0,1.0,0.0,2.0,2.0,1.0,2.0,1.0,0.0,1.0,1.0,4.0,7.0,3.0,1.0,2.0,1.0,2.0,5.0,3.0,0.33,0.42,0.5,0.55,0.56,0.57,0.0,0.0,0.0,0.0,0.0,0.0,5.0,14.0,9.0,4.0,11.0,7.0,1.0,5.0,4.0,7.0,11.0,4.0,6.0,11.0,5.0,12.0,13.0,1.0,1.01,1.0,1.0,1.0,1.01,1.0,1.0,0.15,0.59,0.44,0.28,0.63,0.35,0.0,0.99,0.99,1.42,2.64,1.22,0.0,0.99,0.99,1.42,2.64,1.22,0.02,0.6,0.58,1.43,2.08,0.65,1
8URpbF3j,BRAZIL,2026,Serie A Betano,BRAZIL 1,02/05/2026,16:00,RODADA 14,Botafogo,Remo,1,2,1.0,0.0,1.52,6.33,3.5,2.05,6.33,2.25,1.92,1.82,1.25,3.68,1.06,10.0,1.3,3.34,3.26,1.31,6.6,1.11,2.18,1.64,4.69,1.17,2.0,3.0,1.0,1.0,4.0,3.0,5.0,6.0,1.0,3.0,4.0,1.0,22.0,39.0,17.0,13.0,25.0,12.0,2.0,6.0,4.0,3.0,9.0,6.0,0.17,0.17,0.17,0.29,0.3,0.31,11.0,37.0,26.0,13.0,36.0,23.0,0.0,0.0,0.0,0.0,0.0,0.0,1.0,1.0,0.0,1.0,1.0,0.0,5.0,10.0,5.0,3.0,14.0,11.0,3.0,14.0,11.0,5.0,10.0,5.0,0.0,4.0,4.0,5.0,7.0,2.0,0.0,-0.09,-0.09,-0.83,-0.54,0.29,0.0,1.0,1.0,0.0,0.0,0.0,7.0,9.0,2.0,1.0,2.0,1.0,0.42,0.44,0.48,0.48,0.51,0.53,0.0,2.0,2.0,2.0,2.0,0.0,14.0,31.0,51.0,101.0,11.0,30.0,101.0,0.67,0.69,0.71,0.74,0.69,0.63,0.75,0.78,0.81,0.85,0.85,0.84,0.36,0.42,0.49,0.64,0.58,0.51,6.0,8.0,2.0,3.0,9.0,6.0,1.0,3.0,2.0,3.0,7.0,4.0,7.0,9.0,2.0,0.0,5.0,5.0,7.0,10.0,3.0,3.0,7.0,4.0,0.33,0.55,0.63,0.0,0.4,0.44,1.0,1.0,0.0,0.0,1.0,1.0,11.0,21.0,10.0,10.0,15.0,5.0,13.0,18.0,5.0,6.0,16.0,10.0,14.0,20.0,6.0,18.0,30.0,12.0,1.03,1.01,1.0,1.0,1.04,1.01,1.0,0.41,0.57,0.16,0.62,1.21,0.59,1.17,1.46,0.29,0.0,0.91,0.91,1.17,1.46,0.29,0.0,0.91,0.91,1.38,1.94,0.56,0.39,1.37,0.98,1
00zZ6kVN,BRAZIL,2026,Serie A Betano,BRAZIL 1,26/04/2026,20:30,RODADA 13,Atlético-MG,Flamengo,0,4,0.0,3.0,3.25,2.2,3.15,3.7,2.7,2.14,1.81,1.87,1.37,2.52,1.06,7.22,1.33,3.05,3.48,1.26,6.46,1.08,2.54,1.36,4.87,1.14,1.0,3.0,2.0,1.0,2.0,1.0,0.0,2.0,2.0,6.0,7.0,1.0,13.0,26.0,13.0,3.0,10.0,7.0,0.0,1.0,1.0,3.0,8.0,5.0,0.67,0.44,0.33,0.33,0.25,0.19,18.0,34.0,16.0,14.0,36.0,22.0,0.0,0.0,0.0,0.0,0.0,0.0,1.0,1.0,0.0,0.0,0.0,0.0,5.0,13.0,8.0,4.0,10.0,6.0,4.0,10.0,6.0,5.0,13.0,8.0,2.0,6.0,4.0,0.0,2.0,2.0,0.32,1.19,0.87,-0.01,-0.42,-0.41,1.0,1.0,0.0,1.0,2.0,1.0,2.0,4.0,2.0,5.0,8.0,3.0,0.44,0.54,0.67,0.54,0.68,0.8,1.0,2.0,1.0,0.0,1.0,1.0,12.47,13.82,67.0,101.0,11.17,67.0,101.0,0.81,0.83,0.84,0.82,0.85,0.87,0.9,0.93,0.95,0.9,0.91,0.93,0.48,0.49,0.5,0.52,0.51,0.5,2.0,6.0,4.0,4.0,8.0,4.0,1.0,1.0,0.0,3.0,5.0,2.0,1.0,6.0,5.0,2.0,6.0,4.0,0.0,3.0,3.0,7.0,10.0,3.0,0.38,0.5,0.75,0.67,0.5,0.43,0.0,0.0,0.0,0.0,0.0,0.0,6.0,11.0,5.0,11.0,18.0,7.0,2.0,9.0,7.0,11.0,18.0,7.0,6.0,14.0,8.0,13.0,24.0,11.0,1.02,1.01,1.0,1.0,1.02,1.0,1.0,0.87,2.25,1.38,0.56,0.96,0.4,0.99,3.58,2.59,0.32,1.19,0.87,0.99,3.58,2.59,0.32,1.19,0.87,1.05,2.78,1.73,0.96,1.37,0.41,1
QNNd7bP6,BRAZIL,2026,Serie A Betano,BRAZIL 1,26/04/2026,20:30,RODADA 13,Fluminense,Chapecoense,2,1,0.0,0.0,1.37,9.5,4.1,1.83,8.0,2.3,1.89,1.8,1.37,2.52,1.01,11.0,1.25,3.6,2.6,1.46,6.5,1.08,2.52,1.36,7.5,1.06,0.0,0.0,0.0,2.0,2.0,0.0,1.0,2.0,1.0,3.0,6.0,3.0,13.0,36.0,23.0,7.0,13.0,6.0,1.0,1.0,0.0,4.0,7.0,3.0,0.33,0.4,0.5,0.44,0.31,0.18,16.0,41.0,25.0,27.0,52.0,25.0,0.0,0.0,0.0,0.0,0.0,0.0,0.0,0.0,0.0,0.0,1.0,1.0,12.0,16.0,4.0,5.0,6.0,1.0,5.0,6.0,1.0,12.0,16.0,4.0,2.0,10.0,8.0,2.0,2.0,0.0,-0.65,0.4,1.05,-0.31,-0.31,0.0,0.0,0.0,0.0,0.0,0.0,0.0,4.0,9.0,5.0,0.0,2.0,2.0,0.53,0.4,0.34,0.63,0.69,0.75,0.0,0.0,0.0,0.0,1.0,1.0,11.0,21.0,67.0,101.0,17.0,67.0,101.0,0.7,0.58,0.3,0.86,0.88,0.9,0.86,0.79,0.73,0.93,0.93,0.93,0.29,0.29,0.28,0.71,0.71,0.72,1.0,2.0,1.0,8.0,22.0,14.0,0.0,3.0,3.0,4.0,12.0,8.0,3.0,3.0,0.0,4.0,12.0,8.0,3.0,6.0,3.0,3.0,8.0,5.0,0.33,0.86,1.0,0.67,0.69,0.71,0.0,0.0,0.0,0.0,0.0,0.0,6.0,10.0,4.0,4.0,11.0,7.0,4.0,8.0,4.0,11.0,30.0,19.0,2.0,3.0,1.0,20.0,44.0,24.0,1.01,1.0,1.0,1.0,1.0,1.0,1.0,0.11,0.17,0.06,1.05,2.04,0.99,0.69,0.69,0.0,1.35,2.4,1.05,0.69,0.69,0.0,1.35,2.4,1.05,0.13,0.4,0.27,1.69,2.84,1.15,1
niek9uCi,BRAZIL,2026,Serie A Betano,BRAZIL 1,26/04/2026,18:30,RODADA 13,Athletico-PR,Vitória,3,1,1.0,1.0,1.83,4.34,3.46,2.54,4.72,2.23,1.9,1.81,1.24,3.63,1.05,7.78,1.28,3.31,3.17,1.31,5.79,1.1,2.14,1.63,4.51,1.16,1.0,1.0,0.0,6.0,7.0,1.0,1.0,1.0,0.0,3.0,3.0,0.0,17.0,30.0,13.0,9.0,25.0,16.0,1.0,4.0,3.0,1.0,4.0,3.0,0.2,0.18,0.17,0.25,0.29,0.33,18.0,42.0,24.0,25.0,47.0,22.0,0.0,0.0,0.0,0.0,1.0,1.0,1.0,1.0,0.0,1.0,1.0,0.0,8.0,15.0,7.0,5.0,16.0,11.0,5.0,16.0,11.0,8.0,15.0,7.0,7.0,8.0,1.0,0.0,1.0,1.0,1.64,1.59,-0.05,0.0,-0.76,-0.76,0.0,0.0,0.0,1.0,1.0,0.0,2.0,6.0,4.0,3.0,5.0,2.0,0.56,0.54,0.54,0.63,0.53,0.44,1.0,1.0,0.0,1.0,1.0,0.0,9.48,21.0,67.0,101.0,17.0,67.0,101.0,0.47,0.45,0.42,0.84,0.77,0.67,0.76,0.75,0.73,0.88,0.85,0.82,0.36,0.4,0.43,0.64,0.6,0.57,2.0,4.0,2.0,12.0,15.0,3.0,4.0,4.0,0.0,5.0,9.0,4.0,0.0,2.0,2.0,9.0,11.0,2.0,3.0,3.0,0.0,5.0,8.0,3.0,0.57,0.67,0.75,0.67,0.58,0.5,0.0,0.0,0.0,0.0,0.0,0.0,6.0,15.0,9.0,8.0,18.0,10.0,5.0,7.0,2.0,17.0,23.0,6.0,6.0,8.0,2.0,16.0,23.0,7.0,1.03,1.0,1.0,1.0,1.0,1.0,1.0,0.39,0.46,0.07,1.29,1.51,0.22,0.0,0.24,0.24,3.64,4.59,0.95,0.0,0.24,0.24,3.64,4.59,0.95,0.63,0.72,0.09,2.67,3.63,0.96,1
vonQ8B0B,BRAZIL,2026,Serie A Betano,BRAZIL 1,26/04/2026,18:30,RODADA 13,Red Bull Bragantino,Palmeiras,0,1,0.0,1.0,3.55,2.1,3.15,3.8,2.55,2.2,1.98,1.82,1.22,3.66,1.02,8.3,1.27,3.18,3.24,1.26,6.2,1.06,2.16,1.65,4.6,1.14,0.0,0.0,0.0,0.0,1.0,1.0,0.0,0.0,0.0,2.0,5.0,3.0,17.0,34.0,17.0,6.0,14.0,8.0,1.0,4.0,3.0,5.0,9.0,4.0,0.5,0.33,0.29,0.3,0.32,0.33,22.0,40.0,18.0,20.0,40.0,20.0,0.0,0.0,0.0,0.0,0.0,0.0,0.0,0.0,0.0,0.0,0.0,0.0,10.0,17.0,7.0,4.0,12.0,8.0,4.0,12.0,8.0,10.0,17.0,7.0,3.0,4.0,1.0,2.0,2.0,0.0,0.23,0.96,0.73,0.13,-0.35,-0.48,0.0,0.0,0.0,0.0,0.0,0.0,6.0,8.0,2.0,3.0,10.0,7.0,0.36,0.35,0.34,0.43,0.5,0.57,0.0,2.0,2.0,1.0,1.0,0.0,12.5,17.0,67.0,101.0,12.5,29.0,101.0,0.46,0.5,0.55,0.78,0.73,0.66,0.6,0.71,0.79,0.85,0.84,0.83,0.3,0.39,0.48,0.7,0.61,0.52,2.0,5.0,3.0,7.0,12.0,5.0,1.0,3.0,2.0,4.0,10.0,6.0,2.0,3.0,1.0,3.0,4.0,1.0,1.0,1.0,0.0,2.0,7.0,5.0,0.67,0.67,0.67,0.75,0.71,0.67,0.0,0.0,0.0,0.0,0.0,0.0,8.0,13.0,5.0,10.0,21.0,11.0,3.0,6.0,3.0,9.0,19.0,10.0,5.0,9.0,4.0,13.0,22.0,9.0,1.03,1.01,1.0,1.0,1.03,1.01,1.0,0.27,0.57,0.3,0.54,1.25,0.71,0.13,0.65,0.52,0.23,0.96,0.73,0.13,0.65,0.52,0.23,0.96,0.73,0.22,0.46,0.24,0.3,1.03,0.73,1
WKrIAXVb,BRAZIL,2026,Serie A Betano,BRAZIL 1,26/04/2026,16:00,RODADA 13,Corinthians,Vasco,1,0,1.0,0.0,1.84,4.3,3.3,2.3,4.33,2.25,2.14,1.64,1.3,3.2,1.05,8.0,1.37,2.85,3.8,1.23,7.0,1.07,2.4,1.5,5.5,1.1,1.0,2.0,1.0,1.0,2.0,1.0,2.0,2.0,0.0,0.0,3.0,3.0,8.0,21.0,13.0,13.0,22.0,9.0,5.0,7.0,2.0,1.0,5.0,4.0,0.06,0.09,0.17,0.2,0.29,0.33,14.0,47.0,33.0,24.0,51.0,27.0,0.0,0.0,0.0,0.0,0.0,0.0,0.0,0.0,0.0,1.0,1.0,0.0,9.0,17.0,8.0,0.0,12.0,12.0,0.0,12.0,12.0,9.0,17.0,8.0,1.0,4.0,3.0,5.0,7.0,2.0,0.01,0.54,0.53,0.21,0.42,0.21,0.0,0.0,0.0,0.0,0.0,0.0,3.0,8.0,5.0,7.0,13.0,6.0,0.55,0.44,0.39,0.34,0.37,0.41,0.0,0.0,0.0,0.0,0.0,0.0,11.0,18.0,51.0,101.0,14.0,31.0,101.0,0.88,0.8,0.57,0.56,0.66,0.73,0.9,0.85,0.78,0.64,0.77,0.84,0.72,0.6,0.48,0.28,0.4,0.52,5.0,6.0,1.0,3.0,8.0,5.0,10.0,12.0,2.0,3.0,5.0,2.0,5.0,7.0,2.0,1.0,5.0,4.0,12.0,15.0,3.0,1.0,5.0,4.0,0.67,0.73,0.78,0.75,0.67,0.63,0.0,1.0,1.0,0.0,0.0,0.0,10.0,18.0,8.0,3.0,8.0,5.0,17.0,21.0,4.0,4.0,13.0,9.0,8.0,13.0,5.0,4.0,15.0,11.0,1.02,1.01,1.0,1.0,1.02,1.01,1.0,0.75,1.08,0.33,0.16,0.55,0.39,0.21,0.42,0.21,0.01,1.54,1.53,0.21,0.42,0.21,0.01,1.54,1.53,0.61,1.02,0.41,0.24,0.63,0.39,1
WrR41Tho,BRAZIL,2026,Serie A Betano,BRAZIL 1,26/04/2026,16:00,RODADA 13,Grêmio,"Coritiba
2",1,0,1.0,0.0,1.85,4.1,3.5,2.57,4.5,2.08,1.7,1.99,1.36,2.55,1.02,10.0,1.25,3.6,3.3,1.29,7.0,1.07,2.44,1.39,7.5,1.06,0.0,2.0,2.0,0.0,1.0,1.0,1.0,4.0,3.0,5.0,12.0,7.0,6.0,17.0,11.0,11.0,29.0,18.0,0.0,2.0,2.0,3.0,5.0,2.0,0.25,0.5,0.58,0.2,0.32,0.44,17.0,49.0,32.0,23.0,40.0,17.0,0.0,0.0,0.0,0.0,0.0,0.0,0.0,1.0,1.0,0.0,2.0,2.0,6.0,11.0,5.0,6.0,20.0,14.0,6.0,20.0,14.0,6.0,11.0,5.0,5.0,5.0,0.0,1.0,4.0,3.0,0.69,0.36,-0.33,0.03,0.3,0.27,0.0,0.0,0.0,0.0,0.0,0.0,7.0,11.0,4.0,1.0,5.0,4.0,0.29,0.43,0.56,0.71,0.64,0.54,0.0,0.0,0.0,3.0,5.0,2.0,13.0,21.0,67.0,101.0,17.0,51.0,101.0,0.66,0.67,0.67,0.86,0.8,0.73,0.81,0.81,0.81,0.88,0.87,0.86,0.43,0.44,0.46,0.57,0.56,0.54,2.0,8.0,6.0,7.0,13.0,6.0,2.0,7.0,5.0,1.0,4.0,3.0,1.0,4.0,3.0,5.0,6.0,1.0,2.0,7.0,5.0,4.0,9.0,5.0,1.0,0.8,0.71,0.8,0.75,0.71,0.0,1.0,1.0,0.0,0.0,0.0,12.0,16.0,4.0,9.0,13.0,4.0,4.0,15.0,11.0,11.0,22.0,11.0,12.0,26.0,14.0,18.0,30.0,12.0,1.01,1.0,1.0,1.0,1.0,1.0,1.0,0.18,0.95,0.77,0.55,1.14,0.59,0.03,0.3,0.27,0.69,1.36,0.67,0.03,0.3,0.27,0.69,1.36,0.67,0.14,0.64,0.5,0.52,1.2,0.68,1
CISGCg1n,BRAZIL,2026,Serie A Betano,BRAZIL 1,25/04/2026,21:00,RODADA 13,São Paulo,Mirassol,1,0,0.0,0.0,1.62,5.0,3.6,2.25,5.0,2.3,1.7,1.99,1.37,2.62,1.04,8.32,1.25,3.6,2.9,1.36,5.21,1.13,2.44,1.39,4.19,1.19,1.0,1.0,0.0,1.0,1.0,0.0,1.0,2.0,1.0,0.0,11.0,11.0,12.0,34.0,22.0,21.0,28.0,7.0,4.0,4.0,0.0,6.0,12.0,6.0,0.17,0.15,0.0,0.0,0.04,0.06,32.0,53.0,21.0,20.0,46.0,26.0,0.0,0.0,0.0,0.0,0.0,0.0,0.0,1.0,1.0,0.0,0.0,0.0,7.0,14.0,7.0,6.0,11.0,5.0,6.0,11.0,5.0,7.0,14.0,7.0,0.0,0.0,0.0,0.0,1.0,1.0,-0.32,-0.32,0.0,0.0,0.04,0.04,0.0,0.0,0.0,0.0,0.0,0.0,4.0,12.0,8.0,2.0,10.0,8.0,0.6,0.55,0.5,0.54,0.6,0.66,0.0,1.0,1.0,0.0,0.0,0.0,8.73,12.9,51.0,81.0,11.17,51.0,101.0,0.7,0.64,0.46,0.75,0.79,0.83,0.81,0.8,0.78,0.78,0.84,0.89,0.54,0.47,0.41,0.46,0.53,0.59,4.0,6.0,2.0,2.0,7.0,5.0,6.0,7.0,1.0,3.0,5.0,2.0,0.0,1.0,1.0,1.0,1.0,0.0,3.0,4.0,1.0,2.0,10.0,8.0,0.67,0.56,0.33,0.57,0.5,0.45,1.0,1.0,0.0,0.0,0.0,0.0,11.0,23.0,12.0,13.0,22.0,9.0,7.0,10.0,3.0,4.0,17.0,13.0,12.0,15.0,3.0,14.0,27.0,13.0,1.04,1.01,1.0,1.0,1.02,1.0,1.0,0.91,0.95,0.04,0.77,1.29,0.52,0.0,0.04,0.04,0.68,0.68,0.0,0.0,0.04,0.04,0.68,0.68,0.0,1.14,1.21,0.07,0.34,0.94,0.6,1
K4gc7Jt4,BRAZIL,2026,Serie A Betano,BRAZIL 1,25/04/2026,18:30,RODADA 13,Bahia,Santos,2,2,0.0,2.0,1.83,4.0,3.5,2.4,4.5,2.22,1.74,1.93,1.35,2.57,1.02,10.0,1.25,3.6,3.3,1.29,7.0,1.07,2.47,1.38,7.5,1.06,2.0,4.0,2.0,1.0,1.0,0.0,1.0,2.0,1.0,4.0,6.0,2.0,20.0,38.0,18.0,14.0,26.0,12.0,2.0,3.0,1.0,3.0,5.0,2.0,0.22,0.36,0.6,0.28,0.41,0.67,28.0,55.0,27.0,32.0,66.0,34.0,0.0,0.0,0.0,0.0,0.0,0.0,0.0,2.0,2.0,0.0,0.0,0.0,10.0,17.0,7.0,8.0,16.0,8.0,8.0,16.0,8.0,10.0,17.0,7.0,2.0,3.0,1.0,2.0,3.0,1.0,-0.67,-0.09,0.58,0.43,0.07,-0.36,0.0,0.0,0.0,0.0,1.0,1.0,6.0,8.0,2.0,7.0,10.0,3.0,0.36,0.35,0.35,0.36,0.33,0.31,0.0,1.0,1.0,0.0,1.0,1.0,13.0,21.0,67.0,101.0,17.0,67.0,101.0,0.61,0.58,0.54,0.82,0.8,0.74,0.73,0.76,0.78,0.88,0.87,0.87,0.32,0.36,0.41,0.68,0.64,0.59,4.0,8.0,4.0,5.0,10.0,5.0,4.0,4.0,0.0,3.0,7.0,4.0,2.0,5.0,3.0,4.0,5.0,1.0,3.0,3.0,0.0,6.0,8.0,2.0,0.56,0.71,0.88,0.44,0.45,0.45,0.0,0.0,0.0,0.0,0.0,0.0,4.0,13.0,9.0,13.0,30.0,17.0,7.0,11.0,4.0,11.0,18.0,7.0,14.0,26.0,12.0,15.0,25.0,10.0,1.01,1.0,1.0,1.0,1.0,1.0,1.0,0.34,0.52,0.18,0.61,1.57,0.96,0.43,2.07,1.64,1.33,1.91,0.58,0.43,2.07,1.64,1.33,1.91,0.58,0.95,2.63,1.68,0.63,1.24,0.61,1
MkH55xfJ,BRAZIL,2026,Serie A Betano,BRAZIL 1,25/04/2026,18:30,RODADA 13,Botafogo,Internacional,2,2,0.0,0.0,2.33,2.85,3.1,3.0,3.5,2.12,2.0,1.7,1.27,3.4,1.05,7.0,1.32,3.0,3.33,1.26,6.0,1.08,2.28,1.55,5.0,1.14,0.0,0.0,0.0,1.0,1.0,0.0,2.0,2.0,0.0,1.0,3.0,2.0,8.0,24.0,16.0,16.0,28.0,12.0,3.0,5.0,2.0,1.0,3.0,2.0,0.0,0.15,0.33,0.67,0.44,0.14,24.0,48.0,24.0,34.0,64.0,30.0,1.0,1.0,0.0,0.0,0.0,0.0,1.0,2.0,1.0,0.0,0.0,0.0,8.0,14.0,6.0,10.0,16.0,6.0,10.0,16.0,6.0,8.0,14.0,6.0,5.0,5.0,0.0,1.0,2.0,1.0,0.37,0.37,0.0,-1.53,-1.36,0.17,0.0,0.0,0.0,1.0,1.0,0.0,2.0,12.0,10.0,5.0,11.0,6.0,0.44,0.4,0.36,0.4,0.44,0.47,2.0,3.0,1.0,0.0,2.0,2.0,10.0,36.0,51.0,101.0,12.0,34.0,101.0,0.55,0.52,0.47,0.55,0.54,0.54,0.67,0.67,0.67,0.76,0.77,0.77,0.45,0.47,0.49,0.55,0.53,0.51,0.0,2.0,2.0,9.0,12.0,3.0,1.0,2.0,1.0,3.0,6.0,3.0,3.0,4.0,1.0,7.0,7.0,0.0,6.0,6.0,0.0,2.0,4.0,2.0,0.67,0.61,0.56,0.73,0.68,0.57,0.0,0.0,0.0,0.0,0.0,0.0,7.0,23.0,16.0,12.0,24.0,12.0,6.0,8.0,2.0,11.0,16.0,5.0,5.0,10.0,5.0,13.0,16.0,3.0,1.02,1.01,1.0,1.0,1.03,1.01,1.0,0.06,0.43,0.37,0.43,0.57,0.14,0.47,0.64,0.17,2.37,2.37,0.0,0.47,0.64,0.17,2.37,2.37,0.0,0.24,0.44,0.2,1.19,1.4,0.21,1
GWn65cBG,BRAZIL,2026,Serie A Betano,BRAZIL 1,25/04/2026,18:30,RODADA 13,Remo,Cruzeiro,0,1,0.0,1.0,3.1,2.2,3.1,3.66,2.75,2.2,1.91,1.8,1.36,2.88,1.02,10.0,1.29,3.3,3.3,1.29,7.0,1.07,2.88,1.36,7.5,1.06,0.0,0.0,0.0,1.0,1.0,0.0,0.0,0.0,0.0,4.0,5.0,1.0,34.0,48.0,14.0,15.0,29.0,14.0,1.0,1.0,0.0,3.0,4.0,1.0,0.0,0.07,0.11,0.38,0.35,0.3,36.0,59.0,23.0,27.0,64.0,37.0,0.0,0.0,0.0,0.0,0.0,0.0,0.0,0.0,0.0,0.0,0.0,0.0,9.0,22.0,13.0,6.0,15.0,9.0,6.0,15.0,9.0,9.0,22.0,13.0,1.0,1.0,0.0,4.0,5.0,1.0,0.03,0.03,0.0,0.56,-0.08,-0.64,0.0,0.0,0.0,0.0,0.0,0.0,6.0,10.0,4.0,2.0,9.0,7.0,0.29,0.3,0.32,0.45,0.43,0.4,4.0,4.0,0.0,0.0,0.0,0.0,13.0,21.0,67.0,101.0,17.0,67.0,101.0,0.58,0.58,0.58,0.65,0.63,0.58,0.78,0.79,0.8,0.8,0.78,0.75,0.45,0.53,0.62,0.55,0.47,0.38,2.0,3.0,1.0,4.0,6.0,2.0,0.0,0.0,0.0,4.0,8.0,4.0,4.0,6.0,2.0,1.0,1.0,0.0,2.0,3.0,1.0,5.0,8.0,3.0,0.36,0.47,0.63,0.5,0.63,0.75,0.0,0.0,0.0,0.0,0.0,0.0,8.0,17.0,9.0,16.0,30.0,14.0,4.0,6.0,2.0,9.0,14.0,5.0,7.0,16.0,9.0,10.0,14.0,4.0,1.01,1.0,1.0,1.0,1.0,1.0,1.0,0.08,0.26,0.18,0.4,0.63,0.23,0.56,0.92,0.36,0.03,0.03,0.0,0.56,0.92,0.36,0.03,0.03,0.0,0.09,0.2,0.11,0.74,0.99,0.25,1
27VXsrde,BRAZIL,2026,Serie A Betano,BRAZIL 1,19/04/2026,19:30,RODADA 12,Flamengo,Bahia,2,0,1.0,0.0,1.52,5.72,4.39,1.96,6.39,2.48,1.75,2.0,1.2,4.0,1.04,10.0,1.23,3.8,2.85,1.38,5.66,1.13,2.05,1.7,4.2,1.18,0.0,0.0,0.0,3.0,4.0,1.0,1.0,2.0,1.0,3.0,6.0,3.0,11.0,18.0,7.0,11.0,23.0,12.0,0.0,1.0,1.0,4.0,6.0,2.0,0.18,0.21,0.25,0.4,0.36,0.25,23.0,41.0,18.0,23.0,45.0,22.0,0.0,0.0,0.0,0.0,0.0,0.0,1.0,1.0,0.0,0.0,0.0,0.0,3.0,8.0,5.0,5.0,12.0,7.0,5.0,12.0,7.0,3.0,8.0,5.0,5.0,6.0,1.0,3.0,5.0,2.0,0.46,0.46,0.0,0.29,0.39,0.1,1.0,1.0,0.0,2.0,2.0,0.0,8.0,16.0,8.0,2.0,7.0,5.0,0.58,0.44,0.33,0.5,0.62,0.71,1.0,2.0,1.0,0.0,0.0,0.0,11.0,19.0,51.0,101.0,17.0,51.0,101.0,0.88,0.85,0.8,0.75,0.77,0.78,0.92,0.89,0.85,0.87,0.88,0.88,0.57,0.48,0.39,0.43,0.52,0.61,3.0,6.0,3.0,9.0,12.0,3.0,3.0,6.0,3.0,4.0,6.0,2.0,3.0,5.0,2.0,6.0,8.0,2.0,4.0,7.0,3.0,4.0,8.0,4.0,0.67,0.75,0.83,0.17,0.27,0.4,0.0,0.0,0.0,0.0,1.0,1.0,5.0,12.0,7.0,4.0,13.0,9.0,7.0,13.0,6.0,13.0,20.0,7.0,10.0,14.0,4.0,22.0,39.0,17.0,1.03,1.0,1.0,1.0,1.01,1.0,1.0,0.4,0.55,0.15,0.83,1.63,0.8,0.29,0.39,0.1,1.46,2.46,1.0,0.29,0.39,0.1,1.46,2.46,1.0,0.33,0.63,0.3,1.47,2.18,0.71,1
ne5y23mR,BRAZIL,2026,Serie A Betano,BRAZIL 1,19/04/2026,18:30,RODADA 12,Palmeiras,Athletico-PR,1,0,1.0,0.0,1.44,6.6,4.3,1.88,6.8,2.31,1.83,1.85,1.35,2.57,1.03,7.8,1.23,2.9,2.8,1.26,4.5,1.08,2.57,1.35,4.5,1.17,0.0,0.0,0.0,0.0,1.0,1.0,2.0,4.0,2.0,1.0,5.0,4.0,10.0,27.0,17.0,12.0,17.0,5.0,2.0,3.0,1.0,3.0,9.0,6.0,0.17,0.19,0.33,0.2,0.11,0.08,27.0,39.0,12.0,21.0,40.0,19.0,0.0,0.0,0.0,0.0,0.0,0.0,0.0,0.0,0.0,0.0,0.0,0.0,13.0,22.0,9.0,5.0,9.0,4.0,5.0,9.0,4.0,13.0,22.0,9.0,0.0,1.0,1.0,2.0,3.0,1.0,0.0,-0.04,-0.04,0.37,0.49,0.12,0.0,0.0,0.0,0.0,0.0,0.0,5.0,10.0,5.0,4.0,10.0,6.0,0.74,0.5,0.26,0.18,0.35,0.55,1.0,2.0,1.0,1.0,1.0,0.0,9.4,14.74,67.0,101.0,12.1,67.0,101.0,0.85,0.81,0.64,0.45,0.59,0.67,0.9,0.87,0.82,0.72,0.82,0.87,0.65,0.5,0.37,0.35,0.5,0.63,2.0,4.0,2.0,2.0,6.0,4.0,2.0,2.0,0.0,1.0,3.0,2.0,2.0,3.0,1.0,0.0,2.0,2.0,4.0,5.0,1.0,0.0,4.0,4.0,0.63,0.58,0.33,0.75,0.8,1.0,0.0,0.0,0.0,0.0,1.0,1.0,8.0,12.0,4.0,10.0,22.0,12.0,6.0,9.0,3.0,2.0,10.0,8.0,11.0,14.0,3.0,3.0,18.0,15.0,1.02,1.01,1.0,1.0,1.01,1.0,1.0,0.59,0.68,0.09,0.1,0.5,0.4,0.37,0.49,0.12,0.0,0.96,0.96,0.37,0.49,0.12,0.0,0.96,0.96,0.23,0.43,0.2,0.06,0.33,0.27,1
dUj7dsBl,BRAZIL,2026,Serie A Betano,BRAZIL 1,19/04/2026,18:30,RODADA 12,Red Bull Bragantino,Remo,4,2,2.0,2.0,1.68,5.33,3.75,2.18,5.55,2.26,1.91,1.8,1.33,3.0,1.02,10.0,1.25,3.6,3.3,1.29,7.0,1.07,2.88,1.36,7.5,1.06,0.0,1.0,1.0,0.0,1.0,1.0,1.0,1.0,0.0,3.0,3.0,0.0,6.0,16.0,10.0,14.0,23.0,9.0,1.0,1.0,0.0,1.0,1.0,0.0,0.14,0.25,0.33,0.29,0.31,0.33,18.0,45.0,27.0,25.0,48.0,23.0,0.0,0.0,0.0,0.0,1.0,1.0,1.0,1.0,0.0,0.0,0.0,0.0,4.0,12.0,8.0,3.0,11.0,8.0,3.0,11.0,8.0,4.0,12.0,8.0,3.0,5.0,2.0,0.0,1.0,1.0,1.76,2.31,0.55,0.0,-1.55,-1.55,0.0,0.0,0.0,0.0,0.0,0.0,2.0,7.0,5.0,3.0,3.0,0.0,0.51,0.52,0.54,0.58,0.57,0.57,2.0,3.0,1.0,4.0,7.0,3.0,13.0,21.0,67.0,101.0,17.0,51.0,101.0,0.73,0.66,0.55,0.67,0.68,0.68,0.84,0.8,0.74,0.82,0.84,0.85,0.55,0.49,0.41,0.45,0.51,0.59,1.0,4.0,3.0,7.0,13.0,6.0,1.0,3.0,2.0,2.0,6.0,4.0,0.0,3.0,3.0,3.0,7.0,4.0,1.0,3.0,2.0,1.0,3.0,2.0,0.4,0.45,0.5,0.57,0.54,0.5,0.0,0.0,0.0,1.0,2.0,1.0,11.0,18.0,7.0,8.0,11.0,3.0,2.0,7.0,5.0,8.0,16.0,8.0,3.0,8.0,5.0,13.0,28.0,15.0,1.01,1.0,1.0,1.0,1.0,1.0,1.0,0.17,0.32,0.15,0.72,1.55,0.83,0.0,0.45,0.45,1.76,4.31,2.55,0.0,0.45,0.45,1.76,4.31,2.55,0.07,0.5,0.43,0.8,1.56,0.76,1
tIQAG22K,BRAZIL,2026,Serie A Betano,BRAZIL 1,19/04/2026,16:00,RODADA 12,Coritiba,Atlético-MG,2,0,1.0,0.0,2.45,2.85,3.0,3.25,3.75,1.95,2.41,1.5,1.32,3.1,1.09,6.4,1.46,2.5,4.6,1.17,8.8,1.05,2.55,1.45,5.8,1.1,0.0,0.0,0.0,0.0,1.0,1.0,2.0,7.0,5.0,0.0,0.0,0.0,0.0,4.0,4.0,14.0,32.0,18.0,4.0,8.0,4.0,1.0,2.0,1.0,0.31,0.18,0.0,0.0,0.33,0.5,30.0,47.0,17.0,19.0,45.0,26.0,1.0,1.0,0.0,0.0,0.0,0.0,0.0,0.0,0.0,0.0,0.0,0.0,4.0,10.0,6.0,10.0,18.0,8.0,10.0,18.0,8.0,4.0,10.0,6.0,0.0,0.0,0.0,2.0,7.0,5.0,-0.73,-1.18,-0.45,0.7,1.78,1.08,0.0,1.0,1.0,0.0,0.0,0.0,3.0,7.0,4.0,5.0,14.0,9.0,0.85,0.73,0.66,0.45,0.41,0.38,0.0,1.0,1.0,2.0,3.0,1.0,13.0,18.0,101.0,101.0,14.5,81.0,101.0,0.84,0.84,0.84,0.29,0.37,0.42,0.92,0.9,0.89,0.61,0.65,0.68,0.81,0.77,0.73,0.19,0.23,0.27,3.0,11.0,8.0,1.0,2.0,1.0,5.0,9.0,4.0,0.0,0.0,0.0,2.0,7.0,5.0,1.0,2.0,1.0,6.0,12.0,6.0,0.0,0.0,0.0,0.8,0.78,0.75,0.44,0.52,0.58,0.0,0.0,0.0,0.0,0.0,0.0,10.0,24.0,14.0,5.0,8.0,3.0,9.0,23.0,14.0,1.0,2.0,1.0,16.0,31.0,15.0,3.0,9.0,6.0,1.01,1.0,1.0,1.0,1.01,1.0,1.0,0.29,0.78,0.49,0.02,0.17,0.15,0.7,1.78,1.08,0.27,0.82,0.55,0.7,1.78,1.08,0.27,0.82,0.55,0.48,1.29,0.81,0.18,1.0,0.82,1
QuHS3PIE,BRAZIL,2026,Serie A Betano,BRAZIL 1,19/04/2026,16:00,RODADA 12,Santos,Fluminense,2,3,1.0,1.0,2.4,3.06,3.16,3.3,4.06,1.92,2.55,1.46,1.27,3.32,1.08,7.0,1.51,2.4,4.1,1.21,7.8,1.06,2.32,1.51,5.34,1.11,2.0,2.0,0.0,2.0,4.0,2.0,0.0,1.0,1.0,1.0,2.0,1.0,20.0,28.0,8.0,6.0,18.0,12.0,0.0,4.0,4.0,4.0,6.0,2.0,0.25,0.33,0.36,0.2,0.21,0.25,31.0,57.0,26.0,27.0,51.0,24.0,0.0,1.0,1.0,0.0,0.0,0.0,1.0,1.0,0.0,0.0,0.0,0.0,6.0,14.0,8.0,8.0,13.0,5.0,8.0,13.0,5.0,6.0,14.0,8.0,2.0,2.0,0.0,0.0,0.0,0.0,0.59,0.25,-0.34,-0.28,-1.0,-0.72,0.0,0.0,0.0,0.0,0.0,0.0,3.0,4.0,1.0,4.0,7.0,3.0,0.57,0.54,0.5,0.53,0.56,0.6,1.0,2.0,1.0,1.0,1.0,0.0,12.0,51.0,101.0,101.0,21.0,81.0,101.0,0.84,0.81,0.79,0.71,0.71,0.73,0.86,0.86,0.87,0.86,0.85,0.85,0.49,0.53,0.57,0.51,0.47,0.43,2.0,4.0,2.0,4.0,6.0,2.0,0.0,6.0,6.0,0.0,1.0,1.0,2.0,3.0,1.0,3.0,4.0,1.0,0.0,6.0,6.0,0.0,1.0,1.0,0.67,0.7,0.73,0.7,0.7,0.7,0.0,0.0,0.0,0.0,0.0,0.0,12.0,19.0,7.0,11.0,16.0,5.0,2.0,10.0,8.0,4.0,7.0,3.0,4.0,14.0,10.0,11.0,19.0,8.0,1.01,1.0,1.0,1.0,1.0,1.0,1.0,0.75,1.07,0.32,0.59,0.84,0.25,1.72,2.0,0.28,1.59,2.25,0.66,1.72,2.0,0.28,1.59,2.25,0.66,0.5,0.8,0.3,0.73,1.2,0.47,1
Q9rOhaAD,BRAZIL,2026,Serie A Betano,BRAZIL 1,19/04/2026,11:00,RODADA 12,Internacional,Mirassol,1,2,0.0,2.0,1.78,4.71,3.63,2.3,5.04,2.24,1.92,1.75,1.25,3.6,1.06,6.66,1.3,3.1,3.33,1.26,6.33,1.07,2.2,1.6,5.0,1.14,1.0,3.0,2.0,0.0,1.0,1.0,2.0,4.0,2.0,6.0,7.0,1.0,28.0,56.0,28.0,4.0,6.0,2.0,2.0,2.0,0.0,6.0,11.0,5.0,0.33,0.5,0.67,0.09,0.08,0.08,26.0,46.0,20.0,28.0,49.0,21.0,0.0,0.0,0.0,0.0,0.0,0.0,0.0,2.0,2.0,1.0,1.0,0.0,9.0,15.0,6.0,4.0,6.0,2.0,4.0,6.0,2.0,9.0,15.0,6.0,3.0,6.0,3.0,0.0,1.0,1.0,-0.17,0.6,0.77,0.0,-0.67,-0.67,0.0,0.0,0.0,0.0,0.0,0.0,5.0,8.0,3.0,1.0,4.0,3.0,0.4,0.4,0.4,0.7,0.61,0.54,1.0,2.0,1.0,1.0,2.0,1.0,11.0,21.0,67.0,101.0,17.0,51.0,101.0,0.52,0.57,0.61,0.81,0.81,0.82,0.68,0.71,0.73,0.89,0.88,0.88,0.23,0.28,0.32,0.77,0.72,0.68,3.0,9.0,6.0,10.0,14.0,4.0,1.0,2.0,1.0,6.0,10.0,4.0,1.0,4.0,3.0,4.0,8.0,4.0,1.0,1.0,0.0,6.0,11.0,5.0,0.5,0.6,0.71,0.6,0.53,0.44,0.0,1.0,1.0,0.0,0.0,0.0,8.0,12.0,4.0,17.0,29.0,12.0,4.0,10.0,6.0,16.0,25.0,9.0,5.0,14.0,9.0,37.0,55.0,18.0,1.01,1.0,1.0,1.0,1.0,1.0,1.0,0.17,0.67,0.5,0.97,1.63,0.66,0.0,1.33,1.33,0.83,1.6,0.77,0.0,1.33,1.33,0.83,1.6,0.77,0.48,1.74,1.26,0.94,1.7,0.76,1
hdpGfLu1,BRAZIL,2026,Serie A Betano,BRAZIL 1,18/04/2026,20:30,RODADA 12,Cruzeiro,Grêmio,2,0,0.0,0.0,1.69,4.75,3.6,2.25,5.0,2.25,1.83,1.83,1.25,3.6,1.04,8.0,1.26,3.33,3.0,1.32,5.5,1.1,2.1,1.66,5.0,1.14,1.0,1.0,0.0,1.0,2.0,1.0,1.0,2.0,1.0,0.0,1.0,1.0,10.0,27.0,17.0,15.0,25.0,10.0,1.0,1.0,0.0,1.0,4.0,3.0,0.3,0.29,0.25,0.0,0.24,0.33,26.0,48.0,22.0,25.0,44.0,19.0,0.0,0.0,0.0,0.0,0.0,0.0,0.0,0.0,0.0,0.0,0.0,0.0,6.0,13.0,7.0,9.0,16.0,7.0,9.0,16.0,7.0,6.0,13.0,7.0,2.0,4.0,2.0,0.0,1.0,1.0,-1.39,-0.51,0.88,0.0,0.23,0.23,0.0,1.0,1.0,1.0,1.0,0.0,5.0,10.0,5.0,1.0,3.0,2.0,0.76,0.58,0.41,0.61,0.57,0.53,2.0,2.0,0.0,1.0,1.0,0.0,10.0,29.0,51.0,101.0,11.0,29.0,101.0,0.8,0.67,0.44,0.69,0.74,0.77,0.94,0.9,0.83,0.85,0.86,0.86,0.72,0.59,0.42,0.28,0.41,0.58,3.0,4.0,1.0,5.0,13.0,8.0,4.0,6.0,2.0,4.0,11.0,7.0,0.0,1.0,1.0,4.0,6.0,2.0,2.0,5.0,3.0,3.0,5.0,2.0,0.71,0.64,0.57,0.42,0.42,0.43,0.0,0.0,0.0,0.0,0.0,0.0,3.0,10.0,7.0,9.0,20.0,11.0,5.0,9.0,4.0,8.0,18.0,10.0,16.0,21.0,5.0,13.0,28.0,15.0,1.02,1.01,1.0,1.0,1.04,1.01,1.0,0.38,0.45,0.07,0.52,1.28,0.76,0.0,0.23,0.23,0.61,1.49,0.88,0.0,0.23,0.23,0.61,1.49,0.88,0.27,0.52,0.25,0.64,1.85,1.21,1
drWuBtQs,BRAZIL,2026,Serie A Betano,BRAZIL 1,18/04/2026,20:00,RODADA 12,Vitória,Corinthians,0,0,,,2.62,2.91,3.09,3.35,3.65,1.97,2.24,1.58,1.5,2.4,1.09,6.4,1.41,2.7,4.4,1.19,8.4,1.05,3.6,1.25,9.0,1.03,0.0,0.0,0.0,0.0,0.0,0.0,2.0,3.0,1.0,2.0,5.0,3.0,19.0,25.0,6.0,11.0,14.0,3.0,2.0,2.0,0.0,3.0,4.0,1.0,0.2,0.18,0.0,0.0,0.15,0.5,23.0,49.0,26.0,18.0,39.0,21.0,0.0,0.0,0.0,0.0,0.0,0.0,1.0,1.0,0.0,0.0,0.0,0.0,6.0,14.0,8.0,7.0,13.0,6.0,7.0,13.0,6.0,6.0,14.0,8.0,1.0,1.0,0.0,0.0,0.0,0.0,0.07,0.07,0.0,0.0,0.0,0.0,0.0,0.0,0.0,0.0,0.0,0.0,3.0,6.0,3.0,3.0,8.0,5.0,0.6,0.56,0.52,0.46,0.57,0.67,0.0,0.0,0.0,2.0,3.0,1.0,13.0,51.0,101.0,101.0,21.0,81.0,101.0,0.77,0.76,0.75,0.67,0.66,0.63,0.83,0.84,0.84,0.85,0.87,0.89,0.43,0.46,0.48,0.57,0.54,0.52,2.0,3.0,1.0,2.0,7.0,5.0,2.0,4.0,2.0,3.0,7.0,4.0,0.0,0.0,0.0,1.0,1.0,0.0,2.0,4.0,2.0,4.0,6.0,2.0,1.0,0.67,0.5,0.67,0.77,0.86,0.0,0.0,0.0,0.0,0.0,0.0,5.0,13.0,8.0,16.0,27.0,11.0,4.0,7.0,3.0,6.0,13.0,7.0,14.0,15.0,1.0,5.0,14.0,9.0,1.01,1.0,1.0,1.0,1.0,1.0,1.0,0.28,0.39,0.11,0.16,0.32,0.16,0.0,0.0,0.0,0.07,0.07,0.0,0.0,0.0,0.0,0.07,0.07,0.0,0.12,0.18,0.06,0.26,0.64,0.38,1
IcKl9Kff,BRAZIL,2026,Serie A Betano,BRAZIL 1,18/04/2026,18:30,RODADA 12,Chapecoense,Botafogo,1,4,1.0,3.0,3.1,2.14,3.2,3.75,2.8,2.14,1.95,1.74,1.38,2.46,1.06,10.0,1.32,3.25,3.45,1.29,7.5,1.1,2.64,1.36,4.25,1.15,1.0,4.0,3.0,0.0,0.0,0.0,0.0,0.0,0.0,1.0,3.0,2.0,10.0,21.0,11.0,4.0,13.0,9.0,2.0,4.0,2.0,2.0,4.0,2.0,0.4,0.35,0.29,0.36,0.2,0.0,21.0,35.0,14.0,22.0,38.0,16.0,0.0,0.0,0.0,0.0,1.0,1.0,0.0,0.0,0.0,1.0,1.0,0.0,5.0,7.0,2.0,3.0,6.0,3.0,3.0,6.0,3.0,5.0,7.0,2.0,1.0,3.0,2.0,0.0,4.0,4.0,0.0,-0.42,-0.42,-0.61,-1.23,-0.62,0.0,0.0,0.0,0.0,0.0,0.0,2.0,3.0,1.0,3.0,5.0,2.0,0.48,0.56,0.65,0.56,0.58,0.61,1.0,1.0,0.0,1.0,1.0,0.0,14.0,21.0,67.0,101.0,7.75,51.0,101.0,0.78,0.81,0.86,0.52,0.7,0.82,0.87,0.89,0.91,0.83,0.85,0.88,0.5,0.51,0.52,0.5,0.49,0.48,2.0,7.0,5.0,1.0,1.0,0.0,3.0,5.0,2.0,0.0,3.0,3.0,1.0,8.0,7.0,0.0,3.0,3.0,2.0,6.0,4.0,0.0,8.0,8.0,0.43,0.5,0.6,0.5,0.82,1.0,0.0,2.0,2.0,0.0,0.0,0.0,5.0,18.0,13.0,13.0,20.0,7.0,4.0,13.0,9.0,1.0,9.0,8.0,10.0,19.0,9.0,5.0,9.0,4.0,1.03,1.0,1.0,1.0,1.03,1.0,1.0,0.42,1.03,0.61,0.1,0.26,0.16,0.39,2.77,2.38,0.0,0.58,0.58,0.39,2.77,2.38,0.0,0.58,0.58,0.21,1.03,0.82,0.02,0.26,0.24,1
bZOttMQ7,BRAZIL,2026,Serie A Betano,BRAZIL 1,18/04/2026,18:30,RODADA 12,Vasco,São Paulo,2,1,0.0,1.0,2.43,3.1,3.35,3.0,3.6,2.07,2.06,1.68,1.44,2.13,1.07,7.4,1.35,3.05,3.6,1.26,6.8,1.08,2.84,1.25,6.2,1.01,3.0,5.0,2.0,2.0,2.0,0.0,0.0,2.0,2.0,4.0,7.0,3.0,23.0,40.0,17.0,14.0,23.0,9.0,3.0,5.0,2.0,1.0,6.0,5.0,0.4,0.2,0.1,0.33,0.36,0.4,19.0,44.0,25.0,28.0,57.0,29.0,0.0,0.0,0.0,0.0,1.0,1.0,0.0,0.0,0.0,0.0,0.0,0.0,11.0,20.0,9.0,6.0,14.0,8.0,6.0,14.0,8.0,11.0,20.0,9.0,1.0,3.0,2.0,0.0,1.0,1.0,-0.34,-0.09,0.25,0.0,0.03,0.03,0.0,0.0,0.0,0.0,1.0,1.0,5.0,13.0,8.0,10.0,14.0,4.0,0.26,0.38,0.5,0.28,0.32,0.38,0.0,0.0,0.0,0.0,0.0,0.0,11.0,26.0,81.0,101.0,19.0,67.0,101.0,0.59,0.63,0.65,0.76,0.75,0.74,0.69,0.75,0.78,0.85,0.85,0.85,0.33,0.38,0.41,0.67,0.62,0.59,4.0,8.0,4.0,7.0,13.0,6.0,4.0,4.0,0.0,4.0,8.0,4.0,2.0,4.0,2.0,3.0,5.0,2.0,2.0,2.0,0.0,4.0,7.0,3.0,0.67,0.67,0.67,0.83,0.76,0.73,0.0,0.0,0.0,0.0,0.0,0.0,11.0,20.0,9.0,8.0,21.0,13.0,6.0,10.0,4.0,11.0,20.0,9.0,8.0,25.0,17.0,14.0,28.0,14.0,1.02,1.0,1.0,1.0,1.0,1.0,1.0,0.98,1.42,0.44,0.72,1.32,0.6,0.0,1.03,1.03,1.66,1.91,0.25,0.0,1.03,1.03,1.66,1.91,0.25,1.22,2.4,1.18,1.83,2.18,0.35,1
E7jKxmKF,BRAZIL,2026,Serie A Betano,BRAZIL 1,12/04/2026,18:30,RODADA 11,"Corinthians
2",Palmeiras,0,0,0.0,0.0,2.62,2.52,3.19,3.1,3.05,2.06,2.03,1.71,1.26,3.45,1.04,8.45,1.33,3.08,3.58,1.25,6.95,1.07,2.25,1.57,5.1,1.13,0.0,0.0,0.0,1.0,1.0,0.0,9.0,9.0,0.0,0.0,0.0,0.0,6.0,11.0,5.0,24.0,38.0,14.0,4.0,7.0,3.0,2.0,2.0,0.0,0.2,0.14,0.0,0.33,0.57,0.75,30.0,56.0,26.0,18.0,51.0,33.0,0.0,0.0,0.0,0.0,0.0,0.0,0.0,0.0,0.0,0.0,0.0,0.0,6.0,16.0,10.0,6.0,17.0,11.0,6.0,17.0,11.0,6.0,16.0,10.0,3.0,4.0,1.0,5.0,5.0,0.0,0.45,0.47,0.02,0.38,0.38,0.0,0.0,0.0,0.0,0.0,0.0,0.0,2.0,5.0,3.0,1.0,4.0,3.0,0.67,0.57,0.48,0.11,0.3,0.44,0.0,0.0,0.0,0.0,0.0,0.0,10.95,26.0,81.0,101.0,12.1,67.0,101.0,0.86,0.77,0.58,0.38,0.56,0.69,0.89,0.85,0.81,0.53,0.72,0.78,0.81,0.68,0.57,0.19,0.32,0.43,5.0,5.0,0.0,2.0,4.0,2.0,3.0,3.0,0.0,0.0,2.0,2.0,4.0,4.0,0.0,3.0,4.0,1.0,11.0,11.0,0.0,1.0,2.0,1.0,1.0,0.73,0.6,0.43,0.59,0.7,0.0,0.0,0.0,0.0,0.0,0.0,11.0,27.0,16.0,10.0,19.0,9.0,16.0,16.0,0.0,3.0,6.0,3.0,16.0,19.0,3.0,7.0,12.0,5.0,1.01,1.0,1.0,1.0,1.01,1.0,1.0,0.89,0.97,0.08,0.17,0.26,0.09,0.38,0.38,0.0,0.45,0.47,0.02,0.38,0.38,0.0,0.45,0.47,0.02,0.94,0.94,0.0,0.51,0.55,0.04,1
Gj7jV4Ck,BRAZIL,2026,Serie A Betano,BRAZIL 1,12/04/2026,18:30,RODADA 11,Cruzeiro,Red Bull Bragantino,2,1,1.0,1.0,1.76,4.8,3.85,2.28,4.75,2.23,1.88,1.78,1.25,3.6,1.05,7.5,1.27,3.25,3.1,1.3,5.75,1.1,2.2,1.6,5.0,1.14,0.0,0.0,0.0,1.0,6.0,5.0,5.0,5.0,0.0,0.0,0.0,0.0,16.0,31.0,15.0,15.0,27.0,12.0,6.0,7.0,1.0,0.0,2.0,2.0,0.5,0.37,0.14,0.0,0.1,0.14,33.0,62.0,29.0,23.0,53.0,30.0,0.0,0.0,0.0,0.0,0.0,0.0,0.0,3.0,3.0,0.0,0.0,0.0,12.0,21.0,9.0,11.0,16.0,5.0,11.0,16.0,5.0,12.0,21.0,9.0,1.0,5.0,4.0,2.0,3.0,1.0,0.12,0.38,0.26,0.05,-0.76,-0.81,0.0,0.0,0.0,0.0,0.0,0.0,3.0,6.0,3.0,7.0,11.0,4.0,0.66,0.61,0.56,0.36,0.42,0.48,2.0,2.0,0.0,0.0,0.0,0.0,11.0,16.0,67.0,101.0,12.5,33.0,101.0,0.63,0.61,0.6,0.53,0.62,0.7,0.8,0.78,0.75,0.75,0.79,0.81,0.58,0.51,0.45,0.42,0.49,0.55,8.0,10.0,2.0,3.0,12.0,9.0,5.0,7.0,2.0,2.0,9.0,7.0,2.0,4.0,2.0,2.0,7.0,5.0,4.0,6.0,2.0,1.0,4.0,3.0,0.78,0.63,0.5,0.8,0.6,0.5,0.0,1.0,1.0,1.0,3.0,2.0,10.0,24.0,14.0,12.0,23.0,11.0,12.0,16.0,4.0,4.0,16.0,12.0,11.0,20.0,9.0,7.0,21.0,14.0,1.02,1.02,1.0,1.0,1.02,1.01,1.0,0.36,0.77,0.41,0.37,1.47,1.1,0.05,0.24,0.19,1.12,2.38,1.26,0.05,0.24,0.19,1.12,2.38,1.26,0.35,0.53,0.18,0.76,2.04,1.28,1
UJGGIRSq,BRAZIL,2026,Serie A Betano,BRAZIL 1,12/04/2026,18:00,RODADA 11,Fluminense,Flamengo,1,2,0.0,1.0,2.82,2.48,3.1,3.35,3.1,2.05,2.14,1.63,1.4,2.75,1.07,7.4,1.37,2.95,3.8,1.24,7.2,1.07,3.2,1.3,8.0,1.05,4.0,4.0,0.0,2.0,2.0,0.0,2.0,3.0,1.0,5.0,7.0,2.0,24.0,34.0,10.0,7.0,17.0,10.0,1.0,2.0,1.0,6.0,8.0,2.0,0.2,0.25,0.33,0.21,0.2,0.17,21.0,53.0,32.0,18.0,32.0,14.0,1.0,1.0,0.0,0.0,1.0,1.0,0.0,0.0,0.0,1.0,1.0,0.0,6.0,11.0,5.0,4.0,14.0,10.0,4.0,14.0,10.0,6.0,11.0,5.0,5.0,5.0,0.0,3.0,6.0,3.0,0.29,0.29,0.0,0.69,0.31,-0.38,1.0,1.0,0.0,0.0,0.0,0.0,2.0,7.0,5.0,3.0,9.0,6.0,0.45,0.54,0.63,0.54,0.48,0.44,1.0,1.0,0.0,2.0,2.0,0.0,12.0,34.0,81.0,101.0,19.0,81.0,101.0,0.78,0.77,0.77,0.84,0.81,0.73,0.85,0.86,0.87,0.91,0.89,0.87,0.31,0.4,0.5,0.69,0.6,0.5,7.0,11.0,4.0,9.0,11.0,2.0,2.0,5.0,3.0,5.0,6.0,1.0,5.0,9.0,4.0,6.0,6.0,0.0,2.0,6.0,4.0,7.0,8.0,1.0,0.55,0.5,0.47,0.8,0.67,0.5,1.0,1.0,0.0,0.0,0.0,0.0,2.0,7.0,5.0,13.0,24.0,11.0,9.0,17.0,8.0,16.0,19.0,3.0,13.0,24.0,11.0,19.0,26.0,7.0,1.02,1.0,1.0,1.0,1.0,1.0,1.0,1.04,1.43,0.39,1.29,1.46,0.17,1.69,2.31,0.62,1.29,1.29,0.0,1.69,2.31,0.62,1.29,1.29,0.0,2.47,2.8,0.33,1.14,1.26,0.12,1
jZ4PG5cd,BRAZIL,2026,Serie A Betano,BRAZIL 1,12/04/2026,16:00,RODADA 11,Botafogo,Coritiba,2,2,0.0,1.0,1.76,5.0,3.5,2.33,5.0,2.16,2.07,1.68,1.28,2.61,1.07,7.4,1.35,3.05,3.65,1.26,7.0,1.08,2.61,1.28,5.4,1.02,1.0,3.0,2.0,4.0,4.0,0.0,0.0,1.0,1.0,1.0,3.0,2.0,20.0,44.0,24.0,7.0,22.0,15.0,1.0,4.0,3.0,2.0,7.0,5.0,0.5,0.31,0.22,0.24,0.26,0.29,29.0,55.0,26.0,16.0,36.0,20.0,0.0,0.0,0.0,1.0,1.0,0.0,0.0,1.0,1.0,1.0,2.0,1.0,3.0,7.0,4.0,8.0,14.0,6.0,8.0,14.0,6.0,3.0,7.0,4.0,3.0,6.0,3.0,1.0,3.0,2.0,-0.23,-0.04,0.19,-0.34,-0.63,-0.29,0.0,0.0,0.0,0.0,0.0,0.0,3.0,7.0,4.0,7.0,12.0,5.0,0.34,0.38,0.42,0.62,0.54,0.48,1.0,1.0,0.0,0.0,0.0,0.0,11.0,26.0,81.0,101.0,19.0,67.0,101.0,0.6,0.69,0.79,0.78,0.77,0.77,0.68,0.77,0.83,0.85,0.86,0.87,0.37,0.39,0.41,0.63,0.61,0.59,3.0,8.0,5.0,9.0,12.0,3.0,2.0,8.0,6.0,7.0,10.0,3.0,2.0,5.0,3.0,5.0,8.0,3.0,1.0,6.0,5.0,4.0,9.0,5.0,0.9,0.79,0.67,0.75,0.78,0.8,0.0,0.0,0.0,0.0,1.0,1.0,6.0,11.0,5.0,15.0,24.0,9.0,4.0,14.0,10.0,13.0,21.0,8.0,6.0,15.0,9.0,23.0,35.0,12.0,1.02,1.0,1.0,1.0,1.0,1.0,1.0,0.13,0.47,0.34,0.95,1.69,0.74,0.66,1.37,0.71,1.77,1.96,0.19,0.66,1.37,0.71,1.77,1.96,0.19,0.31,1.32,1.01,2.14,2.45,0.31,1
4CmoinZ8,BRAZIL,2026,Serie A Betano,BRAZIL 1,12/04/2026,11:00,RODADA 11,Athletico-PR,Chapecoense,2,0,0.0,0.0,1.54,6.33,4.0,2.0,6.0,2.36,1.74,1.97,1.23,2.87,1.04,9.2,1.24,3.8,2.85,1.39,5.2,1.14,2.25,1.39,4.49,1.06,0.0,0.0,0.0,3.0,3.0,0.0,3.0,4.0,1.0,1.0,2.0,1.0,18.0,34.0,16.0,11.0,17.0,6.0,0.0,0.0,0.0,1.0,5.0,4.0,0.0,0.0,0.0,0.17,0.19,0.2,28.0,47.0,19.0,32.0,53.0,21.0,0.0,0.0,0.0,0.0,0.0,0.0,0.0,0.0,0.0,1.0,1.0,0.0,11.0,17.0,6.0,6.0,15.0,9.0,6.0,15.0,9.0,11.0,17.0,6.0,3.0,4.0,1.0,1.0,1.0,0.0,-0.19,-0.18,0.01,0.08,0.08,0.0,0.0,0.0,0.0,0.0,0.0,0.0,5.0,9.0,4.0,2.0,4.0,2.0,0.67,0.57,0.52,0.48,0.48,0.47,1.0,3.0,2.0,0.0,2.0,2.0,9.0,19.0,51.0,101.0,17.0,51.0,101.0,0.8,0.68,0.59,0.76,0.78,0.8,0.88,0.84,0.8,0.85,0.85,0.85,0.43,0.42,0.4,0.57,0.58,0.6,2.0,2.0,0.0,6.0,8.0,2.0,1.0,3.0,2.0,3.0,6.0,3.0,1.0,1.0,0.0,5.0,6.0,1.0,3.0,6.0,3.0,3.0,6.0,3.0,0.67,0.6,0.33,0.6,0.59,0.57,0.0,0.0,0.0,1.0,1.0,0.0,5.0,15.0,10.0,17.0,31.0,14.0,5.0,8.0,3.0,9.0,14.0,5.0,6.0,6.0,0.0,10.0,21.0,11.0,1.04,1.0,1.0,1.0,1.01,1.0,1.0,0.18,0.22,0.04,0.59,0.84,0.25,0.08,0.08,0.0,1.81,1.82,0.01,0.08,0.08,0.0,1.81,1.82,0.01,0.13,0.17,0.04,1.15,1.3,0.15,1
OGAbTrs2,BRAZIL,2026,Serie A Betano,BRAZIL 1,11/04/2026,20:30,RODADA 11,Internacional,Grêmio,0,0,0.0,0.0,2.22,3.37,3.3,2.78,3.9,2.15,1.86,1.84,1.35,2.38,1.06,8.0,1.3,3.3,3.3,1.3,6.2,1.1,2.62,1.31,5.8,1.03,2.0,2.0,0.0,2.0,2.0,0.0,0.0,0.0,0.0,2.0,2.0,0.0,17.0,37.0,20.0,10.0,19.0,9.0,2.0,2.0,0.0,5.0,8.0,3.0,0.22,0.14,0.0,0.12,0.1,0.08,34.0,58.0,24.0,33.0,56.0,23.0,0.0,0.0,0.0,0.0,0.0,0.0,0.0,1.0,1.0,0.0,1.0,1.0,11.0,20.0,9.0,9.0,19.0,10.0,9.0,19.0,10.0,11.0,20.0,9.0,2.0,3.0,1.0,1.0,1.0,0.0,0.48,0.74,0.26,0.09,0.09,0.0,0.0,0.0,0.0,0.0,0.0,0.0,3.0,6.0,3.0,5.0,10.0,5.0,0.42,0.41,0.39,0.39,0.36,0.32,2.0,3.0,1.0,0.0,0.0,0.0,11.0,21.0,67.0,101.0,17.0,51.0,101.0,0.64,0.6,0.54,0.65,0.63,0.62,0.68,0.74,0.78,0.77,0.76,0.75,0.43,0.46,0.49,0.57,0.54,0.51,2.0,2.0,0.0,3.0,5.0,2.0,2.0,3.0,1.0,4.0,6.0,2.0,1.0,1.0,0.0,2.0,3.0,1.0,1.0,2.0,1.0,5.0,6.0,1.0,0.5,0.6,1.0,0.6,0.65,0.75,0.0,0.0,0.0,0.0,0.0,0.0,13.0,23.0,10.0,9.0,20.0,11.0,3.0,4.0,1.0,8.0,11.0,3.0,5.0,7.0,2.0,9.0,16.0,7.0,1.03,1.0,1.0,1.0,1.0,1.0,1.0,0.1,0.14,0.04,0.37,0.59,0.22,0.09,0.09,0.0,0.48,0.74,0.26,0.09,0.09,0.0,0.48,0.74,0.26,0.39,0.42,0.03,0.57,0.94,0.37,1
IucBv9k3,BRAZIL,2026,Serie A Betano,BRAZIL 1,11/04/2026,20:00,RODADA 11,Santos,Atlético-MG,1,0,0.0,0.0,2.18,3.38,3.28,2.85,4.08,2.11,2.05,1.71,1.28,3.33,1.07,8.0,1.33,3.1,3.66,1.25,7.0,1.09,2.28,1.55,5.33,1.11,1.0,1.0,0.0,2.0,2.0,0.0,0.0,4.0,4.0,1.0,9.0,8.0,8.0,23.0,15.0,14.0,22.0,8.0,5.0,7.0,2.0,0.0,5.0,5.0,0.08,0.05,0.0,0.0,0.19,0.23,21.0,47.0,26.0,30.0,56.0,26.0,0.0,0.0,0.0,0.0,0.0,0.0,0.0,1.0,1.0,0.0,0.0,0.0,11.0,17.0,6.0,2.0,8.0,6.0,2.0,8.0,6.0,11.0,17.0,6.0,0.0,1.0,1.0,3.0,3.0,0.0,-0.23,-0.14,0.09,0.54,0.54,0.0,0.0,0.0,0.0,0.0,0.0,0.0,2.0,7.0,5.0,4.0,10.0,6.0,0.67,0.45,0.23,0.32,0.43,0.6,0.0,0.0,0.0,2.0,2.0,0.0,13.0,26.0,81.0,101.0,17.0,67.0,101.0,0.76,0.76,0.76,0.75,0.8,0.83,0.87,0.85,0.83,0.8,0.85,0.89,0.6,0.55,0.51,0.4,0.45,0.49,3.0,5.0,2.0,3.0,11.0,8.0,3.0,4.0,1.0,3.0,7.0,4.0,3.0,3.0,0.0,1.0,2.0,1.0,3.0,6.0,3.0,2.0,7.0,5.0,0.5,0.47,0.45,0.63,0.59,0.55,0.0,0.0,0.0,1.0,1.0,0.0,8.0,18.0,10.0,9.0,22.0,13.0,6.0,11.0,5.0,5.0,18.0,13.0,3.0,14.0,11.0,13.0,37.0,24.0,1.02,1.0,1.0,1.0,1.0,1.0,1.0,0.19,0.45,0.26,0.58,1.26,0.68,0.54,0.54,0.0,0.77,0.86,0.09,0.54,0.54,0.0,0.77,0.86,0.09,0.5,0.78,0.28,0.83,1.28,0.45,1
nLlSzRlS,BRAZIL,2026,Serie A Betano,BRAZIL 1,11/04/2026,18:30,RODADA 11,Mirassol,Bahia,1,2,1.0,0.0,2.34,3.02,3.32,2.9,3.45,2.06,1.81,1.92,1.22,3.75,1.05,9.5,1.25,3.66,3.0,1.36,5.75,1.12,2.1,1.66,4.5,1.15,2.0,2.0,0.0,1.0,3.0,2.0,3.0,5.0,2.0,2.0,4.0,2.0,14.0,18.0,4.0,1.0,16.0,15.0,2.0,4.0,2.0,7.0,8.0,1.0,0.33,0.18,0.09,0.13,0.14,0.17,23.0,51.0,28.0,20.0,43.0,23.0,0.0,0.0,0.0,0.0,0.0,0.0,0.0,0.0,0.0,0.0,0.0,0.0,9.0,14.0,5.0,8.0,20.0,12.0,8.0,20.0,12.0,9.0,14.0,5.0,4.0,6.0,2.0,2.0,6.0,4.0,0.96,1.36,0.4,0.35,0.92,0.57,1.0,1.0,0.0,0.0,0.0,0.0,6.0,11.0,5.0,7.0,16.0,9.0,0.52,0.52,0.52,0.64,0.6,0.56,0.0,2.0,2.0,0.0,0.0,0.0,11.0,13.82,51.0,101.0,11.17,51.0,101.0,0.8,0.8,0.79,0.69,0.72,0.77,0.85,0.87,0.88,0.83,0.84,0.86,0.49,0.58,0.65,0.51,0.42,0.35,5.0,8.0,3.0,5.0,8.0,3.0,1.0,1.0,0.0,4.0,6.0,2.0,4.0,8.0,4.0,4.0,6.0,2.0,3.0,6.0,3.0,5.0,8.0,3.0,1.0,0.69,0.5,0.5,0.33,0.17,2.0,2.0,0.0,1.0,2.0,1.0,1.0,14.0,13.0,7.0,16.0,9.0,8.0,14.0,6.0,10.0,16.0,6.0,8.0,19.0,11.0,13.0,21.0,8.0,1.03,1.01,1.0,1.0,1.02,1.0,1.0,0.53,1.32,0.79,0.48,0.87,0.39,2.35,2.92,0.57,0.96,1.36,0.4,2.35,2.92,0.57,0.96,1.36,0.4,1.6,1.78,0.18,0.86,1.46,0.6,1
UgXPq4Rr,BRAZIL,2026,Serie A Betano,BRAZIL 1,11/04/2026,16:30,RODADA 11,Remo,Vasco,1,1,0.0,0.0,2.78,2.48,3.37,3.51,3.2,2.12,1.95,1.74,1.31,2.71,1.03,9.0,1.31,3.05,3.6,1.25,7.0,1.07,2.7,1.33,5.6,1.05,1.0,1.0,0.0,2.0,2.0,0.0,4.0,7.0,3.0,2.0,5.0,3.0,12.0,21.0,9.0,11.0,31.0,20.0,3.0,6.0,3.0,2.0,3.0,1.0,0.14,0.17,0.18,0.25,0.23,0.2,24.0,50.0,26.0,26.0,59.0,33.0,0.0,0.0,0.0,0.0,0.0,0.0,0.0,0.0,0.0,0.0,0.0,0.0,8.0,10.0,2.0,4.0,12.0,8.0,4.0,12.0,8.0,8.0,10.0,2.0,0.0,1.0,1.0,1.0,2.0,1.0,-0.23,0.25,0.48,-0.36,-0.1,0.26,0.0,1.0,1.0,0.0,0.0,0.0,6.0,10.0,4.0,3.0,12.0,9.0,0.38,0.39,0.4,0.41,0.53,0.62,1.0,4.0,3.0,0.0,1.0,1.0,13.0,26.0,67.0,101.0,17.0,67.0,101.0,0.71,0.74,0.77,0.67,0.61,0.53,0.75,0.81,0.85,0.78,0.74,0.68,0.48,0.57,0.65,0.52,0.43,0.35,6.0,11.0,5.0,5.0,8.0,3.0,4.0,9.0,5.0,5.0,5.0,0.0,2.0,3.0,1.0,1.0,2.0,1.0,4.0,8.0,4.0,3.0,4.0,1.0,0.33,0.4,0.5,0.29,0.45,0.54,1.0,1.0,0.0,0.0,0.0,0.0,10.0,24.0,14.0,11.0,19.0,8.0,10.0,19.0,9.0,8.0,12.0,4.0,19.0,28.0,9.0,13.0,21.0,8.0,1.01,1.0,1.0,1.0,1.0,1.0,1.0,0.6,0.99,0.39,0.54,0.64,0.1,0.64,0.9,0.26,0.77,1.25,0.48,0.64,0.9,0.26,0.77,1.25,0.48,0.93,1.34,0.41,0.47,0.72,0.25,1
CxigkQ3L,BRAZIL,2026,Serie A Betano,BRAZIL 1,11/04/2026,16:30,RODADA 11,Vitória,São Paulo,2,0,1.0,0.0,2.8,2.6,3.2,3.4,3.25,2.05,2.35,1.57,1.3,2.98,1.09,8.0,1.45,2.63,4.4,1.2,10.0,1.06,2.4,1.45,5.3,1.09,0.0,2.0,2.0,1.0,2.0,1.0,4.0,4.0,0.0,2.0,3.0,1.0,5.0,15.0,10.0,11.0,22.0,11.0,3.0,6.0,3.0,1.0,1.0,0.0,0.27,0.2,0.11,0.0,0.17,0.33,18.0,35.0,17.0,26.0,42.0,16.0,0.0,0.0,0.0,0.0,0.0,0.0,0.0,0.0,0.0,1.0,2.0,1.0,5.0,11.0,6.0,5.0,11.0,6.0,5.0,11.0,6.0,5.0,11.0,6.0,3.0,4.0,1.0,2.0,5.0,3.0,0.01,-0.38,-0.39,0.13,1.09,0.96,0.0,0.0,0.0,1.0,1.0,0.0,3.0,4.0,1.0,6.0,9.0,3.0,0.52,0.63,0.75,0.52,0.4,0.31,1.0,1.0,0.0,0.0,2.0,2.0,15.0,18.0,81.0,101.0,8.35,40.0,101.0,0.88,0.85,0.82,0.73,0.7,0.65,0.88,0.88,0.88,0.84,0.83,0.83,0.62,0.59,0.57,0.38,0.41,0.43,6.0,10.0,4.0,6.0,8.0,2.0,3.0,7.0,4.0,6.0,6.0,0.0,2.0,5.0,3.0,4.0,6.0,2.0,3.0,6.0,3.0,6.0,7.0,1.0,0.8,0.5,0.2,0.56,0.46,0.25,0.0,0.0,0.0,0.0,0.0,0.0,8.0,16.0,8.0,7.0,14.0,7.0,9.0,16.0,7.0,12.0,15.0,3.0,9.0,19.0,10.0,9.0,13.0,4.0,1.01,1.01,1.0,1.0,1.02,1.0,1.0,0.34,0.65,0.31,0.19,0.33,0.14,0.13,1.09,0.96,1.01,1.62,0.61,0.13,1.09,0.96,1.01,1.62,0.61,0.26,0.66,0.4,0.96,1.35,0.39,1
IsSHKEbU,BRAZIL,2026,Serie A Betano,BRAZIL 1,05/04/2026,20:30,RODADA 10,Grêmio,Remo,0,0,0.0,0.0,1.45,6.94,4.46,1.91,7.09,2.46,1.78,1.92,1.3,3.2,1.04,9.4,1.24,3.8,2.8,1.4,5.0,1.15,2.6,1.44,7.0,1.07,0.0,2.0,2.0,0.0,0.0,0.0,1.0,1.0,0.0,5.0,5.0,0.0,35.0,46.0,11.0,9.0,27.0,18.0,2.0,3.0,1.0,8.0,8.0,0.0,0.33,0.38,0.43,0.21,0.2,0.14,24.0,48.0,24.0,21.0,46.0,25.0,0.0,0.0,0.0,0.0,0.0,0.0,0.0,0.0,0.0,0.0,0.0,0.0,5.0,9.0,4.0,2.0,8.0,6.0,2.0,8.0,6.0,5.0,9.0,4.0,3.0,3.0,0.0,1.0,4.0,3.0,0.36,0.36,0.0,0.13,1.77,1.64,0.0,0.0,0.0,0.0,1.0,1.0,2.0,5.0,3.0,3.0,5.0,2.0,0.32,0.38,0.42,0.83,0.71,0.64,0.0,0.0,0.0,0.0,2.0,2.0,9.0,19.0,51.0,101.0,17.0,51.0,101.0,0.62,0.63,0.63,0.86,0.81,0.7,0.65,0.74,0.78,0.93,0.89,0.85,0.24,0.37,0.48,0.76,0.63,0.52,1.0,5.0,4.0,5.0,6.0,1.0,5.0,6.0,1.0,8.0,12.0,4.0,1.0,4.0,3.0,3.0,3.0,0.0,6.0,6.0,0.0,11.0,14.0,3.0,0.71,0.65,0.6,0.2,0.44,0.55,0.0,1.0,1.0,0.0,0.0,0.0,7.0,23.0,16.0,13.0,22.0,9.0,7.0,11.0,4.0,16.0,20.0,4.0,5.0,19.0,14.0,13.0,18.0,5.0,1.04,1.0,1.0,1.0,1.01,1.0,1.0,0.15,0.52,0.37,0.51,0.7,0.19,0.13,1.77,1.64,0.36,0.36,0.0,0.13,1.77,1.64,0.36,0.36,0.0,0.21,2.09,1.88,0.69,0.84,0.15,1
ABu1Oda5,BRAZIL,2026,Serie A Betano,BRAZIL 1,05/04/2026,20:00,RODADA 10,Mirassol,Red Bull Bragantino,0,1,0.0,0.0,1.98,3.5,3.31,2.71,4.11,2.11,2.12,1.66,1.3,3.2,1.07,8.0,1.36,3.0,3.66,1.25,7.5,1.07,2.28,1.55,5.0,1.14,2.0,4.0,2.0,1.0,1.0,0.0,4.0,6.0,2.0,5.0,5.0,0.0,26.0,33.0,7.0,5.0,17.0,12.0,1.0,6.0,5.0,10.0,12.0,2.0,1.0,0.33,0.2,0.12,0.13,0.14,26.0,49.0,23.0,14.0,38.0,24.0,0.0,0.0,0.0,0.0,0.0,0.0,0.0,1.0,1.0,3.0,4.0,1.0,4.0,10.0,6.0,4.0,7.0,3.0,4.0,7.0,3.0,4.0,10.0,6.0,0.0,2.0,2.0,1.0,4.0,3.0,0.0,0.05,0.05,-0.04,0.7,0.74,0.0,0.0,0.0,1.0,1.0,0.0,1.0,6.0,5.0,3.0,6.0,3.0,0.42,0.42,0.42,0.65,0.55,0.45,2.0,2.0,0.0,1.0,3.0,2.0,13.0,21.0,67.0,101.0,17.0,51.0,101.0,0.5,0.61,0.7,0.78,0.73,0.52,0.62,0.77,0.84,0.87,0.83,0.75,0.29,0.46,0.64,0.71,0.54,0.36,4.0,9.0,5.0,9.0,11.0,2.0,2.0,5.0,3.0,7.0,8.0,1.0,2.0,5.0,3.0,0.0,2.0,2.0,4.0,7.0,3.0,3.0,4.0,1.0,0.86,0.71,0.57,0.67,0.64,0.63,0.0,0.0,0.0,1.0,1.0,0.0,9.0,22.0,13.0,11.0,22.0,11.0,8.0,16.0,8.0,12.0,15.0,3.0,9.0,22.0,13.0,20.0,23.0,3.0,1.02,1.0,1.0,1.0,1.0,1.0,1.0,0.13,0.35,0.22,0.74,0.79,0.05,0.96,1.7,0.74,0.0,0.05,0.05,0.96,1.7,0.74,0.0,0.05,0.05,0.76,1.9,1.14,0.59,0.67,0.08,1
ULezwdEb,BRAZIL,2026,Serie A Betano,BRAZIL 1,05/04/2026,19:30,RODADA 10,Bahia,Palmeiras,1,2,0.0,1.0,3.0,2.28,3.25,3.5,2.85,2.2,2.0,1.73,1.36,2.88,1.03,9.0,1.29,3.3,3.6,1.25,7.5,1.06,2.88,1.36,8.0,1.05,0.0,1.0,1.0,1.0,1.0,0.0,3.0,3.0,0.0,1.0,3.0,2.0,18.0,35.0,17.0,15.0,18.0,3.0,5.0,5.0,0.0,4.0,7.0,3.0,0.17,0.14,0.0,0.29,0.22,0.15,25.0,44.0,19.0,31.0,55.0,24.0,0.0,0.0,0.0,0.0,0.0,0.0,0.0,0.0,0.0,0.0,0.0,0.0,7.0,17.0,10.0,7.0,18.0,11.0,7.0,18.0,11.0,7.0,17.0,10.0,3.0,4.0,1.0,2.0,4.0,2.0,-0.51,-0.45,0.06,0.13,0.16,0.03,0.0,0.0,0.0,0.0,0.0,0.0,5.0,6.0,1.0,7.0,10.0,3.0,0.41,0.45,0.48,0.38,0.47,0.55,2.0,3.0,1.0,1.0,3.0,2.0,13.0,26.0,81.0,101.0,17.0,67.0,101.0,0.65,0.72,0.79,0.68,0.73,0.78,0.78,0.81,0.83,0.84,0.87,0.9,0.41,0.41,0.42,0.59,0.59,0.58,1.0,4.0,3.0,8.0,12.0,4.0,0.0,0.0,0.0,6.0,10.0,4.0,2.0,5.0,3.0,5.0,6.0,1.0,4.0,4.0,0.0,4.0,7.0,3.0,0.4,0.58,0.71,0.56,0.44,0.29,0.0,1.0,1.0,1.0,1.0,0.0,6.0,12.0,6.0,8.0,20.0,12.0,5.0,8.0,3.0,12.0,19.0,7.0,6.0,11.0,5.0,23.0,30.0,7.0,1.01,1.0,1.0,1.0,1.0,1.0,1.0,0.11,0.41,0.3,0.93,1.51,0.58,0.13,1.16,1.03,0.49,0.55,0.06,0.13,1.16,1.03,0.49,0.55,0.06,0.14,0.29,0.15,0.91,1.21,0.3,1
2oxgQIUh,BRAZIL,2026,Serie A Betano,BRAZIL 1,05/04/2026,19:30,RODADA 10,Corinthians,Internacional,0,1,0.0,0.0,2.0,3.82,3.35,2.64,4.2,2.08,2.08,1.63,1.3,3.2,1.06,6.66,1.35,2.85,3.66,1.22,6.66,1.06,2.4,1.5,5.33,1.11,0.0,0.0,0.0,2.0,2.0,0.0,3.0,5.0,2.0,3.0,4.0,1.0,29.0,40.0,11.0,5.0,24.0,19.0,2.0,4.0,2.0,4.0,7.0,3.0,0.13,0.13,0.13,0.25,0.22,0.14,17.0,37.0,20.0,25.0,53.0,28.0,0.0,0.0,0.0,0.0,0.0,0.0,1.0,1.0,0.0,0.0,0.0,0.0,11.0,19.0,8.0,6.0,16.0,10.0,6.0,16.0,10.0,11.0,19.0,8.0,2.0,2.0,0.0,2.0,2.0,0.0,0.12,0.12,0.0,-0.48,-0.48,0.0,0.0,0.0,0.0,0.0,0.0,0.0,5.0,12.0,7.0,8.0,9.0,1.0,0.32,0.29,0.27,0.68,0.63,0.56,1.0,4.0,3.0,0.0,2.0,2.0,10.0,45.0,81.0,101.0,13.5,38.0,101.0,0.73,0.59,0.4,0.69,0.65,0.6,0.75,0.73,0.71,0.84,0.82,0.79,0.32,0.35,0.38,0.68,0.65,0.62,3.0,4.0,1.0,4.0,5.0,1.0,0.0,0.0,0.0,4.0,5.0,1.0,3.0,3.0,0.0,2.0,2.0,0.0,3.0,4.0,1.0,5.0,6.0,1.0,0.75,0.73,0.71,0.6,0.57,0.56,0.0,0.0,0.0,0.0,0.0,0.0,13.0,28.0,15.0,15.0,29.0,14.0,6.0,8.0,2.0,9.0,11.0,2.0,9.0,11.0,2.0,12.0,16.0,4.0,1.02,1.01,1.0,1.0,1.02,1.0,1.0,0.13,0.21,0.08,0.37,0.51,0.14,0.52,0.52,0.0,0.12,0.12,0.0,0.52,0.52,0.0,0.12,0.12,0.0,0.3,0.37,0.07,1.25,1.35,0.1,1
WQT9MzUH,BRAZIL,2026,Serie A Betano,BRAZIL 1,05/04/2026,17:30,RODADA 10,Atlético-MG,Athletico-PR,2,1,1.0,0.0,1.82,4.2,3.4,2.4,4.5,2.1,1.96,1.78,1.27,3.4,1.05,8.5,1.3,3.33,3.33,1.3,6.33,1.1,2.28,1.55,5.0,1.14,0.0,0.0,0.0,0.0,0.0,0.0,3.0,5.0,2.0,2.0,7.0,5.0,5.0,13.0,8.0,9.0,18.0,9.0,6.0,8.0,2.0,0.0,2.0,2.0,0.13,0.17,0.25,0.2,0.22,0.25,19.0,36.0,17.0,23.0,48.0,25.0,1.0,1.0,0.0,0.0,0.0,0.0,0.0,0.0,0.0,0.0,0.0,0.0,4.0,13.0,9.0,8.0,9.0,1.0,8.0,9.0,1.0,4.0,13.0,9.0,1.0,3.0,2.0,2.0,2.0,0.0,-0.66,-1.01,-0.35,-0.17,-0.17,0.0,0.0,0.0,0.0,0.0,0.0,0.0,1.0,6.0,5.0,4.0,9.0,5.0,0.59,0.54,0.48,0.43,0.51,0.61,0.0,0.0,0.0,1.0,3.0,2.0,11.0,17.0,81.0,101.0,12.5,35.0,101.0,0.76,0.72,0.69,0.75,0.75,0.74,0.89,0.88,0.88,0.88,0.89,0.9,0.53,0.51,0.48,0.47,0.49,0.52,1.0,4.0,3.0,1.0,7.0,6.0,2.0,3.0,1.0,0.0,3.0,3.0,3.0,3.0,0.0,2.0,5.0,3.0,7.0,7.0,0.0,3.0,8.0,5.0,0.67,0.44,0.33,0.63,0.58,0.5,0.0,0.0,0.0,0.0,0.0,0.0,14.0,18.0,4.0,2.0,15.0,13.0,8.0,11.0,3.0,4.0,15.0,11.0,4.0,11.0,7.0,6.0,19.0,13.0,1.03,1.01,1.0,1.0,1.03,1.01,1.0,0.19,0.42,0.23,0.25,0.67,0.42,0.83,0.83,0.0,0.34,0.99,0.65,0.83,0.83,0.0,0.34,0.99,0.65,0.26,0.43,0.17,0.28,1.28,1.0,1
Ac0S9cpC,BRAZIL,2026,Serie A Betano,BRAZIL 1,05/04/2026,17:30,RODADA 10,Flamengo,Santos,3,1,0.0,0.0,1.37,8.16,4.68,1.96,7.62,2.42,1.65,2.1,1.2,4.08,1.03,9.27,1.21,3.99,2.6,1.44,4.53,1.16,1.93,1.78,3.83,1.22,0.0,0.0,0.0,3.0,5.0,2.0,7.0,10.0,3.0,5.0,8.0,3.0,9.0,19.0,10.0,19.0,27.0,8.0,5.0,7.0,2.0,0.0,2.0,2.0,0.29,0.15,0.0,0.57,0.44,0.36,17.0,30.0,13.0,29.0,53.0,24.0,0.0,0.0,0.0,0.0,0.0,0.0,0.0,0.0,0.0,0.0,0.0,0.0,7.0,12.0,5.0,2.0,2.0,0.0,2.0,2.0,0.0,7.0,12.0,5.0,0.0,1.0,1.0,1.0,1.0,0.0,-0.57,-0.56,0.01,-0.19,-0.19,0.0,0.0,0.0,0.0,1.0,1.0,0.0,4.0,13.0,9.0,1.0,3.0,2.0,0.5,0.48,0.46,0.57,0.66,0.71,0.0,0.0,0.0,2.0,2.0,0.0,7.78,19.0,51.0,81.0,17.0,51.0,101.0,0.7,0.69,0.67,0.84,0.78,0.73,0.83,0.78,0.72,0.91,0.88,0.86,0.44,0.37,0.3,0.56,0.63,0.7,4.0,7.0,3.0,4.0,11.0,7.0,1.0,5.0,4.0,2.0,7.0,5.0,2.0,2.0,0.0,3.0,4.0,1.0,6.0,10.0,4.0,6.0,8.0,2.0,0.63,0.64,0.67,0.4,0.63,1.0,0.0,2.0,2.0,0.0,0.0,0.0,6.0,17.0,11.0,6.0,19.0,13.0,10.0,17.0,7.0,10.0,19.0,9.0,10.0,15.0,5.0,10.0,26.0,16.0,1.05,1.0,1.0,1.0,1.01,1.0,1.0,0.4,0.82,0.42,0.88,1.51,0.63,0.81,0.81,0.0,2.43,2.44,0.01,0.81,0.81,0.0,2.43,2.44,0.01,0.52,0.77,0.25,1.43,2.29,0.86,1
QmkqyzqB,BRAZIL,2026,Serie A Betano,BRAZIL 1,05/04/2026,16:00,RODADA 10,Chapecoense,Vitória,1,1,0.0,0.0,2.5,2.88,3.45,3.05,3.35,2.12,2.03,1.7,1.3,3.2,1.07,7.4,1.35,3.0,3.7,1.25,7.0,1.08,2.4,1.5,5.0,1.14,3.0,3.0,0.0,1.0,3.0,2.0,2.0,4.0,2.0,5.0,8.0,3.0,24.0,45.0,21.0,17.0,27.0,10.0,1.0,1.0,0.0,6.0,9.0,3.0,0.25,0.29,0.33,0.33,0.26,0.14,27.0,53.0,26.0,30.0,60.0,30.0,0.0,0.0,0.0,0.0,0.0,0.0,0.0,0.0,0.0,1.0,1.0,0.0,5.0,14.0,9.0,8.0,16.0,8.0,8.0,16.0,8.0,5.0,14.0,9.0,4.0,5.0,1.0,4.0,8.0,4.0,-0.59,-0.52,0.07,-0.01,0.34,0.35,0.0,0.0,0.0,0.0,0.0,0.0,2.0,6.0,4.0,7.0,12.0,5.0,0.35,0.4,0.46,0.5,0.48,0.46,0.0,0.0,0.0,0.0,0.0,0.0,11.0,45.0,81.0,101.0,14.0,38.0,101.0,0.37,0.48,0.58,0.69,0.72,0.76,0.59,0.74,0.8,0.82,0.8,0.78,0.32,0.42,0.49,0.68,0.58,0.51,4.0,6.0,2.0,11.0,17.0,6.0,1.0,2.0,1.0,5.0,11.0,6.0,5.0,9.0,4.0,5.0,6.0,1.0,4.0,9.0,5.0,4.0,8.0,4.0,0.25,0.5,0.67,0.6,0.67,0.75,0.0,0.0,0.0,0.0,1.0,1.0,7.0,12.0,5.0,8.0,21.0,13.0,8.0,15.0,7.0,15.0,25.0,10.0,10.0,18.0,8.0,20.0,31.0,11.0,1.02,1.01,1.0,1.0,1.03,1.0,1.0,0.17,0.28,0.11,1.05,1.48,0.43,0.99,1.34,0.35,0.41,0.48,0.07,0.99,1.34,0.35,0.41,0.48,0.07,1.18,1.45,0.27,0.95,2.16,1.21,1
j78z8yFO,BRAZIL,2026,Serie A Betano,BRAZIL 1,04/04/2026,21:00,RODADA 10,Vasco,Botafogo,1,2,0.0,0.0,2.15,3.2,3.2,2.88,3.75,2.1,1.94,1.77,1.25,3.6,1.06,8.0,1.31,3.3,3.3,1.3,6.2,1.1,2.15,1.62,4.6,1.16,2.0,2.0,0.0,4.0,4.0,0.0,1.0,3.0,2.0,3.0,6.0,3.0,21.0,27.0,6.0,5.0,14.0,9.0,1.0,2.0,1.0,1.0,3.0,2.0,0.4,0.29,0.22,0.33,0.25,0.11,31.0,53.0,22.0,26.0,49.0,23.0,0.0,0.0,0.0,0.0,0.0,0.0,0.0,0.0,0.0,0.0,0.0,0.0,12.0,16.0,4.0,7.0,11.0,4.0,7.0,11.0,4.0,12.0,16.0,4.0,2.0,4.0,2.0,3.0,8.0,5.0,0.74,0.85,0.11,-0.42,-0.21,0.21,0.0,0.0,0.0,0.0,0.0,0.0,2.0,7.0,5.0,3.0,10.0,7.0,0.14,0.32,0.5,0.53,0.51,0.5,0.0,0.0,0.0,0.0,0.0,0.0,11.0,16.5,81.0,101.0,13.0,67.0,101.0,0.7,0.68,0.65,0.78,0.8,0.81,0.73,0.79,0.84,0.89,0.9,0.91,0.35,0.37,0.39,0.65,0.63,0.61,7.0,12.0,5.0,8.0,12.0,4.0,3.0,6.0,3.0,4.0,6.0,2.0,5.0,9.0,4.0,3.0,5.0,2.0,2.0,6.0,4.0,2.0,5.0,3.0,0.77,0.64,0.5,0.33,0.58,0.83,0.0,1.0,1.0,0.0,0.0,0.0,6.0,14.0,8.0,11.0,19.0,8.0,9.0,18.0,9.0,10.0,17.0,7.0,14.0,24.0,10.0,18.0,29.0,11.0,1.03,1.01,1.0,1.0,1.02,1.0,1.0,0.73,1.11,0.38,1.28,1.67,0.39,1.58,1.79,0.21,1.74,1.85,0.11,1.58,1.79,0.21,1.74,1.85,0.11,0.76,1.19,0.43,2.04,2.4,0.36,1
d8cSvIqn,BRAZIL,2026,Serie A Betano,BRAZIL 1,04/04/2026,20:30,RODADA 10,Coritiba,Fluminense,1,1,0.0,0.0,3.2,2.4,3.25,3.65,3.0,2.04,2.33,1.58,1.28,3.1,1.09,8.0,1.43,2.7,4.4,1.2,9.0,1.07,2.28,1.5,4.7,1.12,3.0,3.0,0.0,1.0,1.0,0.0,6.0,6.0,0.0,1.0,2.0,1.0,14.0,23.0,9.0,18.0,28.0,10.0,4.0,10.0,6.0,2.0,3.0,1.0,0.17,0.19,0.21,0.43,0.27,0.0,26.0,41.0,15.0,20.0,49.0,29.0,0.0,0.0,0.0,0.0,0.0,0.0,0.0,0.0,0.0,1.0,1.0,0.0,1.0,14.0,13.0,4.0,8.0,4.0,4.0,8.0,4.0,1.0,14.0,13.0,0.0,3.0,3.0,2.0,3.0,1.0,-0.11,-0.01,0.1,0.4,0.5,0.1,1.0,1.0,0.0,0.0,0.0,0.0,2.0,2.0,0.0,4.0,8.0,4.0,0.67,0.62,0.58,0.36,0.47,0.56,2.0,2.0,0.0,0.0,0.0,0.0,12.0,50.0,81.0,101.0,8.35,45.0,101.0,0.91,0.86,0.78,0.7,0.7,0.7,0.92,0.91,0.9,0.74,0.79,0.83,0.68,0.67,0.66,0.32,0.33,0.34,7.0,8.0,1.0,5.0,6.0,1.0,3.0,5.0,2.0,4.0,4.0,0.0,3.0,4.0,1.0,1.0,4.0,3.0,5.0,7.0,2.0,1.0,4.0,3.0,0.63,0.69,0.8,0.67,0.72,0.78,0.0,0.0,0.0,0.0,0.0,0.0,7.0,16.0,9.0,9.0,14.0,5.0,12.0,15.0,3.0,6.0,10.0,4.0,23.0,31.0,8.0,20.0,22.0,2.0,1.02,1.0,1.0,1.0,1.02,1.0,1.0,0.26,0.52,0.26,0.43,0.51,0.08,1.4,1.5,0.1,0.89,0.99,0.1,1.4,1.5,0.1,0.89,0.99,0.1,1.31,1.38,0.07,0.62,0.69,0.07,1
6JrpSv0t,BRAZIL,2026,Serie A Betano,BRAZIL 1,04/04/2026,18:30,RODADA 10,São Paulo,Cruzeiro,4,1,2.0,0.0,2.41,2.71,3.25,2.96,3.29,2.02,2.0,1.69,1.28,3.33,1.06,6.66,1.32,3.0,3.4,1.25,6.33,1.07,2.28,1.55,5.5,1.1,1.0,2.0,1.0,1.0,3.0,2.0,2.0,2.0,0.0,2.0,3.0,1.0,10.0,18.0,8.0,19.0,47.0,28.0,3.0,4.0,1.0,3.0,6.0,3.0,0.17,0.2,0.25,0.38,0.33,0.29,28.0,54.0,26.0,31.0,63.0,32.0,0.0,0.0,0.0,0.0,0.0,0.0,0.0,0.0,0.0,0.0,1.0,1.0,9.0,14.0,5.0,12.0,21.0,9.0,12.0,21.0,9.0,9.0,14.0,5.0,0.0,1.0,1.0,1.0,6.0,5.0,-0.68,-1.3,-0.62,0.03,0.64,0.61,0.0,0.0,0.0,1.0,1.0,0.0,3.0,5.0,2.0,2.0,5.0,3.0,0.57,0.54,0.5,0.33,0.34,0.35,0.0,0.0,0.0,0.0,1.0,1.0,10.0,38.0,67.0,101.0,8.35,35.0,101.0,0.71,0.72,0.72,0.74,0.72,0.7,0.88,0.88,0.88,0.76,0.79,0.8,0.68,0.64,0.6,0.32,0.36,0.4,3.0,7.0,4.0,5.0,10.0,5.0,1.0,5.0,4.0,2.0,3.0,1.0,2.0,7.0,5.0,2.0,5.0,3.0,2.0,7.0,5.0,1.0,1.0,0.0,0.67,0.71,0.75,0.7,0.65,0.63,0.0,0.0,0.0,0.0,1.0,1.0,7.0,25.0,18.0,7.0,18.0,11.0,5.0,14.0,9.0,6.0,11.0,5.0,13.0,25.0,12.0,17.0,33.0,16.0,1.02,1.01,1.0,1.0,1.02,1.01,1.0,0.27,0.59,0.32,0.26,0.74,0.48,1.03,1.64,0.61,1.32,2.7,1.38,1.03,1.64,0.61,1.32,2.7,1.38,1.17,1.52,0.35,0.55,2.02,1.47,1
foIy121s,BRAZIL,2026,Serie A Betano,BRAZIL 1,02/04/2026,21:30,RODADA 9,Palmeiras,Grêmio,2,1,1.0,0.0,1.5,5.66,4.2,2.05,5.75,2.33,1.96,1.75,1.39,2.44,1.04,9.0,1.26,3.6,3.0,1.36,5.4,1.13,2.64,1.33,7.5,1.06,0.0,0.0,0.0,0.0,0.0,0.0,1.0,2.0,1.0,6.0,6.0,0.0,14.0,27.0,13.0,9.0,14.0,5.0,2.0,2.0,0.0,4.0,8.0,4.0,0.2,0.23,0.33,0.18,0.16,0.14,22.0,45.0,23.0,31.0,50.0,19.0,0.0,0.0,0.0,0.0,0.0,0.0,0.0,0.0,0.0,0.0,0.0,0.0,9.0,15.0,6.0,6.0,12.0,6.0,6.0,12.0,6.0,9.0,15.0,6.0,0.0,2.0,2.0,3.0,4.0,1.0,-0.39,-0.97,-0.58,0.03,0.09,0.06,0.0,0.0,0.0,0.0,0.0,0.0,3.0,8.0,5.0,2.0,7.0,5.0,0.33,0.35,0.38,0.48,0.53,0.62,0.0,1.0,1.0,0.0,1.0,1.0,9.4,26.0,67.0,101.0,17.0,67.0,101.0,0.61,0.58,0.54,0.68,0.76,0.82,0.8,0.77,0.72,0.83,0.87,0.89,0.46,0.4,0.34,0.54,0.6,0.66,2.0,3.0,1.0,4.0,7.0,3.0,2.0,3.0,1.0,2.0,6.0,4.0,4.0,5.0,1.0,1.0,4.0,3.0,5.0,7.0,2.0,5.0,9.0,4.0,0.38,0.47,0.56,0.86,0.73,0.63,1.0,1.0,0.0,0.0,0.0,0.0,9.0,21.0,12.0,7.0,10.0,3.0,7.0,10.0,3.0,9.0,16.0,7.0,5.0,13.0,8.0,12.0,26.0,14.0,1.04,1.0,1.0,1.0,1.0,1.0,1.0,0.37,0.44,0.07,0.27,0.7,0.43,1.03,1.09,0.06,0.61,1.03,0.42,1.03,1.09,0.06,0.61,1.03,0.42,0.4,0.54,0.14,0.38,0.64,0.26,1
2BLqatWg,BRAZIL,2026,Serie A Betano,BRAZIL 1,02/04/2026,21:30,RODADA 9,Red Bull Bragantino,Flamengo,3,0,2.0,0.0,3.65,1.99,3.1,4.07,2.61,1.97,2.12,1.61,1.3,3.2,1.06,6.66,1.36,2.8,3.66,1.22,6.66,1.06,2.4,1.5,5.33,1.11,0.0,1.0,1.0,1.0,3.0,2.0,3.0,4.0,1.0,3.0,5.0,2.0,9.0,14.0,5.0,6.0,17.0,11.0,3.0,5.0,2.0,3.0,7.0,4.0,0.6,0.33,0.0,0.4,0.44,0.5,19.0,39.0,20.0,15.0,34.0,19.0,0.0,0.0,0.0,0.0,0.0,0.0,0.0,0.0,0.0,0.0,0.0,0.0,7.0,12.0,5.0,8.0,12.0,4.0,8.0,12.0,4.0,7.0,12.0,5.0,2.0,3.0,1.0,0.0,1.0,1.0,0.64,-1.0,-1.64,0.0,0.08,0.08,0.0,0.0,0.0,0.0,0.0,0.0,2.0,6.0,4.0,4.0,9.0,5.0,0.46,0.48,0.5,0.77,0.6,0.46,0.0,1.0,1.0,4.0,4.0,0.0,10.0,45.0,67.0,101.0,8.35,40.0,101.0,0.56,0.6,0.63,0.89,0.79,0.55,0.81,0.82,0.83,0.93,0.9,0.84,0.32,0.44,0.56,0.68,0.56,0.44,3.0,4.0,1.0,6.0,10.0,4.0,2.0,2.0,0.0,4.0,7.0,3.0,0.0,1.0,1.0,3.0,6.0,3.0,2.0,3.0,1.0,4.0,8.0,4.0,0.6,0.7,0.8,0.6,0.43,0.33,0.0,0.0,0.0,0.0,0.0,0.0,8.0,21.0,13.0,6.0,14.0,8.0,5.0,7.0,2.0,10.0,18.0,8.0,7.0,12.0,5.0,12.0,23.0,11.0,1.02,1.01,1.0,1.0,1.02,1.0,1.0,0.19,0.28,0.09,0.67,1.34,0.67,0.0,0.08,0.08,1.64,2.0,0.36,0.0,0.08,0.08,1.64,2.0,0.36,0.16,0.26,0.1,0.86,1.72,0.86,1
2XdKBJFa,BRAZIL,2026,Serie A Betano,BRAZIL 1,02/04/2026,19:00,RODADA 9,Chapecoense,Atlético-MG,0,4,0.0,3.0,3.13,2.25,2.99,3.66,2.91,1.93,2.03,1.7,1.27,3.4,1.07,7.6,1.35,3.0,3.65,1.25,7.0,1.08,2.34,1.53,5.4,1.09,0.0,3.0,3.0,4.0,4.0,0.0,2.0,7.0,5.0,4.0,4.0,0.0,20.0,30.0,10.0,3.0,12.0,9.0,1.0,3.0,2.0,5.0,7.0,2.0,0.5,0.29,0.2,0.35,0.31,0.22,19.0,39.0,20.0,14.0,31.0,17.0,0.0,0.0,0.0,0.0,0.0,0.0,1.0,1.0,0.0,0.0,1.0,1.0,4.0,5.0,1.0,9.0,19.0,10.0,9.0,19.0,10.0,4.0,5.0,1.0,2.0,3.0,1.0,1.0,4.0,3.0,0.14,0.17,0.03,-0.41,-0.87,-0.46,1.0,2.0,1.0,2.0,2.0,0.0,6.0,10.0,4.0,6.0,8.0,2.0,0.55,0.6,0.65,0.44,0.49,0.52,1.0,1.0,0.0,0.0,1.0,1.0,11.0,17.0,81.0,101.0,12.5,37.0,101.0,0.72,0.8,0.86,0.63,0.63,0.63,0.86,0.86,0.87,0.84,0.83,0.82,0.56,0.55,0.55,0.44,0.45,0.45,5.0,16.0,11.0,10.0,12.0,2.0,1.0,5.0,4.0,8.0,11.0,3.0,2.0,8.0,6.0,3.0,4.0,1.0,0.0,4.0,4.0,5.0,7.0,2.0,0.33,0.33,0.33,0.5,0.67,0.75,0.0,0.0,0.0,0.0,0.0,0.0,10.0,22.0,12.0,17.0,30.0,13.0,5.0,20.0,15.0,15.0,19.0,4.0,13.0,30.0,17.0,21.0,25.0,4.0,1.02,1.01,1.0,1.0,1.03,1.0,1.0,0.27,1.05,0.78,1.12,1.67,0.55,0.59,3.13,2.54,0.14,0.17,0.03,0.59,3.13,2.54,0.14,0.17,0.03,0.51,1.74,1.23,1.88,2.09,0.21,1
ADt56OwK,BRAZIL,2026,Serie A Betano,BRAZIL 1,02/04/2026,19:00,RODADA 9,Santos,Remo,2,0,1.0,0.0,1.53,6.0,3.85,2.05,5.75,2.25,1.81,1.89,1.33,3.0,1.04,9.2,1.25,3.65,2.95,1.37,5.4,1.13,2.75,1.4,7.0,1.07,1.0,1.0,0.0,1.0,2.0,1.0,1.0,1.0,0.0,1.0,1.0,0.0,7.0,21.0,14.0,16.0,35.0,19.0,0.0,4.0,4.0,4.0,7.0,3.0,0.2,0.25,0.27,0.33,0.23,0.14,20.0,43.0,23.0,17.0,48.0,31.0,0.0,0.0,0.0,0.0,0.0,0.0,0.0,0.0,0.0,1.0,1.0,0.0,8.0,14.0,6.0,9.0,17.0,8.0,9.0,17.0,8.0,8.0,14.0,6.0,1.0,1.0,0.0,3.0,4.0,1.0,-0.59,-1.2,-0.61,0.08,0.1,0.02,0.0,0.0,0.0,0.0,0.0,0.0,7.0,15.0,8.0,7.0,11.0,4.0,0.38,0.3,0.22,0.29,0.35,0.44,0.0,1.0,1.0,2.0,3.0,1.0,9.4,21.0,67.0,101.0,17.0,51.0,101.0,0.65,0.65,0.65,0.72,0.68,0.65,0.79,0.76,0.73,0.81,0.83,0.85,0.5,0.42,0.34,0.5,0.58,0.66,3.0,5.0,2.0,3.0,4.0,1.0,4.0,6.0,2.0,2.0,3.0,1.0,3.0,4.0,1.0,2.0,3.0,1.0,5.0,6.0,1.0,2.0,3.0,1.0,0.6,0.73,0.8,0.67,0.59,0.57,0.0,0.0,0.0,1.0,1.0,0.0,11.0,23.0,12.0,8.0,18.0,10.0,8.0,11.0,3.0,5.0,7.0,2.0,3.0,10.0,7.0,6.0,18.0,12.0,1.04,1.0,1.0,1.0,1.0,1.0,1.0,0.09,0.25,0.16,0.38,0.62,0.24,0.08,0.1,0.02,0.41,0.8,0.39,0.08,0.1,0.02,0.41,0.8,0.39,0.31,0.39,0.08,0.55,1.32,0.77,1
l8eApsH0,BRAZIL,2026,Serie A Betano,BRAZIL 1,01/04/2026,21:30,RODADA 9,Fluminense,Corinthians,3,1,2.0,0.0,1.96,4.1,3.1,2.55,4.33,2.05,1.98,1.58,1.4,2.23,1.04,5.8,1.31,2.69,3.33,1.2,5.6,1.05,2.74,1.25,5.5,1.02,1.0,1.0,0.0,2.0,4.0,2.0,4.0,4.0,0.0,3.0,4.0,1.0,9.0,18.0,9.0,13.0,25.0,12.0,8.0,10.0,2.0,5.0,8.0,3.0,0.15,0.21,0.33,0.29,0.29,0.3,14.0,33.0,19.0,17.0,41.0,24.0,0.0,0.0,0.0,0.0,0.0,0.0,0.0,0.0,0.0,0.0,0.0,0.0,7.0,13.0,6.0,3.0,10.0,7.0,3.0,10.0,7.0,7.0,13.0,6.0,5.0,7.0,2.0,2.0,3.0,1.0,0.89,0.21,-0.68,-0.12,-0.08,0.04,0.0,0.0,0.0,0.0,1.0,1.0,1.0,6.0,5.0,3.0,4.0,1.0,0.33,0.38,0.41,0.43,0.46,0.48,0.0,2.0,2.0,1.0,1.0,0.0,12.0,51.0,101.0,101.0,19.0,81.0,101.0,0.79,0.68,0.56,0.83,0.8,0.76,0.81,0.82,0.83,0.9,0.89,0.87,0.33,0.39,0.45,0.67,0.61,0.55,6.0,7.0,1.0,5.0,10.0,5.0,2.0,4.0,2.0,1.0,6.0,5.0,3.0,4.0,1.0,6.0,10.0,4.0,3.0,5.0,2.0,5.0,10.0,5.0,0.8,0.89,1.0,0.25,0.45,0.57,0.0,0.0,0.0,0.0,0.0,0.0,5.0,9.0,4.0,10.0,20.0,10.0,9.0,12.0,3.0,10.0,20.0,10.0,12.0,14.0,2.0,15.0,29.0,14.0,1.01,1.0,1.0,1.0,1.0,1.0,1.0,0.28,0.42,0.14,0.96,1.46,0.5,0.88,0.92,0.04,1.89,3.21,1.32,0.88,0.92,0.04,1.89,3.21,1.32,0.53,0.56,0.03,0.91,2.14,1.23,1
AZHuJ1NP,BRAZIL,2026,Serie A Betano,BRAZIL 1,01/04/2026,20:30,RODADA 9,Coritiba,Vasco,1,1,0.0,1.0,2.62,2.85,3.1,3.14,3.5,2.05,2.21,1.66,1.27,3.4,1.02,7.9,1.33,2.85,3.9,1.18,8.1,1.02,2.34,1.53,5.45,1.09,0.0,0.0,0.0,1.0,1.0,0.0,2.0,4.0,2.0,1.0,6.0,5.0,16.0,33.0,17.0,9.0,13.0,4.0,1.0,4.0,3.0,2.0,3.0,1.0,0.5,0.33,0.29,0.5,0.48,0.43,24.0,45.0,21.0,23.0,42.0,19.0,0.0,0.0,0.0,0.0,0.0,0.0,0.0,1.0,1.0,0.0,1.0,1.0,7.0,11.0,4.0,8.0,11.0,3.0,8.0,11.0,3.0,7.0,11.0,4.0,3.0,4.0,1.0,1.0,1.0,0.0,0.18,0.52,0.34,0.05,-0.83,-0.88,0.0,1.0,1.0,1.0,1.0,0.0,1.0,2.0,1.0,3.0,4.0,1.0,0.32,0.38,0.47,0.6,0.56,0.5,1.0,4.0,3.0,1.0,1.0,0.0,15.0,18.0,67.0,101.0,18.0,40.0,101.0,0.47,0.72,0.87,0.73,0.74,0.76,0.72,0.82,0.89,0.86,0.88,0.91,0.3,0.35,0.4,0.7,0.65,0.6,0.0,4.0,4.0,4.0,9.0,5.0,0.0,5.0,5.0,3.0,8.0,5.0,1.0,2.0,1.0,3.0,4.0,1.0,3.0,7.0,4.0,3.0,9.0,6.0,0.83,0.92,1.0,0.67,0.82,1.0,0.0,0.0,0.0,0.0,0.0,0.0,5.0,10.0,5.0,12.0,21.0,9.0,3.0,11.0,8.0,7.0,18.0,11.0,2.0,11.0,9.0,11.0,23.0,12.0,1.02,1.01,1.0,1.0,1.0,1.0,1.0,0.14,0.38,0.24,0.8,1.2,0.4,0.05,0.17,0.12,0.18,0.52,0.34,0.05,0.17,0.12,0.18,0.52,0.34,0.17,0.51,0.34,0.89,1.58,0.69,1
tI8BDuom,BRAZIL,2026,Serie A Betano,BRAZIL 1,01/04/2026,20:00,RODADA 9,Bahia,Athletico-PR,3,0,2.0,0.0,1.84,4.2,3.33,2.5,4.5,2.14,2.03,1.67,1.43,2.33,1.06,7.26,1.34,3.0,3.55,1.25,6.57,1.08,2.26,1.57,4.94,1.14,1.0,1.0,0.0,2.0,3.0,1.0,2.0,2.0,0.0,0.0,1.0,1.0,7.0,12.0,5.0,15.0,23.0,8.0,0.0,1.0,1.0,1.0,3.0,2.0,0.0,0.07,0.2,0.0,0.25,0.5,13.0,30.0,17.0,21.0,46.0,25.0,0.0,0.0,0.0,0.0,0.0,0.0,0.0,0.0,0.0,1.0,1.0,0.0,9.0,19.0,10.0,4.0,15.0,11.0,4.0,15.0,11.0,9.0,19.0,10.0,1.0,2.0,1.0,3.0,4.0,1.0,-0.57,-1.29,-0.72,0.61,0.66,0.05,0.0,1.0,1.0,0.0,0.0,0.0,6.0,9.0,3.0,5.0,11.0,6.0,0.36,0.39,0.41,0.52,0.47,0.4,1.0,3.0,2.0,2.0,3.0,1.0,12.08,17.0,81.0,101.0,12.5,67.0,101.0,0.81,0.76,0.64,0.71,0.72,0.72,0.87,0.86,0.86,0.85,0.85,0.85,0.54,0.48,0.42,0.46,0.52,0.58,2.0,4.0,2.0,2.0,6.0,4.0,4.0,6.0,2.0,0.0,1.0,1.0,3.0,4.0,1.0,2.0,5.0,3.0,7.0,8.0,1.0,0.0,1.0,1.0,0.75,0.67,0.5,0.83,0.69,0.57,1.0,1.0,0.0,0.0,1.0,1.0,11.0,20.0,9.0,8.0,12.0,4.0,9.0,12.0,3.0,2.0,7.0,5.0,3.0,8.0,5.0,4.0,15.0,11.0,1.02,1.01,1.0,1.0,1.03,1.0,1.0,0.39,0.5,0.11,0.45,1.26,0.81,0.61,0.66,0.05,0.43,1.71,1.28,0.61,0.66,0.05,0.43,1.71,1.28,0.45,0.57,0.12,0.52,0.99,0.47,1
bwFhcK06,BRAZIL,2026,Serie A Betano,BRAZIL 1,01/04/2026,20:00,RODADA 9,Cruzeiro,Vitória,3,0,3.0,0.0,1.71,4.69,3.32,2.32,5.1,1.97,2.14,1.64,1.27,3.4,1.06,7.36,1.37,2.88,3.78,1.23,6.95,1.07,2.25,1.57,4.7,1.15,0.0,0.0,0.0,0.0,2.0,2.0,2.0,2.0,0.0,0.0,2.0,2.0,4.0,13.0,9.0,16.0,25.0,9.0,3.0,6.0,3.0,0.0,5.0,5.0,0.4,0.31,0.17,0.0,0.36,0.5,24.0,41.0,17.0,23.0,43.0,20.0,0.0,0.0,0.0,0.0,0.0,0.0,0.0,0.0,0.0,0.0,0.0,0.0,8.0,12.0,4.0,7.0,15.0,8.0,7.0,15.0,8.0,8.0,12.0,4.0,0.0,2.0,2.0,1.0,1.0,0.0,0.0,-1.66,-1.66,0.07,0.07,0.0,0.0,0.0,0.0,0.0,0.0,0.0,5.0,8.0,3.0,3.0,6.0,3.0,0.58,0.45,0.33,0.5,0.47,0.44,0.0,0.0,0.0,2.0,2.0,0.0,12.43,15.66,81.0,101.0,12.1,81.0,101.0,0.67,0.64,0.59,0.76,0.75,0.74,0.87,0.84,0.78,0.89,0.89,0.88,0.46,0.41,0.35,0.54,0.59,0.65,1.0,1.0,0.0,0.0,6.0,6.0,1.0,1.0,0.0,1.0,3.0,2.0,1.0,1.0,0.0,0.0,6.0,6.0,3.0,3.0,0.0,1.0,5.0,4.0,0.71,0.6,0.33,0.78,0.57,0.2,0.0,0.0,0.0,0.0,1.0,1.0,9.0,17.0,8.0,5.0,15.0,10.0,4.0,4.0,0.0,1.0,11.0,10.0,8.0,11.0,3.0,1.0,12.0,11.0,1.01,1.01,1.0,1.0,1.01,1.0,1.0,0.15,0.37,0.22,0.1,0.93,0.83,0.07,0.07,0.0,0.0,1.34,1.34,0.07,0.07,0.0,0.0,1.34,1.34,0.12,0.12,0.0,0.05,1.93,1.88,1
pzkJrLoD,BRAZIL,2026,Serie A Betano,BRAZIL 1,01/04/2026,19:30,RODADA 9,Botafogo,Mirassol,3,2,2.0,1.0,2.13,3.31,3.47,2.76,3.82,2.02,2.2,1.62,1.3,3.2,1.07,7.5,1.38,2.85,4.0,1.22,8.0,1.07,2.4,1.5,5.0,1.14,1.0,1.0,0.0,3.0,4.0,1.0,4.0,7.0,3.0,2.0,2.0,0.0,7.0,13.0,6.0,18.0,29.0,11.0,7.0,8.0,1.0,1.0,2.0,1.0,0.3,0.23,0.09,0.5,0.2,0.0,28.0,52.0,24.0,37.0,64.0,27.0,0.0,0.0,0.0,0.0,0.0,0.0,0.0,0.0,0.0,0.0,0.0,0.0,7.0,14.0,7.0,8.0,14.0,6.0,8.0,14.0,6.0,7.0,14.0,7.0,2.0,2.0,0.0,1.0,2.0,1.0,0.12,-0.68,-0.8,-0.25,-0.96,-0.71,0.0,1.0,1.0,1.0,1.0,0.0,4.0,7.0,3.0,2.0,4.0,2.0,0.79,0.68,0.5,0.3,0.39,0.52,0.0,0.0,0.0,0.0,0.0,0.0,14.0,26.0,81.0,101.0,12.1,67.0,101.0,0.81,0.83,0.86,0.71,0.66,0.53,0.88,0.9,0.92,0.78,0.79,0.81,0.64,0.65,0.66,0.36,0.35,0.34,7.0,9.0,2.0,8.0,10.0,2.0,4.0,8.0,4.0,3.0,4.0,1.0,2.0,4.0,2.0,3.0,5.0,2.0,3.0,10.0,7.0,0.0,1.0,1.0,0.78,0.63,0.5,0.56,0.62,0.67,0.0,0.0,0.0,0.0,1.0,1.0,11.0,17.0,6.0,5.0,14.0,9.0,10.0,19.0,9.0,8.0,11.0,3.0,22.0,28.0,6.0,13.0,17.0,4.0,1.01,1.0,1.0,1.0,1.01,1.0,1.0,0.66,0.88,0.22,0.44,0.64,0.2,0.75,1.04,0.29,1.12,2.32,1.2,0.75,1.04,0.29,1.12,2.32,1.2,0.7,1.08,0.38,1.74,2.66,0.92,1
WjD0ebVI,BRAZIL,2026,Serie A Betano,BRAZIL 1,01/04/2026,19:30,RODADA 9,Internacional,São Paulo,1,1,1.0,0.0,2.4,2.85,3.1,3.25,3.6,2.05,2.18,1.61,1.31,3.35,1.07,7.4,1.38,2.8,3.7,1.25,7.0,1.08,2.35,1.57,5.1,1.16,2.0,2.0,0.0,0.0,2.0,2.0,3.0,5.0,2.0,0.0,0.0,0.0,12.0,25.0,13.0,32.0,41.0,9.0,5.0,11.0,6.0,0.0,2.0,2.0,0.2,0.2,0.2,0.2,0.29,0.33,38.0,51.0,13.0,23.0,43.0,20.0,0.0,0.0,0.0,0.0,0.0,0.0,0.0,1.0,1.0,1.0,1.0,0.0,10.0,15.0,5.0,15.0,18.0,3.0,15.0,18.0,3.0,10.0,15.0,5.0,1.0,3.0,2.0,0.0,2.0,2.0,0.21,0.09,-0.12,-0.64,-0.51,0.13,0.0,0.0,0.0,0.0,0.0,0.0,2.0,5.0,3.0,4.0,6.0,2.0,0.57,0.6,0.63,0.38,0.42,0.45,1.0,2.0,1.0,0.0,0.0,0.0,11.0,17.0,81.0,101.0,13.5,81.0,101.0,0.8,0.79,0.77,0.56,0.66,0.73,0.88,0.88,0.88,0.72,0.77,0.8,0.72,0.66,0.61,0.28,0.34,0.39,6.0,9.0,3.0,1.0,5.0,4.0,6.0,7.0,1.0,0.0,2.0,2.0,1.0,3.0,2.0,1.0,4.0,3.0,4.0,6.0,2.0,0.0,1.0,1.0,0.67,0.62,0.5,0.83,0.75,0.7,0.0,0.0,0.0,0.0,0.0,0.0,4.0,13.0,9.0,4.0,13.0,9.0,10.0,15.0,5.0,1.0,6.0,5.0,14.0,22.0,8.0,8.0,13.0,5.0,1.02,1.01,1.0,1.0,1.02,1.0,1.0,0.56,0.84,0.28,0.41,0.85,0.44,0.36,0.49,0.13,0.21,1.09,0.88,0.36,0.49,0.13,0.21,1.09,0.88,0.78,0.96,0.18,0.17,0.92,0.75,1
xUgkXiV8,BRAZIL,2026,Serie A Betano,BRAZIL 1,29/03/2026,19:30,RODADA 5,Athletico-PR,Botafogo,4,1,2.0,1.0,1.97,3.93,3.47,2.55,4.46,2.16,2.0,1.69,1.27,3.4,1.06,6.66,1.32,3.0,3.4,1.25,6.66,1.06,2.2,1.6,5.0,1.14,0.0,1.0,1.0,2.0,4.0,2.0,3.0,5.0,2.0,0.0,2.0,2.0,10.0,16.0,6.0,15.0,20.0,5.0,6.0,8.0,2.0,0.0,1.0,1.0,0.15,0.28,0.6,0.33,0.33,0.33,19.0,43.0,24.0,17.0,33.0,16.0,0.0,1.0,1.0,0.0,0.0,0.0,2.0,4.0,2.0,0.0,2.0,2.0,7.0,13.0,6.0,7.0,15.0,8.0,7.0,15.0,8.0,7.0,13.0,6.0,3.0,4.0,1.0,0.0,2.0,2.0,-0.09,-0.63,-0.54,0.0,0.5,0.5,0.0,0.0,0.0,0.0,0.0,0.0,2.0,6.0,4.0,1.0,6.0,5.0,0.59,0.5,0.39,0.48,0.51,0.54,1.0,2.0,1.0,2.0,4.0,2.0,11.0,26.0,67.0,67.0,19.0,67.0,101.0,0.75,0.68,0.55,0.75,0.72,0.64,0.84,0.86,0.87,0.88,0.86,0.83,0.47,0.54,0.61,0.53,0.46,0.39,3.0,6.0,3.0,4.0,6.0,2.0,3.0,4.0,1.0,1.0,1.0,0.0,0.0,3.0,3.0,5.0,8.0,3.0,3.0,6.0,3.0,2.0,5.0,3.0,0.67,0.62,0.57,0.8,0.75,0.71,0.0,0.0,0.0,0.0,0.0,0.0,11.0,20.0,9.0,6.0,15.0,9.0,6.0,12.0,6.0,6.0,11.0,5.0,9.0,17.0,8.0,9.0,13.0,4.0,1.01,1.0,1.0,1.0,1.0,1.0,1.0,0.31,0.51,0.2,0.3,0.63,0.33,0.0,1.5,1.5,1.91,3.37,1.46,0.0,1.5,1.5,1.91,3.37,1.46,0.18,0.81,0.63,0.64,1.34,0.7,1
Cx9wGgeA,BRAZIL,2026,Serie A Betano,BRAZIL 1,22/03/2026,20:30,RODADA 8,Corinthians,Flamengo,1,1,1.0,1.0,3.36,2.17,3.25,4.37,2.91,2.08,2.2,1.6,1.4,2.75,1.05,8.0,1.33,3.0,4.0,1.2,8.0,1.05,3.2,1.3,8.0,1.05,0.0,1.0,1.0,0.0,1.0,1.0,3.0,3.0,0.0,1.0,7.0,6.0,15.0,21.0,6.0,13.0,17.0,4.0,1.0,2.0,1.0,3.0,6.0,3.0,0.0,0.13,0.25,0.2,0.24,0.29,23.0,46.0,23.0,25.0,59.0,34.0,0.0,0.0,0.0,0.0,1.0,1.0,0.0,1.0,1.0,0.0,0.0,0.0,5.0,13.0,8.0,13.0,21.0,8.0,13.0,21.0,8.0,5.0,13.0,8.0,1.0,1.0,0.0,0.0,1.0,1.0,0.5,0.45,-0.05,0.0,-0.7,-0.7,0.0,1.0,1.0,0.0,0.0,0.0,3.0,8.0,5.0,1.0,5.0,4.0,0.46,0.51,0.6,0.79,0.74,0.67,1.0,2.0,1.0,3.0,3.0,0.0,17.0,34.0,81.0,101.0,19.0,81.0,101.0,0.52,0.58,0.64,0.79,0.76,0.72,0.77,0.85,0.89,0.88,0.87,0.87,0.35,0.46,0.53,0.65,0.54,0.47,1.0,3.0,2.0,3.0,8.0,5.0,3.0,5.0,2.0,3.0,4.0,1.0,0.0,2.0,2.0,1.0,2.0,1.0,5.0,7.0,2.0,2.0,5.0,3.0,0.8,0.73,0.7,0.73,0.65,0.58,0.0,0.0,0.0,0.0,0.0,0.0,8.0,16.0,8.0,10.0,18.0,8.0,6.0,10.0,4.0,5.0,13.0,8.0,6.0,10.0,4.0,11.0,21.0,10.0,1.01,1.0,1.0,1.0,1.0,1.0,1.0,0.05,0.18,0.13,0.41,1.33,0.92,0.0,0.3,0.3,0.5,1.45,0.95,0.0,0.3,0.3,0.5,1.45,0.95,0.11,0.35,0.24,0.75,1.63,0.88,1
C0iQ6kId,BRAZIL,2026,Serie A Betano,BRAZIL 1,22/03/2026,18:30,RODADA 8,Internacional,Chapecoense,2,0,1.0,0.0,1.61,5.37,3.88,2.21,5.76,2.33,1.9,1.84,1.4,2.33,1.05,8.2,1.28,3.45,3.15,1.33,5.8,1.11,2.73,1.29,5.6,1.04,0.0,0.0,0.0,4.0,5.0,1.0,1.0,2.0,1.0,0.0,2.0,2.0,7.0,23.0,16.0,10.0,21.0,11.0,3.0,4.0,1.0,2.0,4.0,2.0,0.25,0.24,0.22,0.25,0.1,0.0,30.0,50.0,20.0,27.0,51.0,24.0,0.0,0.0,0.0,0.0,0.0,0.0,0.0,0.0,0.0,0.0,0.0,0.0,7.0,9.0,2.0,11.0,16.0,5.0,11.0,16.0,5.0,7.0,9.0,2.0,3.0,5.0,2.0,0.0,0.0,0.0,0.05,0.13,0.08,0.0,0.0,0.0,0.0,0.0,0.0,0.0,0.0,0.0,1.0,5.0,4.0,7.0,14.0,7.0,0.67,0.56,0.46,0.38,0.44,0.48,1.0,3.0,2.0,0.0,0.0,0.0,10.0,21.0,67.0,101.0,17.0,51.0,101.0,0.82,0.78,0.73,0.59,0.65,0.68,0.81,0.82,0.83,0.79,0.82,0.85,0.57,0.52,0.48,0.43,0.48,0.52,3.0,7.0,4.0,5.0,8.0,3.0,5.0,8.0,3.0,4.0,5.0,1.0,0.0,0.0,0.0,4.0,7.0,3.0,3.0,3.0,0.0,3.0,6.0,3.0,0.7,0.75,0.83,0.67,0.74,0.86,0.0,0.0,0.0,0.0,0.0,0.0,11.0,26.0,15.0,4.0,10.0,6.0,6.0,10.0,4.0,8.0,14.0,6.0,5.0,11.0,6.0,13.0,28.0,15.0,1.03,1.0,1.0,1.0,1.0,1.0,1.0,0.24,0.48,0.24,0.51,1.94,1.43,0.0,0.0,0.0,1.05,2.13,1.08,0.0,0.0,0.0,1.05,2.13,1.08,0.22,0.47,0.25,2.51,3.69,1.18,1
MguU4B2F,BRAZIL,2026,Serie A Betano,BRAZIL 1,22/03/2026,18:30,RODADA 8,Vitória,Mirassol,1,0,1.0,0.0,2.68,2.71,3.25,3.22,3.26,2.16,1.95,1.75,1.36,2.88,1.03,9.0,1.29,3.3,3.6,1.25,7.5,1.06,2.88,1.36,7.5,1.05,1.0,2.0,1.0,0.0,0.0,0.0,2.0,5.0,3.0,3.0,4.0,1.0,16.0,32.0,16.0,26.0,44.0,18.0,4.0,5.0,1.0,3.0,4.0,1.0,0.19,0.24,0.31,0.25,0.13,0.0,51.0,76.0,25.0,26.0,52.0,26.0,0.0,0.0,0.0,0.0,0.0,0.0,0.0,1.0,1.0,0.0,0.0,0.0,3.0,8.0,5.0,11.0,18.0,7.0,11.0,18.0,7.0,3.0,8.0,5.0,2.0,5.0,3.0,0.0,3.0,3.0,0.33,0.4,0.07,0.0,0.43,0.43,0.0,0.0,0.0,0.0,0.0,0.0,6.0,10.0,4.0,1.0,6.0,5.0,0.5,0.5,0.5,0.31,0.34,0.38,0.0,1.0,1.0,0.0,3.0,3.0,13.0,26.0,67.0,101.0,17.0,67.0,101.0,0.73,0.73,0.73,0.6,0.63,0.68,0.86,0.84,0.82,0.64,0.75,0.81,0.69,0.6,0.52,0.31,0.4,0.48,2.0,6.0,4.0,3.0,5.0,2.0,5.0,6.0,1.0,2.0,3.0,1.0,0.0,3.0,3.0,2.0,6.0,4.0,5.0,8.0,3.0,4.0,8.0,4.0,0.5,0.53,0.6,0.54,0.6,0.71,0.0,0.0,0.0,0.0,0.0,0.0,15.0,27.0,12.0,14.0,22.0,8.0,7.0,14.0,7.0,7.0,13.0,6.0,17.0,28.0,11.0,8.0,16.0,8.0,1.01,1.0,1.0,1.0,1.0,1.0,1.0,0.5,0.94,0.44,0.24,0.36,0.12,0.0,0.43,0.43,0.33,1.4,1.07,0.0,0.43,0.43,0.33,1.4,1.07,0.36,0.83,0.47,0.32,0.63,0.31,1
lSRM6XX2,BRAZIL,2026,Serie A Betano,BRAZIL 1,22/03/2026,16:00,RODADA 8,Athletico-PR,Coritiba,2,0,1.0,0.0,2.26,3.4,2.92,2.88,3.9,2.0,2.1,1.65,1.4,2.75,1.05,8.0,1.33,3.0,4.0,1.2,8.0,1.05,3.2,1.3,8.0,1.05,0.0,0.0,0.0,2.0,2.0,0.0,0.0,0.0,0.0,0.0,2.0,2.0,8.0,34.0,26.0,14.0,17.0,3.0,4.0,4.0,0.0,1.0,7.0,6.0,0.27,0.25,0.0,0.33,0.05,0.0,17.0,35.0,18.0,16.0,30.0,14.0,0.0,0.0,0.0,0.0,0.0,0.0,0.0,0.0,0.0,0.0,0.0,0.0,6.0,10.0,4.0,5.0,11.0,6.0,5.0,11.0,6.0,6.0,10.0,4.0,2.0,2.0,0.0,1.0,1.0,0.0,0.33,0.13,-0.2,0.04,0.04,0.0,0.0,0.0,0.0,0.0,0.0,0.0,2.0,4.0,2.0,6.0,7.0,1.0,0.47,0.49,0.5,0.33,0.49,0.65,0.0,1.0,1.0,0.0,0.0,0.0,17.0,34.0,81.0,101.0,19.0,81.0,101.0,0.48,0.47,0.4,0.46,0.64,0.72,0.82,0.83,0.83,0.79,0.84,0.87,0.57,0.47,0.37,0.43,0.53,0.63,2.0,2.0,0.0,3.0,4.0,1.0,2.0,3.0,1.0,0.0,0.0,0.0,1.0,1.0,0.0,3.0,4.0,1.0,1.0,2.0,1.0,0.0,2.0,2.0,0.4,0.55,0.67,0.4,0.5,0.6,0.0,0.0,0.0,0.0,0.0,0.0,13.0,20.0,7.0,9.0,19.0,10.0,3.0,4.0,1.0,3.0,6.0,3.0,4.0,4.0,0.0,6.0,14.0,8.0,1.01,1.0,1.0,1.0,1.0,1.0,1.0,0.15,0.16,0.01,0.47,0.73,0.26,0.04,0.04,0.0,1.33,2.13,0.8,0.04,0.04,0.0,1.33,2.13,0.8,0.12,0.14,0.02,0.84,1.09,0.25,1
4zlI8Bmp,BRAZIL,2026,Serie A Betano,BRAZIL 1,22/03/2026,16:00,RODADA 8,Cruzeiro,Santos,0,0,0.0,0.0,1.95,4.45,3.25,2.57,4.85,2.02,1.88,1.86,1.3,3.2,1.05,8.2,1.27,3.5,3.1,1.34,5.8,1.12,2.75,1.4,7.0,1.07,0.0,0.0,0.0,1.0,1.0,0.0,1.0,2.0,1.0,1.0,1.0,0.0,21.0,31.0,10.0,1.0,7.0,6.0,0.0,0.0,0.0,5.0,6.0,1.0,0.0,0.0,0.0,0.33,0.33,0.33,30.0,55.0,25.0,23.0,53.0,30.0,0.0,0.0,0.0,0.0,0.0,0.0,0.0,0.0,0.0,0.0,0.0,0.0,6.0,16.0,10.0,11.0,18.0,7.0,11.0,18.0,7.0,6.0,16.0,10.0,2.0,3.0,1.0,1.0,1.0,0.0,0.57,0.88,0.31,0.04,0.04,0.0,0.0,0.0,0.0,0.0,0.0,0.0,4.0,6.0,2.0,3.0,7.0,4.0,0.38,0.33,0.27,0.6,0.52,0.41,3.0,4.0,1.0,3.0,5.0,2.0,9.8,19.0,51.0,101.0,17.0,51.0,101.0,0.54,0.51,0.46,0.66,0.65,0.65,0.76,0.75,0.74,0.84,0.84,0.84,0.39,0.4,0.41,0.61,0.6,0.59,0.0,0.0,0.0,3.0,5.0,2.0,2.0,2.0,0.0,3.0,4.0,1.0,1.0,1.0,0.0,2.0,3.0,1.0,4.0,5.0,1.0,3.0,3.0,0.0,0.44,0.5,0.57,0.33,0.47,0.5,0.0,0.0,0.0,0.0,0.0,0.0,10.0,22.0,12.0,11.0,26.0,15.0,4.0,5.0,1.0,6.0,8.0,2.0,1.0,3.0,2.0,12.0,18.0,6.0,1.03,1.0,1.0,1.0,1.01,1.0,1.0,0.05,0.08,0.03,0.62,0.84,0.22,0.04,0.04,0.0,0.57,0.88,0.31,0.04,0.04,0.0,0.57,0.88,0.31,0.08,0.12,0.04,0.78,1.22,0.44,1
Gfc2n3nl,BRAZIL,2026,Serie A Betano,BRAZIL 1,22/03/2026,16:00,RODADA 8,Remo,Bahia,4,1,1.0,1.0,3.35,2.12,3.25,3.85,2.75,2.05,1.95,1.75,1.36,2.88,1.03,9.0,1.29,3.3,3.6,1.25,7.5,1.06,2.88,1.36,8.0,1.05,1.0,3.0,2.0,3.0,5.0,2.0,2.0,5.0,3.0,0.0,4.0,4.0,9.0,33.0,24.0,22.0,36.0,14.0,4.0,9.0,5.0,2.0,5.0,3.0,0.27,0.25,0.22,0.29,0.17,0.09,22.0,46.0,24.0,23.0,41.0,18.0,0.0,0.0,0.0,0.0,0.0,0.0,0.0,0.0,0.0,0.0,0.0,0.0,6.0,10.0,4.0,8.0,15.0,7.0,8.0,15.0,7.0,6.0,10.0,4.0,3.0,6.0,3.0,1.0,2.0,1.0,-0.73,-0.61,0.12,0.9,0.25,-0.65,0.0,0.0,0.0,0.0,1.0,1.0,6.0,13.0,7.0,2.0,6.0,4.0,0.22,0.39,0.45,0.39,0.38,0.37,1.0,2.0,1.0,1.0,5.0,4.0,13.0,26.0,67.0,101.0,17.0,67.0,101.0,0.71,0.7,0.7,0.7,0.69,0.68,0.89,0.88,0.87,0.72,0.74,0.75,0.63,0.62,0.62,0.37,0.38,0.38,4.0,8.0,4.0,5.0,8.0,3.0,2.0,3.0,1.0,1.0,2.0,1.0,1.0,3.0,2.0,6.0,10.0,4.0,1.0,3.0,2.0,2.0,8.0,6.0,0.4,0.44,0.5,0.58,0.5,0.33,0.0,0.0,0.0,0.0,1.0,1.0,15.0,20.0,5.0,4.0,16.0,12.0,5.0,11.0,6.0,7.0,16.0,9.0,10.0,25.0,15.0,9.0,17.0,8.0,1.01,1.0,1.0,1.0,1.0,1.0,1.0,0.24,1.03,0.79,0.22,1.16,0.94,0.9,1.25,0.35,2.27,3.39,1.12,0.9,1.25,0.35,2.27,3.39,1.12,1.03,1.56,0.53,0.82,1.56,0.74,1
jXNrfCYj,BRAZIL,2026,Serie A Betano,BRAZIL 1,22/03/2026,16:00,RODADA 8,Vasco,Grêmio,2,1,2.0,1.0,2.0,3.66,3.25,2.6,4.0,2.2,1.96,1.79,1.42,2.49,1.07,7.3,1.31,3.18,3.28,1.3,5.9,1.1,2.76,1.34,6.0,1.06,0.0,1.0,1.0,0.0,4.0,4.0,1.0,1.0,0.0,0.0,1.0,1.0,5.0,11.0,6.0,22.0,36.0,14.0,2.0,2.0,0.0,0.0,0.0,0.0,0.15,0.15,0.14,0.2,0.29,0.5,29.0,48.0,19.0,24.0,39.0,15.0,0.0,0.0,0.0,0.0,1.0,1.0,0.0,0.0,0.0,1.0,1.0,0.0,3.0,4.0,1.0,6.0,11.0,5.0,6.0,11.0,5.0,3.0,4.0,1.0,0.0,3.0,3.0,1.0,2.0,1.0,0.0,0.69,0.69,0.18,-0.29,-0.47,0.0,0.0,0.0,1.0,1.0,0.0,3.0,10.0,7.0,6.0,16.0,10.0,0.43,0.42,0.42,0.33,0.33,0.33,1.0,1.0,0.0,0.0,0.0,0.0,12.5,21.0,67.0,101.0,8.7,67.0,101.0,0.64,0.66,0.68,0.72,0.7,0.67,0.82,0.85,0.88,0.79,0.78,0.76,0.58,0.63,0.66,0.42,0.37,0.34,3.0,6.0,3.0,1.0,7.0,6.0,3.0,5.0,2.0,3.0,4.0,1.0,1.0,3.0,2.0,0.0,5.0,5.0,2.0,3.0,1.0,2.0,3.0,1.0,0.69,0.56,0.0,0.89,0.77,0.5,0.0,0.0,0.0,1.0,1.0,0.0,15.0,27.0,12.0,10.0,18.0,8.0,5.0,9.0,4.0,3.0,10.0,7.0,11.0,24.0,13.0,8.0,23.0,15.0,1.04,1.0,1.0,1.0,1.04,1.0,1.0,0.15,0.38,0.23,0.29,0.93,0.64,0.18,0.71,0.53,0.0,2.69,2.69,0.18,0.71,0.53,0.0,2.69,2.69,0.29,0.54,0.25,0.17,1.6,1.43,1
IwGUHFQc,BRAZIL,2026,Serie A Betano,BRAZIL 1,21/03/2026,21:00,RODADA 8,São Paulo,Palmeiras,0,1,0.0,1.0,2.9,2.28,3.33,3.6,3.0,2.08,1.99,1.76,1.41,2.54,1.06,8.0,1.32,3.2,3.45,1.28,6.4,1.09,2.82,1.32,6.1,1.06,0.0,0.0,0.0,0.0,0.0,0.0,0.0,1.0,1.0,0.0,1.0,1.0,33.0,44.0,11.0,10.0,17.0,7.0,0.0,1.0,1.0,8.0,10.0,2.0,0.33,0.17,0.0,0.1,0.07,0.0,35.0,62.0,27.0,34.0,66.0,32.0,0.0,0.0,0.0,0.0,0.0,0.0,0.0,1.0,1.0,0.0,0.0,0.0,12.0,21.0,9.0,7.0,13.0,6.0,7.0,13.0,6.0,12.0,21.0,9.0,0.0,0.0,0.0,1.0,1.0,0.0,0.0,0.0,0.0,0.07,-0.6,-0.67,0.0,0.0,0.0,0.0,0.0,0.0,8.0,10.0,2.0,1.0,8.0,7.0,0.53,0.54,0.54,0.48,0.53,0.59,1.0,1.0,0.0,2.0,5.0,3.0,11.0,26.0,67.0,101.0,17.0,67.0,101.0,0.63,0.66,0.69,0.71,0.7,0.67,0.81,0.81,0.81,0.84,0.87,0.9,0.32,0.37,0.41,0.68,0.63,0.59,1.0,1.0,0.0,1.0,1.0,0.0,1.0,3.0,2.0,1.0,2.0,1.0,1.0,2.0,1.0,0.0,0.0,0.0,1.0,5.0,4.0,0.0,2.0,2.0,0.88,0.63,0.38,0.82,0.75,0.69,0.0,1.0,1.0,0.0,0.0,0.0,7.0,16.0,9.0,11.0,18.0,7.0,2.0,6.0,4.0,1.0,3.0,2.0,4.0,9.0,5.0,11.0,15.0,4.0,1.02,1.0,1.0,1.0,1.0,1.0,1.0,0.05,0.24,0.19,0.25,0.35,0.1,0.07,0.4,0.33,0.0,0.0,0.0,0.07,0.4,0.33,0.0,0.0,0.0,0.03,0.17,0.14,0.01,0.05,0.04,1
6anCaYAT,BRAZIL,2026,Serie A Betano,BRAZIL 1,21/03/2026,18:30,RODADA 8,Fluminense,Atlético-MG,1,0,1.0,0.0,1.84,4.0,3.25,2.54,4.75,2.05,2.0,1.8,1.25,3.75,1.06,9.5,1.3,3.5,3.5,1.3,6.5,1.11,2.1,1.67,5.0,1.17,3.0,5.0,2.0,0.0,1.0,1.0,2.0,2.0,0.0,3.0,3.0,0.0,7.0,13.0,6.0,14.0,22.0,8.0,1.0,2.0,1.0,1.0,3.0,2.0,0.0,0.13,0.25,0.0,0.14,0.17,28.0,50.0,22.0,31.0,49.0,18.0,0.0,0.0,0.0,0.0,0.0,0.0,0.0,0.0,0.0,0.0,0.0,0.0,11.0,15.0,4.0,9.0,18.0,9.0,9.0,18.0,9.0,11.0,15.0,4.0,1.0,3.0,2.0,2.0,4.0,2.0,0.05,-0.06,-0.11,1.08,1.5,0.42,1.0,1.0,0.0,0.0,0.0,0.0,2.0,10.0,8.0,3.0,8.0,5.0,0.52,0.49,0.47,0.39,0.43,0.47,0.0,0.0,0.0,0.0,0.0,0.0,15.0,29.0,81.0,101.0,13.0,34.0,101.0,0.67,0.7,0.73,0.69,0.72,0.74,0.78,0.77,0.76,0.78,0.84,0.88,0.52,0.44,0.38,0.48,0.56,0.62,5.0,11.0,6.0,2.0,4.0,2.0,3.0,7.0,4.0,4.0,7.0,3.0,3.0,5.0,2.0,1.0,4.0,3.0,3.0,3.0,0.0,6.0,10.0,4.0,0.57,0.58,0.6,0.43,0.47,0.5,1.0,1.0,0.0,0.0,0.0,0.0,10.0,22.0,12.0,9.0,14.0,5.0,8.0,14.0,6.0,8.0,14.0,6.0,10.0,18.0,8.0,11.0,18.0,7.0,1.03,1.01,1.0,1.0,1.04,1.01,1.0,0.78,1.24,0.46,0.32,0.79,0.47,1.08,1.5,0.42,0.05,0.94,0.89,1.08,1.5,0.42,0.05,0.94,0.89,1.02,1.77,0.75,0.3,0.71,0.41,1
pj7oEXPM,BRAZIL,2026,Serie A Betano,BRAZIL 1,21/03/2026,16:00,RODADA 8,Red Bull Bragantino,Botafogo,1,2,1.0,1.0,2.14,3.5,3.25,2.71,4.0,2.12,1.91,1.8,1.36,2.88,1.02,10.0,1.29,3.3,3.3,1.29,7.0,1.07,2.88,1.36,7.5,1.06,1.0,2.0,1.0,2.0,5.0,3.0,0.0,0.0,0.0,4.0,5.0,1.0,17.0,32.0,15.0,10.0,22.0,12.0,5.0,6.0,1.0,8.0,11.0,3.0,0.29,0.3,0.33,0.45,0.39,0.27,24.0,49.0,25.0,26.0,42.0,16.0,0.0,0.0,0.0,0.0,0.0,0.0,1.0,2.0,1.0,0.0,0.0,0.0,8.0,9.0,1.0,6.0,12.0,6.0,6.0,12.0,6.0,8.0,9.0,1.0,2.0,5.0,3.0,0.0,0.0,0.0,0.53,0.97,0.44,-0.7,-0.81,-0.11,0.0,1.0,1.0,0.0,0.0,0.0,2.0,5.0,3.0,6.0,10.0,4.0,0.24,0.3,0.34,0.55,0.56,0.57,0.0,0.0,0.0,3.0,4.0,1.0,13.0,21.0,67.0,101.0,17.0,67.0,101.0,0.51,0.49,0.47,0.71,0.73,0.75,0.66,0.72,0.77,0.82,0.84,0.85,0.35,0.41,0.45,0.65,0.59,0.55,3.0,7.0,4.0,6.0,9.0,3.0,2.0,5.0,3.0,4.0,7.0,3.0,2.0,3.0,1.0,2.0,6.0,4.0,1.0,1.0,0.0,4.0,9.0,5.0,0.75,0.73,0.7,0.78,0.81,0.86,1.0,1.0,0.0,0.0,1.0,1.0,9.0,19.0,10.0,12.0,21.0,9.0,4.0,8.0,4.0,10.0,18.0,8.0,12.0,18.0,6.0,21.0,33.0,12.0,1.01,1.0,1.0,1.0,1.0,1.0,1.0,0.34,0.43,0.09,1.15,1.8,0.65,0.3,1.19,0.89,0.53,1.97,1.44,0.3,1.19,0.89,0.53,1.97,1.44,0.26,1.18,0.92,0.77,1.84,1.07,1
bZr41ftH,BRAZIL,2026,Serie A Betano,BRAZIL 1,19/03/2026,21:30,RODADA 7,Chapecoense,Corinthians,0,0,0.0,0.0,3.2,2.3,3.0,3.75,3.1,2.05,2.18,1.64,1.28,3.33,1.08,7.2,1.38,2.9,3.85,1.23,7.4,1.07,2.28,1.55,5.5,1.1,1.0,2.0,1.0,2.0,2.0,0.0,1.0,2.0,1.0,4.0,4.0,0.0,10.0,16.0,6.0,18.0,25.0,7.0,4.0,4.0,0.0,6.0,6.0,0.0,0.36,0.35,0.33,0.29,0.2,0.0,30.0,52.0,22.0,21.0,39.0,18.0,0.0,0.0,0.0,0.0,0.0,0.0,0.0,1.0,1.0,0.0,0.0,0.0,4.0,11.0,7.0,10.0,18.0,8.0,10.0,18.0,8.0,4.0,11.0,7.0,4.0,5.0,1.0,2.0,4.0,2.0,0.18,0.19,0.01,0.31,0.72,0.41,0.0,1.0,1.0,0.0,0.0,0.0,2.0,5.0,3.0,4.0,7.0,3.0,0.55,0.52,0.48,0.6,0.56,0.52,2.0,2.0,0.0,0.0,1.0,1.0,12.0,34.0,81.0,101.0,12.0,81.0,101.0,0.79,0.74,0.7,0.69,0.65,0.59,0.87,0.87,0.88,0.82,0.79,0.78,0.65,0.64,0.63,0.35,0.36,0.37,5.0,7.0,2.0,6.0,6.0,0.0,5.0,7.0,2.0,4.0,6.0,2.0,2.0,4.0,2.0,3.0,4.0,1.0,3.0,6.0,3.0,5.0,8.0,3.0,0.67,0.67,0.67,0.75,0.62,0.4,0.0,0.0,0.0,0.0,0.0,0.0,11.0,22.0,11.0,7.0,18.0,11.0,8.0,13.0,5.0,11.0,14.0,3.0,13.0,18.0,5.0,16.0,16.0,0.0,1.02,1.0,1.0,1.0,1.01,1.0,1.0,0.63,0.75,0.12,0.37,0.4,0.03,0.31,0.72,0.41,0.18,0.19,0.01,0.31,0.72,0.41,0.18,0.19,0.01,0.53,1.26,0.73,0.71,0.8,0.09,1
baSfzIsI,BRAZIL,2026,Serie A Betano,BRAZIL 1,19/03/2026,20:00,RODADA 7,Flamengo,Remo,3,0,1.0,0.0,1.19,13.0,6.4,1.52,10.0,2.9,1.52,2.45,1.15,4.5,1.03,15.0,1.17,4.75,2.33,1.58,4.0,1.23,1.8,1.9,3.2,1.3,0.0,0.0,0.0,1.0,2.0,1.0,0.0,1.0,1.0,3.0,6.0,3.0,15.0,29.0,14.0,2.0,10.0,8.0,0.0,2.0,2.0,4.0,7.0,3.0,0.0,0.13,0.14,0.2,0.25,0.3,21.0,44.0,23.0,26.0,41.0,15.0,0.0,0.0,0.0,0.0,0.0,0.0,0.0,0.0,0.0,0.0,0.0,0.0,9.0,11.0,2.0,9.0,14.0,5.0,9.0,14.0,5.0,9.0,11.0,2.0,0.0,0.0,0.0,0.0,1.0,1.0,-1.67,-2.05,-0.38,0.0,0.03,0.03,0.0,0.0,0.0,0.0,0.0,0.0,2.0,11.0,9.0,5.0,10.0,5.0,0.5,0.5,0.5,1.0,0.82,0.64,0.0,0.0,0.0,1.0,3.0,2.0,7.0,11.0,29.0,51.0,8.0,19.0,81.0,0.55,0.76,0.83,0.79,0.77,0.76,0.84,0.84,0.84,0.94,0.92,0.9,0.33,0.35,0.36,0.67,0.65,0.64,1.0,4.0,3.0,4.0,7.0,3.0,2.0,5.0,3.0,2.0,2.0,0.0,0.0,1.0,1.0,2.0,3.0,1.0,1.0,3.0,2.0,3.0,4.0,1.0,0.33,0.62,0.7,0.8,0.74,0.67,0.0,0.0,0.0,1.0,1.0,0.0,4.0,9.0,5.0,6.0,16.0,10.0,2.0,7.0,5.0,7.0,11.0,4.0,2.0,13.0,11.0,12.0,31.0,19.0,1.09,1.03,1.01,1.0,1.08,1.02,1.0,0.07,0.3,0.23,0.77,1.45,0.68,0.0,0.03,0.03,0.33,0.95,0.62,0.0,0.03,0.03,0.33,0.95,0.62,0.2,0.64,0.44,0.63,0.91,0.28,1
jBn8sZlo,BRAZIL,2026,Serie A Betano,BRAZIL 1,19/03/2026,19:00,RODADA 7,Grêmio,Vitória,2,0,1.0,0.0,1.67,5.37,3.79,2.12,5.4,2.37,1.79,1.96,1.36,2.64,1.01,11.0,1.2,4.0,3.0,1.33,5.5,1.11,2.5,1.41,7.0,1.07,1.0,1.0,0.0,0.0,0.0,0.0,2.0,2.0,0.0,0.0,5.0,5.0,11.0,22.0,11.0,18.0,32.0,14.0,3.0,5.0,2.0,0.0,4.0,4.0,0.33,0.24,0.0,0.17,0.26,0.31,35.0,48.0,13.0,20.0,39.0,19.0,0.0,0.0,0.0,0.0,0.0,0.0,0.0,2.0,2.0,1.0,1.0,0.0,9.0,17.0,8.0,10.0,15.0,5.0,10.0,15.0,5.0,9.0,17.0,8.0,1.0,3.0,2.0,0.0,0.0,0.0,-0.23,-0.16,0.07,0.0,0.0,0.0,0.0,0.0,0.0,0.0,0.0,0.0,3.0,7.0,4.0,6.0,11.0,5.0,0.44,0.34,0.26,0.56,0.56,0.56,0.0,1.0,1.0,1.0,1.0,0.0,11.0,19.0,51.0,81.0,17.0,51.0,101.0,0.62,0.65,0.67,0.63,0.72,0.76,0.87,0.85,0.83,0.77,0.82,0.86,0.65,0.57,0.49,0.35,0.43,0.51,5.0,5.0,0.0,1.0,9.0,8.0,5.0,6.0,1.0,1.0,5.0,4.0,0.0,0.0,0.0,2.0,4.0,2.0,2.0,3.0,1.0,2.0,5.0,3.0,0.62,0.59,0.5,0.63,0.58,0.5,1.0,1.0,0.0,0.0,0.0,0.0,6.0,12.0,6.0,7.0,17.0,10.0,7.0,8.0,1.0,3.0,14.0,11.0,11.0,14.0,3.0,3.0,17.0,14.0,1.01,1.0,1.0,1.0,1.01,1.0,1.0,0.75,0.84,0.09,0.11,0.89,0.78,0.0,0.0,0.0,0.77,0.84,0.07,0.0,0.0,0.0,0.77,0.84,0.07,0.39,0.4,0.01,0.3,0.95,0.65,1
AwdDhacn,BRAZIL,2026,Serie A Betano,BRAZIL 1,18/03/2026,21:30,RODADA 7,Santos,Internacional,1,2,0.0,0.0,2.09,3.49,3.38,2.68,4.06,2.22,1.83,1.83,1.25,3.6,1.04,8.0,1.26,3.33,3.0,1.32,5.5,1.1,2.1,1.66,4.33,1.16,1.0,3.0,2.0,1.0,1.0,0.0,4.0,7.0,3.0,1.0,3.0,2.0,22.0,32.0,10.0,16.0,39.0,23.0,4.0,8.0,4.0,3.0,3.0,0.0,0.0,0.0,0.0,0.08,0.25,0.45,27.0,40.0,13.0,25.0,55.0,30.0,0.0,0.0,0.0,0.0,0.0,0.0,0.0,0.0,0.0,3.0,3.0,0.0,6.0,12.0,6.0,5.0,6.0,1.0,5.0,6.0,1.0,6.0,12.0,6.0,1.0,1.0,0.0,3.0,6.0,3.0,-0.31,-0.31,0.0,-0.13,0.19,0.32,0.0,0.0,0.0,0.0,0.0,0.0,4.0,16.0,12.0,5.0,16.0,11.0,0.38,0.34,0.31,0.68,0.63,0.58,2.0,2.0,0.0,2.0,4.0,2.0,10.0,40.0,51.0,101.0,13.0,37.0,101.0,0.48,0.53,0.57,0.82,0.82,0.82,0.58,0.66,0.71,0.83,0.82,0.82,0.34,0.39,0.42,0.66,0.61,0.58,6.0,8.0,2.0,3.0,8.0,5.0,2.0,4.0,2.0,2.0,6.0,4.0,4.0,6.0,2.0,2.0,2.0,0.0,4.0,9.0,5.0,2.0,3.0,1.0,0.58,0.6,0.67,0.71,0.62,0.5,0.0,0.0,0.0,0.0,0.0,0.0,6.0,23.0,17.0,4.0,14.0,10.0,10.0,17.0,7.0,5.0,11.0,6.0,10.0,18.0,8.0,10.0,19.0,9.0,1.03,1.01,1.0,1.0,1.03,1.0,1.0,0.67,0.89,0.22,0.15,0.58,0.43,0.87,1.19,0.32,0.69,0.69,0.0,0.87,1.19,0.32,0.69,0.69,0.0,0.51,1.24,0.73,0.97,1.17,0.2,1
fRL3YeCU,BRAZIL,2026,Serie A Betano,BRAZIL 1,18/03/2026,21:30,RODADA 7,Vasco,Fluminense,3,2,0.0,1.0,3.0,2.2,3.2,3.75,2.83,2.12,1.95,1.73,1.27,3.4,1.05,7.0,1.3,3.1,3.25,1.27,6.0,1.08,2.2,1.6,5.0,1.14,1.0,2.0,1.0,2.0,2.0,0.0,3.0,4.0,1.0,1.0,3.0,2.0,17.0,26.0,9.0,16.0,24.0,8.0,3.0,5.0,2.0,4.0,5.0,1.0,0.0,0.1,0.25,0.24,0.21,0.14,30.0,48.0,18.0,24.0,47.0,23.0,0.0,0.0,0.0,0.0,1.0,1.0,0.0,0.0,0.0,0.0,1.0,1.0,5.0,10.0,5.0,7.0,9.0,2.0,7.0,9.0,2.0,5.0,10.0,5.0,2.0,3.0,1.0,0.0,3.0,3.0,-0.45,-0.24,0.21,-0.55,-0.85,-0.3,1.0,1.0,0.0,0.0,0.0,0.0,1.0,6.0,5.0,6.0,13.0,7.0,0.42,0.42,0.41,0.48,0.5,0.53,1.0,2.0,1.0,0.0,2.0,2.0,10.0,16.5,67.0,101.0,13.0,38.0,101.0,0.74,0.75,0.75,0.86,0.81,0.77,0.81,0.85,0.87,0.84,0.85,0.85,0.45,0.48,0.5,0.55,0.52,0.5,3.0,5.0,2.0,6.0,6.0,0.0,2.0,5.0,3.0,5.0,7.0,2.0,1.0,5.0,4.0,5.0,6.0,1.0,3.0,9.0,6.0,5.0,10.0,5.0,0.67,0.69,0.71,0.71,0.56,0.44,1.0,1.0,0.0,0.0,0.0,0.0,8.0,16.0,8.0,8.0,13.0,5.0,6.0,14.0,8.0,11.0,16.0,5.0,11.0,14.0,3.0,7.0,16.0,9.0,1.02,1.01,1.0,1.0,1.02,1.0,1.0,0.38,0.61,0.23,0.65,0.98,0.33,0.45,1.15,0.7,2.55,2.76,0.21,0.45,1.15,0.7,2.55,2.76,0.21,0.49,0.94,0.45,0.78,1.0,0.22,1
KSexmeRN,BRAZIL,2026,Serie A Betano,BRAZIL 1,18/03/2026,20:00,RODADA 7,Atlético-MG,São Paulo,1,0,0.0,0.0,2.05,3.4,3.14,2.66,4.2,2.1,2.06,1.71,1.36,2.88,1.07,7.6,1.34,3.1,3.6,1.27,6.8,1.08,2.88,1.33,8.0,1.05,0.0,1.0,1.0,1.0,1.0,0.0,4.0,5.0,1.0,1.0,5.0,4.0,8.0,17.0,9.0,16.0,29.0,13.0,0.0,1.0,1.0,1.0,4.0,3.0,0.0,0.05,0.11,0.4,0.45,0.5,21.0,40.0,19.0,14.0,34.0,20.0,0.0,0.0,0.0,0.0,0.0,0.0,0.0,0.0,0.0,0.0,0.0,0.0,4.0,17.0,13.0,5.0,16.0,11.0,5.0,16.0,11.0,4.0,17.0,13.0,0.0,3.0,3.0,2.0,3.0,1.0,-0.01,0.27,0.28,0.05,0.38,0.33,0.0,0.0,0.0,0.0,0.0,0.0,1.0,2.0,1.0,4.0,8.0,4.0,0.59,0.56,0.53,0.28,0.31,0.35,0.0,0.0,0.0,1.0,2.0,1.0,11.0,26.0,81.0,101.0,19.0,67.0,101.0,0.84,0.8,0.72,0.61,0.62,0.64,0.89,0.88,0.88,0.68,0.73,0.78,0.74,0.71,0.67,0.26,0.29,0.33,3.0,4.0,1.0,3.0,8.0,5.0,4.0,4.0,0.0,1.0,4.0,3.0,2.0,3.0,1.0,1.0,4.0,3.0,7.0,8.0,1.0,0.0,5.0,5.0,0.86,0.58,0.2,0.33,0.5,0.67,1.0,1.0,0.0,0.0,0.0,0.0,13.0,25.0,12.0,9.0,22.0,13.0,10.0,12.0,2.0,3.0,13.0,10.0,11.0,13.0,2.0,9.0,17.0,8.0,1.02,1.0,1.0,1.0,1.0,1.0,1.0,0.66,0.83,0.17,0.8,1.04,0.24,0.05,0.38,0.33,0.99,1.27,0.28,0.05,0.38,0.33,0.99,1.27,0.28,0.31,0.54,0.23,0.68,1.07,0.39,1
bD7TlHdB,BRAZIL,2026,Serie A Betano,BRAZIL 1,18/03/2026,20:00,RODADA 7,Mirassol,Coritiba,0,1,0.0,0.0,1.69,5.0,3.25,2.22,5.33,2.2,2.02,1.74,1.36,2.88,1.06,7.6,1.33,3.15,3.45,1.28,6.6,1.09,3.0,1.33,8.0,1.05,2.0,3.0,1.0,0.0,2.0,2.0,5.0,5.0,0.0,3.0,4.0,1.0,20.0,38.0,18.0,7.0,15.0,8.0,2.0,2.0,0.0,5.0,7.0,2.0,0.0,0.1,0.2,0.36,0.33,0.29,22.0,38.0,16.0,18.0,40.0,22.0,0.0,0.0,0.0,1.0,1.0,0.0,0.0,0.0,0.0,0.0,0.0,0.0,7.0,11.0,4.0,4.0,8.0,4.0,4.0,8.0,4.0,7.0,11.0,4.0,1.0,6.0,5.0,2.0,3.0,1.0,0.01,0.8,0.79,-0.29,-0.26,0.03,0.0,0.0,0.0,0.0,1.0,1.0,3.0,8.0,5.0,5.0,8.0,3.0,0.28,0.32,0.37,0.61,0.64,0.67,0.0,3.0,3.0,1.0,3.0,2.0,11.0,41.0,81.0,201.0,19.0,67.0,101.0,0.68,0.67,0.64,0.84,0.84,0.85,0.68,0.74,0.79,0.89,0.9,0.9,0.31,0.31,0.31,0.69,0.69,0.69,6.0,8.0,2.0,7.0,14.0,7.0,3.0,5.0,2.0,5.0,11.0,6.0,3.0,4.0,1.0,1.0,6.0,5.0,5.0,6.0,1.0,2.0,7.0,5.0,0.22,0.47,0.75,0.0,0.22,0.33,0.0,0.0,0.0,0.0,0.0,0.0,7.0,11.0,4.0,12.0,20.0,8.0,11.0,14.0,3.0,9.0,21.0,12.0,13.0,23.0,10.0,15.0,28.0,13.0,1.02,1.0,1.0,1.0,1.0,1.0,1.0,0.24,0.39,0.15,1.1,2.01,0.91,0.71,0.74,0.03,0.01,0.8,0.79,0.71,0.74,0.03,0.01,0.8,0.79,0.89,1.16,0.27,0.53,1.74,1.21,1
6JUf5xsh,BRAZIL,2026,Serie A Betano,BRAZIL 1,18/03/2026,19:30,RODADA 7,Athletico-PR,Cruzeiro,2,1,2.0,0.0,2.66,2.45,3.14,3.25,3.2,2.12,2.07,1.7,1.37,2.44,1.07,7.6,1.34,3.05,3.6,1.26,6.8,1.08,3.0,1.33,8.0,1.05,2.0,2.0,0.0,0.0,1.0,1.0,0.0,3.0,3.0,0.0,1.0,1.0,11.0,22.0,11.0,10.0,22.0,12.0,2.0,6.0,4.0,2.0,4.0,2.0,0.0,0.0,0.0,0.25,0.28,0.3,33.0,54.0,21.0,16.0,44.0,28.0,0.0,0.0,0.0,0.0,0.0,0.0,0.0,0.0,0.0,1.0,1.0,0.0,10.0,20.0,10.0,16.0,26.0,10.0,16.0,26.0,10.0,10.0,20.0,10.0,2.0,2.0,0.0,0.0,1.0,1.0,0.35,-0.84,-1.19,-0.23,-0.15,0.08,0.0,0.0,0.0,1.0,1.0,0.0,4.0,11.0,7.0,5.0,11.0,6.0,0.58,0.54,0.5,0.34,0.49,0.65,2.0,2.0,0.0,0.0,1.0,1.0,11.0,26.0,67.0,101.0,19.0,67.0,101.0,0.73,0.7,0.66,0.69,0.67,0.66,0.85,0.84,0.83,0.77,0.82,0.85,0.63,0.52,0.43,0.37,0.48,0.57,2.0,5.0,3.0,4.0,7.0,3.0,2.0,6.0,4.0,2.0,3.0,1.0,1.0,2.0,1.0,2.0,4.0,2.0,1.0,6.0,5.0,0.0,1.0,1.0,0.6,0.67,0.71,0.2,0.67,1.0,0.0,0.0,0.0,0.0,0.0,0.0,8.0,13.0,5.0,12.0,20.0,8.0,3.0,11.0,8.0,4.0,8.0,4.0,4.0,12.0,8.0,8.0,15.0,7.0,1.02,1.0,1.0,1.0,1.0,1.0,1.0,0.41,0.55,0.14,0.2,0.4,0.2,0.77,0.85,0.08,0.35,1.16,0.81,0.77,0.85,0.08,0.35,1.16,0.81,0.96,1.43,0.47,0.19,1.18,0.99,1
vXS23GB4,BRAZIL,2026,Serie A Betano,BRAZIL 1,18/03/2026,19:00,RODADA 7,Bahia,Red Bull Bragantino,2,0,2.0,0.0,1.77,4.04,3.48,2.28,4.25,2.16,1.7,1.78,1.22,3.55,1.03,8.2,1.21,3.1,2.65,1.3,4.3,1.09,2.04,1.7,4.2,1.19,1.0,2.0,1.0,0.0,5.0,5.0,2.0,4.0,2.0,1.0,1.0,0.0,8.0,16.0,8.0,19.0,27.0,8.0,7.0,7.0,0.0,3.0,7.0,4.0,0.07,0.17,0.5,0.17,0.23,0.29,33.0,66.0,33.0,25.0,49.0,24.0,0.0,0.0,0.0,0.0,0.0,0.0,0.0,0.0,0.0,1.0,1.0,0.0,7.0,16.0,9.0,7.0,15.0,8.0,7.0,15.0,8.0,7.0,16.0,9.0,4.0,6.0,2.0,2.0,3.0,1.0,0.83,0.32,-0.51,0.86,0.89,0.03,1.0,2.0,1.0,0.0,0.0,0.0,7.0,10.0,3.0,6.0,9.0,3.0,0.41,0.5,0.56,0.41,0.46,0.52,1.0,1.0,0.0,1.0,2.0,1.0,8.4,19.0,51.0,101.0,17.0,51.0,101.0,0.67,0.64,0.58,0.77,0.78,0.79,0.77,0.79,0.82,0.81,0.86,0.89,0.47,0.43,0.4,0.53,0.57,0.6,6.0,11.0,5.0,2.0,11.0,9.0,6.0,8.0,2.0,1.0,5.0,4.0,2.0,3.0,1.0,4.0,9.0,5.0,4.0,4.0,0.0,4.0,4.0,0.0,0.4,0.39,0.38,0.43,0.5,0.57,0.0,0.0,0.0,0.0,1.0,1.0,9.0,15.0,6.0,8.0,13.0,5.0,10.0,15.0,5.0,6.0,15.0,9.0,18.0,25.0,7.0,12.0,30.0,18.0,1.02,1.0,1.0,1.0,1.01,1.0,1.0,0.46,0.78,0.32,0.28,1.31,1.03,0.86,0.89,0.03,0.83,2.32,1.49,0.86,0.89,0.03,0.83,2.32,1.49,0.73,1.66,0.93,0.24,1.79,1.55,1
65kMjwSb,BRAZIL,2026,Serie A Betano,BRAZIL 1,18/03/2026,19:00,RODADA 7,Palmeiras,Botafogo,2,1,1.0,0.0,1.44,6.0,4.24,1.95,5.7,2.5,1.7,2.12,1.2,4.0,1.03,11.0,1.22,4.2,2.71,1.44,5.0,1.16,1.95,1.75,4.0,1.2,1.0,2.0,1.0,1.0,4.0,3.0,1.0,2.0,1.0,0.0,2.0,2.0,11.0,14.0,3.0,10.0,16.0,6.0,0.0,1.0,1.0,3.0,6.0,3.0,0.2,0.08,0.0,0.0,0.3,0.6,35.0,53.0,18.0,27.0,51.0,24.0,0.0,0.0,0.0,0.0,0.0,0.0,0.0,0.0,0.0,0.0,1.0,1.0,6.0,13.0,7.0,9.0,13.0,4.0,9.0,13.0,4.0,6.0,13.0,7.0,3.0,5.0,2.0,1.0,2.0,1.0,-0.45,0.05,0.5,-0.3,-0.26,0.04,0.0,0.0,0.0,0.0,0.0,0.0,2.0,10.0,8.0,0.0,2.0,2.0,0.63,0.67,0.7,0.71,0.59,0.52,0.0,0.0,0.0,1.0,5.0,4.0,10.0,17.0,34.0,81.0,13.0,34.0,101.0,0.71,0.71,0.71,0.8,0.74,0.68,0.8,0.83,0.85,0.89,0.86,0.84,0.44,0.48,0.52,0.56,0.52,0.48,3.0,4.0,1.0,7.0,13.0,6.0,0.0,1.0,1.0,6.0,11.0,5.0,2.0,3.0,1.0,3.0,6.0,3.0,0.0,2.0,2.0,2.0,6.0,4.0,0.55,0.53,0.5,0.45,0.48,0.5,0.0,0.0,0.0,0.0,2.0,2.0,8.0,16.0,8.0,13.0,25.0,12.0,3.0,6.0,3.0,9.0,19.0,10.0,10.0,13.0,3.0,14.0,30.0,16.0,1.04,1.0,1.0,1.0,1.01,1.0,1.0,0.15,0.4,0.25,0.24,1.33,1.09,0.7,0.74,0.04,0.55,2.05,1.5,0.7,0.74,0.04,0.55,2.05,1.5,0.25,0.6,0.35,1.06,1.93,0.87,1
CrUnxvD5,BRAZIL,2026,Serie A Betano,BRAZIL 1,16/03/2026,20:00,RODADA 6,Chapecoense,Grêmio,1,1,1.0,1.0,2.9,2.36,3.2,3.6,2.9,2.14,1.93,1.76,1.37,2.5,1.06,8.5,1.3,3.25,3.33,1.3,6.66,1.1,2.76,1.3,5.0,1.14,0.0,1.0,1.0,1.0,2.0,1.0,3.0,6.0,3.0,2.0,3.0,1.0,8.0,17.0,9.0,15.0,27.0,12.0,3.0,5.0,2.0,3.0,4.0,1.0,0.13,0.18,0.25,0.5,0.33,0.11,20.0,37.0,17.0,24.0,41.0,17.0,0.0,0.0,0.0,0.0,1.0,1.0,0.0,0.0,0.0,0.0,2.0,2.0,6.0,10.0,4.0,9.0,16.0,7.0,9.0,16.0,7.0,6.0,10.0,4.0,0.0,0.0,0.0,1.0,3.0,2.0,0.0,-0.13,-0.13,0.07,0.01,-0.06,1.0,1.0,0.0,0.0,0.0,0.0,4.0,6.0,2.0,5.0,7.0,2.0,0.75,0.74,0.73,0.48,0.49,0.5,1.0,2.0,1.0,1.0,1.0,0.0,13.0,26.0,67.0,67.0,19.0,67.0,101.0,0.82,0.82,0.83,0.64,0.65,0.66,0.91,0.91,0.91,0.78,0.77,0.76,0.66,0.65,0.65,0.34,0.35,0.35,2.0,4.0,2.0,7.0,8.0,1.0,2.0,3.0,1.0,6.0,7.0,1.0,1.0,4.0,3.0,0.0,1.0,1.0,4.0,9.0,5.0,1.0,3.0,2.0,1.0,1.0,1.0,0.55,0.72,1.0,0.0,0.0,0.0,0.0,0.0,0.0,11.0,18.0,7.0,5.0,12.0,7.0,6.0,13.0,7.0,8.0,11.0,3.0,14.0,20.0,6.0,11.0,15.0,4.0,1.02,1.0,1.0,1.0,1.0,1.0,1.0,0.34,0.7,0.36,0.28,0.34,0.06,0.07,1.01,0.94,0.0,0.87,0.87,0.07,1.01,0.94,0.0,0.87,0.87,0.24,0.72,0.48,0.33,1.16,0.83,1
d8XBzRy1,BRAZIL,2026,Serie A Betano,BRAZIL 1,15/03/2026,20:30,RODADA 6,Cruzeiro,Vasco,3,3,1.0,0.0,1.65,5.0,3.75,2.34,5.57,2.23,1.92,1.79,1.25,3.57,1.05,7.78,1.3,3.24,3.25,1.3,5.92,1.1,2.17,1.61,4.62,1.16,3.0,3.0,0.0,3.0,4.0,1.0,1.0,3.0,2.0,2.0,4.0,2.0,14.0,22.0,8.0,11.0,26.0,15.0,2.0,4.0,2.0,3.0,5.0,2.0,0.33,0.31,0.25,0.36,0.3,0.18,22.0,38.0,16.0,22.0,39.0,17.0,0.0,0.0,0.0,0.0,0.0,0.0,0.0,0.0,0.0,0.0,0.0,0.0,3.0,11.0,8.0,5.0,9.0,4.0,5.0,9.0,4.0,3.0,11.0,8.0,3.0,3.0,0.0,2.0,2.0,0.0,-0.44,-0.55,-0.11,-1.43,-1.43,0.0,0.0,1.0,1.0,0.0,0.0,0.0,2.0,6.0,4.0,4.0,12.0,8.0,0.43,0.43,0.42,0.43,0.48,0.5,0.0,1.0,1.0,0.0,0.0,0.0,9.65,26.0,67.0,67.0,17.0,67.0,101.0,0.68,0.66,0.64,0.9,0.85,0.76,0.77,0.8,0.82,0.89,0.88,0.86,0.36,0.4,0.44,0.64,0.6,0.56,6.0,10.0,4.0,6.0,9.0,3.0,3.0,5.0,2.0,6.0,10.0,4.0,5.0,7.0,2.0,5.0,6.0,1.0,3.0,5.0,2.0,7.0,11.0,4.0,0.5,0.4,0.33,0.5,0.57,0.67,0.0,0.0,0.0,0.0,0.0,0.0,9.0,21.0,12.0,3.0,10.0,7.0,9.0,15.0,6.0,13.0,20.0,7.0,13.0,19.0,6.0,13.0,24.0,11.0,1.02,1.0,1.0,1.0,1.0,1.0,1.0,0.67,0.77,0.1,0.87,1.27,0.4,1.57,1.57,0.0,1.56,2.45,0.89,1.57,1.57,0.0,1.56,2.45,0.89,1.01,1.37,0.36,0.76,1.13,0.37,1
29v3xm7l,BRAZIL,2026,Serie A Betano,BRAZIL 1,15/03/2026,20:30,RODADA 6,Red Bull Bragantino,São Paulo,1,2,1.0,0.0,2.57,2.87,3.2,3.25,3.6,1.98,2.21,1.59,1.3,3.25,1.08,7.0,1.39,2.75,3.95,1.21,7.8,1.06,2.39,1.51,5.4,1.12,1.0,1.0,0.0,0.0,0.0,0.0,0.0,0.0,0.0,4.0,4.0,0.0,20.0,33.0,13.0,7.0,12.0,5.0,3.0,4.0,1.0,4.0,6.0,2.0,0.13,0.08,0.0,0.46,0.36,0.22,21.0,43.0,22.0,44.0,72.0,28.0,0.0,0.0,0.0,1.0,1.0,0.0,0.0,0.0,0.0,0.0,0.0,0.0,8.0,13.0,5.0,9.0,18.0,9.0,9.0,18.0,9.0,8.0,13.0,5.0,2.0,2.0,0.0,0.0,1.0,1.0,0.62,0.3,-0.32,-0.9,-0.69,0.21,0.0,0.0,0.0,0.0,0.0,0.0,2.0,4.0,2.0,0.0,12.0,12.0,0.35,0.36,0.37,0.5,0.52,0.54,0.0,1.0,1.0,1.0,1.0,0.0,12.0,18.0,67.0,67.0,14.0,81.0,101.0,0.65,0.66,0.67,0.76,0.7,0.63,0.75,0.81,0.84,0.82,0.81,0.8,0.41,0.5,0.57,0.59,0.5,0.43,2.0,4.0,2.0,5.0,7.0,2.0,0.0,1.0,1.0,3.0,6.0,3.0,2.0,3.0,1.0,2.0,3.0,1.0,0.0,0.0,0.0,4.0,6.0,2.0,0.5,0.56,0.6,0.57,0.41,0.3,0.0,0.0,0.0,0.0,0.0,0.0,13.0,21.0,8.0,13.0,24.0,11.0,2.0,4.0,2.0,9.0,13.0,4.0,6.0,13.0,7.0,21.0,27.0,6.0,1.01,1.01,1.0,1.0,1.02,1.0,1.0,0.58,0.79,0.21,1.11,1.25,0.14,1.1,1.31,0.21,0.62,1.3,0.68,1.1,1.31,0.21,0.62,1.3,0.68,0.63,0.8,0.17,0.45,0.61,0.16,1
r3xWuMDt,BRAZIL,2026,Serie A Betano,BRAZIL 1,15/03/2026,18:30,RODADA 6,Coritiba,Remo,1,0,1.0,0.0,1.78,4.6,3.45,2.58,5.57,2.05,2.1,1.49,1.32,2.8,1.06,5.8,1.35,2.37,3.5,1.16,5.4,1.04,2.49,1.47,5.6,1.11,1.0,1.0,0.0,1.0,2.0,1.0,1.0,2.0,1.0,1.0,2.0,1.0,9.0,22.0,13.0,14.0,23.0,9.0,3.0,6.0,3.0,3.0,4.0,1.0,0.2,0.12,0.0,0.0,0.29,0.44,22.0,49.0,27.0,22.0,43.0,21.0,0.0,1.0,1.0,0.0,0.0,0.0,0.0,0.0,0.0,0.0,0.0,0.0,3.0,11.0,8.0,4.0,13.0,9.0,4.0,13.0,9.0,3.0,11.0,8.0,2.0,3.0,1.0,1.0,1.0,0.0,0.21,0.4,0.19,0.07,0.07,0.0,0.0,0.0,0.0,0.0,0.0,0.0,7.0,10.0,3.0,8.0,12.0,4.0,0.68,0.49,0.3,0.26,0.31,0.35,1.0,1.0,0.0,4.0,6.0,2.0,14.0,51.0,67.0,67.0,19.0,81.0,101.0,0.81,0.79,0.75,0.56,0.61,0.65,0.88,0.86,0.83,0.67,0.77,0.81,0.72,0.58,0.46,0.28,0.42,0.54,2.0,3.0,1.0,3.0,8.0,5.0,7.0,11.0,4.0,0.0,2.0,2.0,1.0,1.0,0.0,2.0,4.0,2.0,7.0,11.0,4.0,0.0,0.0,0.0,0.43,0.53,0.63,0.4,0.5,0.67,0.0,0.0,0.0,1.0,1.0,0.0,8.0,15.0,7.0,4.0,14.0,10.0,9.0,14.0,5.0,3.0,8.0,5.0,8.0,10.0,2.0,8.0,20.0,12.0,1.01,1.0,1.0,1.0,1.0,1.0,1.0,0.49,0.59,0.1,0.17,0.84,0.67,0.07,0.07,0.0,0.21,1.4,1.19,0.07,0.07,0.0,0.21,1.4,1.19,0.56,0.7,0.14,0.15,0.88,0.73,1
WQmXs9qR,BRAZIL,2026,Serie A Betano,BRAZIL 1,15/03/2026,18:30,RODADA 6,Palmeiras,Mirassol,1,0,1.0,0.0,1.39,7.0,4.2,1.91,6.5,2.5,1.71,2.02,1.17,4.23,1.03,10.0,1.21,4.2,2.55,1.45,4.6,1.18,1.89,1.78,3.92,1.2,0.0,1.0,1.0,1.0,1.0,0.0,4.0,5.0,1.0,2.0,2.0,0.0,11.0,19.0,8.0,14.0,22.0,8.0,2.0,4.0,2.0,1.0,2.0,1.0,0.19,0.21,0.29,0.2,0.16,0.11,16.0,41.0,25.0,24.0,52.0,28.0,0.0,0.0,0.0,0.0,0.0,0.0,0.0,0.0,0.0,0.0,0.0,0.0,10.0,17.0,7.0,7.0,14.0,7.0,7.0,14.0,7.0,10.0,17.0,7.0,2.0,3.0,1.0,2.0,2.0,0.0,0.05,-0.81,-0.86,0.27,0.27,0.0,0.0,0.0,0.0,0.0,0.0,0.0,3.0,4.0,1.0,4.0,11.0,7.0,0.81,0.67,0.57,0.58,0.57,0.57,0.0,0.0,0.0,0.0,0.0,0.0,8.0,15.0,17.0,67.0,9.56,18.0,101.0,0.88,0.82,0.72,0.7,0.7,0.7,0.92,0.89,0.85,0.81,0.84,0.86,0.65,0.57,0.5,0.35,0.43,0.5,3.0,5.0,2.0,3.0,6.0,3.0,3.0,5.0,2.0,3.0,5.0,2.0,2.0,2.0,0.0,2.0,4.0,2.0,6.0,7.0,1.0,4.0,5.0,1.0,1.0,0.88,0.86,0.75,0.71,0.7,0.0,0.0,0.0,1.0,2.0,1.0,8.0,19.0,11.0,10.0,20.0,10.0,9.0,12.0,3.0,7.0,11.0,4.0,12.0,21.0,9.0,7.0,12.0,5.0,1.06,1.02,1.01,1.0,1.01,1.0,1.0,0.52,0.67,0.15,0.38,0.59,0.21,0.27,0.27,0.0,0.05,0.19,0.14,0.27,0.27,0.0,0.05,0.19,0.14,0.34,0.65,0.31,0.41,0.52,0.11,1
xhxxOmhe,BRAZIL,2026,Serie A Betano,BRAZIL 1,15/03/2026,16:00,RODADA 6,Fluminense,Athletico-PR,3,2,2.0,1.0,1.64,5.0,3.66,2.2,5.33,2.22,1.88,1.83,1.37,2.63,1.06,8.2,1.3,3.35,3.25,1.31,6.0,1.1,2.88,1.36,7.5,1.06,2.0,2.0,0.0,2.0,5.0,3.0,0.0,0.0,0.0,3.0,5.0,2.0,11.0,24.0,13.0,9.0,16.0,7.0,1.0,1.0,0.0,4.0,7.0,3.0,0.5,0.5,,0.57,0.4,,16.0,37.0,21.0,22.0,38.0,16.0,0.0,0.0,0.0,0.0,0.0,0.0,1.0,2.0,1.0,1.0,1.0,0.0,4.0,9.0,5.0,5.0,14.0,9.0,5.0,14.0,9.0,4.0,9.0,5.0,3.0,7.0,4.0,0.0,0.0,0.0,0.53,0.57,0.04,-0.36,-1.17,-0.81,0.0,0.0,0.0,1.0,2.0,1.0,2.0,8.0,6.0,3.0,5.0,2.0,0.42,0.5,0.57,0.75,0.52,0.38,0.0,0.0,0.0,1.0,2.0,1.0,10.0,21.0,67.0,67.0,17.0,51.0,101.0,0.35,0.38,0.41,0.92,0.87,0.79,0.75,0.73,0.71,0.95,0.93,0.91,0.19,0.21,0.23,0.81,0.79,0.77,2.0,3.0,1.0,12.0,20.0,8.0,1.0,2.0,1.0,8.0,9.0,1.0,1.0,2.0,1.0,4.0,10.0,6.0,0.0,1.0,1.0,3.0,4.0,1.0,0.43,0.54,0.67,0.86,0.91,1.0,0.0,0.0,0.0,0.0,1.0,1.0,7.0,14.0,7.0,4.0,14.0,10.0,2.0,4.0,2.0,15.0,24.0,9.0,4.0,6.0,2.0,24.0,40.0,16.0,1.03,1.0,1.0,1.0,1.0,1.0,1.0,0.22,0.26,0.04,0.73,1.35,0.62,0.64,0.83,0.19,1.53,3.57,2.04,0.64,0.83,0.19,1.53,3.57,2.04,0.48,0.54,0.06,1.29,2.11,0.82,1
ULVJY46D,BRAZIL,2026,Serie A Betano,BRAZIL 1,15/03/2026,16:00,RODADA 6,Internacional,Bahia,0,1,0.0,1.0,2.12,3.35,3.25,2.75,3.95,2.04,2.06,1.68,1.38,2.29,1.07,7.6,1.35,3.05,3.65,1.26,7.0,1.08,2.39,1.39,8.0,1.05,0.0,1.0,1.0,2.0,3.0,1.0,0.0,4.0,4.0,3.0,3.0,0.0,27.0,52.0,25.0,7.0,16.0,9.0,0.0,1.0,1.0,3.0,7.0,4.0,0.0,0.33,0.5,0.29,0.23,0.17,38.0,66.0,28.0,33.0,68.0,35.0,0.0,0.0,0.0,0.0,0.0,0.0,0.0,1.0,1.0,0.0,0.0,0.0,12.0,20.0,8.0,10.0,20.0,10.0,10.0,20.0,10.0,12.0,20.0,8.0,1.0,2.0,1.0,1.0,1.0,0.0,0.04,0.42,0.38,0.0,-0.01,-0.01,0.0,0.0,0.0,0.0,0.0,0.0,2.0,3.0,1.0,3.0,6.0,3.0,0.33,0.26,0.17,0.54,0.47,0.42,2.0,3.0,1.0,3.0,3.0,0.0,11.0,34.0,67.0,67.0,19.0,67.0,101.0,0.52,0.62,0.68,0.78,0.72,0.64,0.71,0.79,0.84,0.82,0.8,0.78,0.41,0.47,0.52,0.59,0.53,0.48,1.0,4.0,3.0,7.0,10.0,3.0,1.0,2.0,1.0,4.0,9.0,5.0,0.0,1.0,1.0,1.0,2.0,1.0,0.0,3.0,3.0,1.0,4.0,3.0,0.57,0.67,0.8,0.55,0.58,0.6,0.0,1.0,1.0,0.0,0.0,0.0,8.0,16.0,8.0,18.0,31.0,13.0,1.0,7.0,6.0,8.0,14.0,6.0,4.0,12.0,8.0,18.0,27.0,9.0,1.02,1.0,1.0,1.0,1.0,1.0,1.0,0.09,0.4,0.31,0.45,0.59,0.14,0.0,0.99,0.99,0.04,0.42,0.38,0.0,0.99,0.99,0.04,0.42,0.38,0.04,0.85,0.81,1.19,1.65,0.46,1
ABaOqVEE,BRAZIL,2026,Serie A Betano,BRAZIL 1,15/03/2026,16:00,RODADA 6,Santos,Corinthians,1,1,1.0,1.0,2.16,3.33,3.14,2.83,4.0,2.05,2.28,1.58,1.33,3.0,1.09,7.0,1.41,2.75,4.2,1.2,8.5,1.06,2.54,1.45,5.0,1.14,0.0,0.0,0.0,0.0,1.0,1.0,4.0,4.0,0.0,0.0,2.0,2.0,12.0,26.0,14.0,12.0,21.0,9.0,2.0,6.0,4.0,1.0,4.0,3.0,0.8,0.55,0.33,0.0,0.18,0.25,30.0,58.0,28.0,21.0,43.0,22.0,0.0,1.0,1.0,0.0,0.0,0.0,0.0,0.0,0.0,0.0,0.0,0.0,7.0,15.0,8.0,13.0,20.0,7.0,13.0,20.0,7.0,7.0,15.0,8.0,1.0,2.0,1.0,1.0,3.0,2.0,0.76,1.26,0.5,0.07,0.43,0.36,0.0,1.0,1.0,0.0,0.0,0.0,5.0,11.0,6.0,7.0,15.0,8.0,0.5,0.36,0.25,0.2,0.32,0.41,1.0,2.0,1.0,1.0,1.0,0.0,13.0,16.0,67.0,67.0,14.0,40.0,101.0,0.79,0.78,0.77,0.56,0.59,0.61,0.79,0.81,0.82,0.78,0.78,0.78,0.56,0.56,0.55,0.44,0.44,0.45,2.0,6.0,4.0,2.0,7.0,5.0,1.0,2.0,1.0,2.0,6.0,4.0,1.0,4.0,3.0,1.0,3.0,2.0,4.0,4.0,0.0,1.0,4.0,3.0,0.67,0.53,0.4,0.64,0.58,0.5,0.0,0.0,0.0,0.0,0.0,0.0,12.0,19.0,7.0,12.0,18.0,6.0,6.0,10.0,4.0,3.0,11.0,8.0,12.0,17.0,5.0,3.0,15.0,12.0,1.02,1.01,1.0,1.0,1.01,1.0,1.0,1.31,1.49,0.18,0.43,0.63,0.2,0.07,1.43,1.36,0.76,2.26,1.5,0.07,1.43,1.36,0.76,2.26,1.5,0.22,0.47,0.25,0.34,1.02,0.68,1
r57xMRM7,BRAZIL,2026,Serie A Betano,BRAZIL 1,14/03/2026,20:30,RODADA 6,Botafogo,Flamengo,0,3,0.0,2.0,3.5,2.05,3.25,4.0,2.75,2.1,2.09,1.63,1.42,2.34,1.07,6.66,1.36,2.9,3.75,1.23,7.5,1.05,2.72,1.31,5.33,1.11,1.0,2.0,1.0,0.0,0.0,0.0,3.0,5.0,2.0,1.0,2.0,1.0,9.0,18.0,9.0,6.0,12.0,6.0,3.0,4.0,1.0,2.0,2.0,0.0,0.33,0.22,0.0,0.0,0.11,0.25,22.0,58.0,36.0,15.0,32.0,17.0,0.0,0.0,0.0,0.0,0.0,0.0,0.0,0.0,0.0,0.0,0.0,0.0,8.0,10.0,2.0,4.0,16.0,12.0,4.0,16.0,12.0,8.0,10.0,2.0,0.0,1.0,1.0,2.0,3.0,1.0,0.0,0.01,0.01,0.42,-0.82,-1.24,0.0,0.0,0.0,0.0,0.0,0.0,6.0,10.0,4.0,3.0,12.0,9.0,0.93,0.77,0.68,0.44,0.5,0.57,0.0,1.0,1.0,0.0,0.0,0.0,11.0,15.66,67.0,67.0,11.0,12.0,101.0,0.84,0.78,0.68,0.57,0.65,0.7,0.93,0.9,0.88,0.85,0.86,0.87,0.61,0.58,0.54,0.39,0.42,0.46,7.0,10.0,3.0,0.0,3.0,3.0,5.0,7.0,2.0,2.0,4.0,2.0,3.0,6.0,3.0,0.0,1.0,1.0,4.0,8.0,4.0,3.0,4.0,1.0,0.88,0.61,0.47,0.8,0.7,0.6,0.0,1.0,1.0,0.0,0.0,0.0,5.0,13.0,8.0,9.0,20.0,11.0,11.0,18.0,7.0,3.0,7.0,4.0,12.0,20.0,8.0,1.0,9.0,8.0,1.01,1.01,1.0,1.0,1.01,1.01,1.0,0.82,1.24,0.42,0.06,0.45,0.39,1.42,2.18,0.76,0.0,0.01,0.01,1.42,2.18,0.76,0.0,0.01,0.01,0.84,1.38,0.54,0.08,0.75,0.67,1
jTuvv0rg,BRAZIL,2026,Serie A Betano,BRAZIL 1,14/03/2026,18:30,RODADA 6,Vitória,Atlético-MG,2,0,1.0,0.0,2.59,2.54,3.21,3.32,3.27,2.08,1.96,1.78,1.27,3.4,1.06,8.5,1.3,3.25,3.33,1.3,6.66,1.1,2.2,1.6,5.33,1.11,2.0,3.0,1.0,0.0,0.0,0.0,1.0,2.0,1.0,1.0,1.0,0.0,12.0,23.0,11.0,26.0,41.0,15.0,7.0,10.0,3.0,4.0,4.0,0.0,0.28,0.23,0.17,0.14,0.15,0.17,35.0,67.0,32.0,24.0,52.0,28.0,0.0,0.0,0.0,0.0,0.0,0.0,0.0,1.0,1.0,0.0,0.0,0.0,8.0,13.0,5.0,11.0,18.0,7.0,11.0,18.0,7.0,8.0,13.0,5.0,1.0,2.0,1.0,0.0,3.0,3.0,-0.81,-1.12,-0.31,0.0,0.92,0.92,0.0,0.0,0.0,0.0,0.0,0.0,2.0,7.0,5.0,4.0,9.0,5.0,0.47,0.48,0.5,0.27,0.26,0.24,0.0,2.0,2.0,2.0,2.0,0.0,11.0,35.0,67.0,67.0,12.0,33.0,101.0,0.76,0.73,0.7,0.63,0.6,0.56,0.85,0.84,0.84,0.72,0.75,0.77,0.7,0.67,0.63,0.3,0.33,0.37,5.0,9.0,4.0,3.0,7.0,4.0,4.0,7.0,3.0,1.0,4.0,3.0,0.0,3.0,3.0,2.0,4.0,2.0,0.0,3.0,3.0,1.0,2.0,1.0,0.55,0.61,0.71,0.89,0.76,0.69,0.0,1.0,1.0,0.0,0.0,0.0,18.0,28.0,10.0,7.0,19.0,12.0,5.0,12.0,7.0,4.0,9.0,5.0,10.0,25.0,15.0,4.0,10.0,6.0,1.03,1.01,1.0,1.0,1.03,1.01,1.0,0.83,1.23,0.4,0.08,0.15,0.07,0.0,0.92,0.92,0.19,0.88,0.69,0.0,0.92,0.92,0.19,0.88,0.69,0.73,1.17,0.44,0.25,0.46,0.21,1
dYG29lw2,BRAZIL,2026,Serie A Betano,BRAZIL 1,12/03/2026,21:30,RODADA 5,Grêmio,Red Bull Bragantino,1,1,1.0,0.0,2.02,3.57,3.52,2.58,4.04,2.06,1.88,1.84,1.25,3.6,1.05,9.5,1.3,3.33,3.2,1.32,6.33,1.11,2.1,1.66,5.0,1.14,1.0,2.0,1.0,3.0,4.0,1.0,2.0,2.0,0.0,1.0,2.0,1.0,9.0,17.0,8.0,6.0,17.0,11.0,3.0,6.0,3.0,1.0,4.0,3.0,0.22,0.18,0.15,0.45,0.47,0.5,31.0,59.0,28.0,25.0,53.0,28.0,0.0,0.0,0.0,0.0,0.0,0.0,0.0,0.0,0.0,0.0,0.0,0.0,7.0,13.0,6.0,9.0,13.0,4.0,9.0,13.0,4.0,7.0,13.0,6.0,3.0,4.0,1.0,3.0,7.0,4.0,0.72,0.53,-0.19,-0.42,-0.15,0.27,0.0,0.0,0.0,0.0,0.0,0.0,3.0,9.0,6.0,7.0,11.0,4.0,0.52,0.48,0.42,0.52,0.49,0.46,1.0,2.0,1.0,0.0,1.0,1.0,11.0,15.66,67.0,67.0,12.0,67.0,101.0,0.76,0.73,0.68,0.5,0.56,0.61,0.86,0.83,0.8,0.79,0.78,0.78,0.66,0.61,0.56,0.34,0.39,0.44,6.0,11.0,5.0,5.0,9.0,4.0,5.0,10.0,5.0,2.0,5.0,3.0,4.0,8.0,4.0,3.0,6.0,3.0,5.0,9.0,4.0,1.0,4.0,3.0,0.62,0.64,0.67,0.6,0.62,0.64,0.0,0.0,0.0,0.0,0.0,0.0,6.0,16.0,10.0,8.0,13.0,5.0,11.0,20.0,9.0,6.0,13.0,7.0,11.0,22.0,11.0,11.0,21.0,10.0,1.03,1.01,1.0,1.0,1.01,1.0,1.0,0.54,1.21,0.67,0.65,0.94,0.29,0.58,0.85,0.27,0.72,1.53,0.81,0.58,0.85,0.27,0.72,1.53,0.81,0.84,1.66,0.82,0.98,1.56,0.58,1
2Bu7KEo3,BRAZIL,2026,Serie A Betano,BRAZIL 1,12/03/2026,20:00,RODADA 5,São Paulo,Chapecoense,2,0,0.0,0.0,1.5,5.8,4.1,2.05,5.8,2.4,1.77,1.94,1.2,4.0,1.04,9.2,1.25,3.7,2.9,1.38,5.2,1.14,2.05,1.7,4.2,1.18,1.0,1.0,0.0,2.0,2.0,0.0,1.0,2.0,1.0,2.0,4.0,2.0,16.0,47.0,31.0,17.0,30.0,13.0,3.0,6.0,3.0,5.0,11.0,6.0,0.13,0.1,0.08,0.13,0.18,0.23,24.0,47.0,23.0,17.0,44.0,27.0,0.0,0.0,0.0,0.0,0.0,0.0,0.0,1.0,1.0,0.0,0.0,0.0,6.0,12.0,6.0,8.0,13.0,5.0,8.0,13.0,5.0,6.0,12.0,6.0,2.0,5.0,3.0,0.0,1.0,1.0,-0.31,0.56,0.87,0.0,0.42,0.42,0.0,0.0,0.0,1.0,1.0,0.0,4.0,5.0,1.0,3.0,9.0,6.0,0.32,0.39,0.46,0.46,0.45,0.44,0.0,0.0,0.0,2.0,3.0,1.0,9.2,13.82,51.0,67.0,9.9,51.0,101.0,0.63,0.64,0.67,0.79,0.76,0.75,0.7,0.72,0.74,0.83,0.84,0.84,0.4,0.37,0.34,0.6,0.63,0.66,2.0,3.0,1.0,4.0,9.0,5.0,3.0,4.0,1.0,2.0,7.0,5.0,0.0,1.0,1.0,4.0,7.0,3.0,2.0,4.0,2.0,4.0,9.0,5.0,0.71,0.6,0.33,0.67,0.55,0.5,0.0,0.0,0.0,0.0,0.0,0.0,13.0,32.0,19.0,3.0,13.0,10.0,4.0,7.0,3.0,8.0,18.0,10.0,7.0,15.0,8.0,12.0,27.0,15.0,1.04,1.01,1.0,1.0,1.02,1.0,1.0,0.48,0.62,0.14,0.36,1.09,0.73,0.0,0.42,0.42,1.69,2.56,0.87,0.0,0.42,0.42,1.69,2.56,0.87,0.5,0.57,0.07,0.96,1.52,0.56,1
dEhLdBgd,BRAZIL,2026,Serie A Betano,BRAZIL 1,12/03/2026,19:30,RODADA 5,Vasco,Palmeiras,2,1,0.0,1.0,3.12,2.28,3.4,3.64,2.82,2.1,1.95,1.75,1.36,2.88,1.03,9.0,1.29,3.3,3.6,1.25,7.5,1.07,2.88,1.36,7.5,1.05,1.0,1.0,0.0,2.0,2.0,0.0,0.0,2.0,2.0,2.0,5.0,3.0,17.0,45.0,28.0,14.0,23.0,9.0,2.0,5.0,3.0,5.0,9.0,4.0,0.0,0.0,0.0,0.3,0.15,0.06,31.0,56.0,25.0,26.0,56.0,30.0,0.0,0.0,0.0,0.0,0.0,0.0,0.0,1.0,1.0,0.0,0.0,0.0,5.0,18.0,13.0,4.0,6.0,2.0,4.0,6.0,2.0,5.0,18.0,13.0,3.0,4.0,1.0,2.0,2.0,0.0,-0.81,-0.79,0.02,0.56,0.21,-0.35,0.0,0.0,0.0,0.0,0.0,0.0,3.0,6.0,3.0,7.0,10.0,3.0,0.41,0.4,0.39,0.38,0.43,0.5,0.0,1.0,1.0,0.0,0.0,0.0,13.0,26.0,67.0,67.0,17.0,51.0,101.0,0.65,0.76,0.82,0.76,0.75,0.74,0.83,0.85,0.86,0.84,0.84,0.84,0.49,0.5,0.51,0.51,0.5,0.49,2.0,3.0,1.0,5.0,6.0,1.0,2.0,3.0,1.0,5.0,6.0,1.0,2.0,3.0,1.0,5.0,6.0,1.0,2.0,5.0,3.0,7.0,11.0,4.0,0.57,0.56,0.55,0.57,0.61,0.75,0.0,0.0,0.0,0.0,0.0,0.0,12.0,17.0,5.0,8.0,16.0,8.0,4.0,8.0,4.0,12.0,17.0,5.0,8.0,17.0,9.0,17.0,28.0,11.0,1.01,1.0,1.0,1.0,1.0,1.0,1.0,0.64,0.98,0.34,0.7,1.07,0.37,0.56,1.21,0.65,1.19,1.21,0.02,0.56,1.21,0.65,1.19,1.21,0.02,0.62,0.71,0.09,1.2,1.5,0.3,1
4vvUP9Nr,BRAZIL,2026,Serie A Betano,BRAZIL 1,12/03/2026,19:00,RODADA 5,Remo,Fluminense,0,2,0.0,1.0,3.35,2.16,3.1,4.0,2.85,1.95,2.07,1.67,1.38,2.29,1.06,8.2,1.31,3.25,3.35,1.3,6.2,1.1,3.2,1.3,8.0,1.05,1.0,2.0,1.0,0.0,1.0,1.0,0.0,3.0,3.0,2.0,3.0,1.0,13.0,29.0,16.0,9.0,20.0,11.0,0.0,4.0,4.0,5.0,6.0,1.0,0.5,0.3,0.25,0.0,0.13,0.38,26.0,53.0,27.0,23.0,47.0,24.0,0.0,0.0,0.0,0.0,0.0,0.0,0.0,0.0,0.0,0.0,0.0,0.0,7.0,14.0,7.0,7.0,11.0,4.0,7.0,11.0,4.0,7.0,14.0,7.0,1.0,3.0,2.0,2.0,5.0,3.0,0.23,1.16,0.93,0.28,0.74,0.46,0.0,1.0,1.0,0.0,0.0,0.0,4.0,6.0,2.0,4.0,6.0,2.0,0.61,0.65,0.69,0.35,0.46,0.57,2.0,5.0,3.0,2.0,2.0,0.0,11.0,34.0,67.0,67.0,19.0,81.0,101.0,0.79,0.81,0.83,0.68,0.65,0.61,0.88,0.89,0.9,0.8,0.81,0.82,0.68,0.67,0.65,0.32,0.33,0.35,4.0,9.0,5.0,1.0,4.0,3.0,3.0,5.0,2.0,1.0,4.0,3.0,3.0,7.0,4.0,1.0,3.0,2.0,2.0,6.0,4.0,3.0,6.0,3.0,0.5,0.63,0.7,0.4,0.33,0.25,0.0,0.0,0.0,0.0,0.0,0.0,9.0,13.0,4.0,3.0,12.0,9.0,6.0,15.0,9.0,4.0,10.0,6.0,19.0,32.0,13.0,7.0,14.0,7.0,1.02,1.0,1.0,1.0,1.0,1.0,1.0,0.73,1.17,0.44,0.41,0.75,0.34,1.28,2.74,1.46,0.23,1.16,0.93,1.28,2.74,1.46,0.23,1.16,0.93,0.93,2.22,1.29,0.2,0.85,0.65,1
bwZFIhGF,BRAZIL,2026,Serie A Betano,BRAZIL 1,11/03/2026,21:30,RODADA 5,Corinthians,Coritiba,0,2,0.0,1.0,1.49,6.45,4.2,2.16,6.28,2.31,1.98,1.74,1.42,2.34,1.06,7.6,1.36,3.0,3.7,1.25,7.0,1.08,3.0,1.33,8.0,1.05,1.0,1.0,0.0,0.0,0.0,0.0,1.0,1.0,0.0,2.0,3.0,1.0,27.0,40.0,13.0,11.0,20.0,9.0,3.0,6.0,3.0,6.0,8.0,2.0,0.0,0.08,0.17,0.21,0.19,0.14,19.0,35.0,16.0,20.0,39.0,19.0,0.0,0.0,0.0,0.0,0.0,0.0,0.0,0.0,0.0,0.0,0.0,0.0,9.0,18.0,9.0,5.0,15.0,10.0,5.0,15.0,10.0,9.0,18.0,9.0,1.0,1.0,0.0,0.0,0.0,0.0,0.49,0.49,0.0,-0.44,-0.89,-0.45,0.0,0.0,0.0,0.0,0.0,0.0,0.0,7.0,7.0,2.0,4.0,2.0,0.35,0.42,0.47,0.63,0.75,0.81,2.0,3.0,1.0,0.0,0.0,0.0,11.0,26.0,67.0,67.0,19.0,67.0,101.0,0.67,0.64,0.62,0.83,0.83,0.84,0.68,0.74,0.77,0.92,0.91,0.91,0.2,0.27,0.33,0.8,0.73,0.67,1.0,2.0,1.0,5.0,7.0,2.0,1.0,1.0,0.0,5.0,7.0,2.0,1.0,2.0,1.0,1.0,1.0,0.0,2.0,2.0,0.0,3.0,4.0,1.0,0.33,0.43,0.6,0.75,0.75,0.75,0.0,0.0,0.0,0.0,0.0,0.0,13.0,22.0,9.0,12.0,22.0,10.0,3.0,4.0,1.0,8.0,11.0,3.0,5.0,9.0,4.0,14.0,19.0,5.0,1.02,1.0,1.0,1.0,1.0,1.0,1.0,0.64,0.72,0.08,0.64,1.05,0.41,0.56,1.11,0.55,0.49,0.49,0.0,0.56,1.11,0.55,0.49,0.49,0.0,0.52,0.56,0.04,0.4,0.67,0.27,1
za4CbXOq,BRAZIL,2026,Serie A Betano,BRAZIL 1,11/03/2026,21:30,RODADA 5,Flamengo,Cruzeiro,2,0,1.0,0.0,1.44,6.33,4.0,2.0,6.5,2.3,1.85,1.85,1.33,3.0,1.01,11.0,1.25,3.6,3.2,1.3,6.5,1.08,2.75,1.4,7.0,1.07,0.0,1.0,1.0,1.0,1.0,0.0,4.0,6.0,2.0,1.0,2.0,1.0,13.0,13.0,0.0,14.0,29.0,15.0,3.0,7.0,4.0,3.0,4.0,1.0,0.25,0.37,0.45,0.17,0.22,0.33,24.0,52.0,28.0,22.0,43.0,21.0,1.0,2.0,1.0,0.0,0.0,0.0,0.0,1.0,1.0,1.0,1.0,0.0,8.0,13.0,5.0,8.0,19.0,11.0,8.0,19.0,11.0,8.0,13.0,5.0,3.0,4.0,1.0,1.0,4.0,3.0,0.44,0.22,-0.22,0.15,0.98,0.83,0.0,0.0,0.0,1.0,2.0,1.0,3.0,8.0,5.0,8.0,12.0,4.0,0.48,0.51,0.55,0.41,0.55,0.67,0.0,1.0,1.0,0.0,0.0,0.0,11.0,21.0,67.0,67.0,17.0,51.0,101.0,0.72,0.77,0.82,0.7,0.73,0.77,0.88,0.87,0.87,0.84,0.86,0.88,0.56,0.56,0.56,0.44,0.44,0.44,5.0,10.0,5.0,3.0,12.0,9.0,2.0,3.0,1.0,1.0,6.0,5.0,1.0,4.0,3.0,4.0,7.0,3.0,2.0,3.0,1.0,3.0,3.0,0.0,0.67,0.54,0.43,1.0,0.83,0.71,0.0,0.0,0.0,1.0,3.0,2.0,10.0,23.0,13.0,4.0,7.0,3.0,7.0,13.0,6.0,6.0,15.0,9.0,14.0,23.0,9.0,11.0,24.0,13.0,1.01,1.0,1.0,1.0,1.0,1.0,1.0,0.35,0.7,0.35,0.42,1.16,0.74,0.15,0.98,0.83,1.44,2.22,0.78,0.15,0.98,0.83,1.44,2.22,0.78,0.25,0.58,0.33,0.42,1.24,0.82,1
pfccVVaL,BRAZIL,2026,Serie A Betano,BRAZIL 1,11/03/2026,20:00,RODADA 5,Bahia,Vitória,1,1,1.0,1.0,1.73,4.87,3.61,2.27,4.86,2.12,2.08,1.67,1.44,2.29,1.05,8.6,1.27,3.55,3.05,1.35,5.6,1.12,3.2,1.3,8.0,1.05,0.0,0.0,0.0,0.0,2.0,2.0,1.0,1.0,0.0,1.0,2.0,1.0,10.0,28.0,18.0,16.0,23.0,7.0,3.0,3.0,0.0,3.0,7.0,4.0,0.29,0.33,0.5,0.22,0.21,0.2,24.0,52.0,28.0,41.0,67.0,26.0,0.0,0.0,0.0,0.0,1.0,1.0,0.0,0.0,0.0,0.0,0.0,0.0,9.0,19.0,10.0,8.0,17.0,9.0,8.0,17.0,9.0,9.0,19.0,10.0,1.0,6.0,5.0,0.0,1.0,1.0,0.22,0.96,0.74,0.0,-0.79,-0.79,0.0,0.0,0.0,0.0,2.0,2.0,4.0,11.0,7.0,1.0,5.0,4.0,0.33,0.39,0.47,0.63,0.63,0.63,2.0,2.0,0.0,0.0,0.0,0.0,9.6,34.0,67.0,67.0,19.0,67.0,101.0,0.51,0.53,0.57,0.78,0.8,0.81,0.75,0.81,0.86,0.87,0.89,0.9,0.37,0.37,0.37,0.63,0.63,0.63,2.0,5.0,3.0,2.0,7.0,5.0,1.0,3.0,2.0,3.0,4.0,1.0,0.0,2.0,2.0,1.0,7.0,6.0,0.0,1.0,1.0,3.0,6.0,3.0,0.71,0.71,0.71,0.35,0.42,0.57,0.0,0.0,0.0,0.0,1.0,1.0,6.0,14.0,8.0,11.0,20.0,9.0,2.0,6.0,4.0,5.0,13.0,8.0,3.0,7.0,4.0,7.0,22.0,15.0,1.03,1.0,1.0,1.0,1.0,1.0,1.0,0.14,0.19,0.05,0.25,0.64,0.39,0.0,0.21,0.21,0.22,1.96,1.74,0.0,0.21,0.21,0.22,1.96,1.74,0.05,0.48,0.43,0.27,1.95,1.68,1
jyEfBA8k,BRAZIL,2026,Serie A Betano,BRAZIL 1,11/03/2026,19:00,RODADA 5,Atlético-MG,Internacional,1,0,1.0,0.0,2.07,3.82,3.33,2.62,4.2,2.15,2.05,1.75,1.24,3.75,1.05,9.5,1.32,3.35,3.7,1.27,8.0,1.08,2.2,1.61,4.8,1.15,3.0,3.0,0.0,2.0,3.0,1.0,2.0,4.0,2.0,0.0,0.0,0.0,6.0,13.0,7.0,27.0,38.0,11.0,10.0,14.0,4.0,0.0,2.0,2.0,,0.19,0.13,,0.4,0.4,31.0,66.0,35.0,36.0,58.0,22.0,0.0,0.0,0.0,0.0,0.0,0.0,0.0,0.0,0.0,0.0,0.0,0.0,11.0,20.0,9.0,7.0,16.0,9.0,7.0,16.0,9.0,11.0,20.0,9.0,2.0,2.0,0.0,7.0,7.0,0.0,0.34,-0.59,-0.93,1.79,1.79,0.0,0.0,0.0,0.0,0.0,0.0,0.0,2.0,6.0,4.0,2.0,7.0,5.0,0.48,0.47,0.45,0.46,0.36,0.26,2.0,4.0,2.0,1.0,2.0,1.0,14.0,15.66,67.0,67.0,12.23,67.0,101.0,0.69,0.7,0.71,0.6,0.56,0.5,0.82,0.84,0.86,0.69,0.72,0.75,0.66,0.65,0.63,0.34,0.35,0.37,8.0,10.0,2.0,4.0,6.0,2.0,3.0,8.0,5.0,2.0,4.0,2.0,7.0,7.0,0.0,2.0,3.0,1.0,4.0,9.0,5.0,0.0,1.0,1.0,0.78,0.76,0.75,0.6,0.65,0.71,0.0,1.0,1.0,0.0,0.0,0.0,14.0,23.0,9.0,7.0,15.0,8.0,12.0,19.0,7.0,4.0,7.0,3.0,30.0,38.0,8.0,5.0,12.0,7.0,1.01,1.01,1.0,1.0,1.02,1.0,1.0,2.1,2.8,0.7,0.22,0.5,0.28,1.79,1.79,0.0,0.34,0.41,0.07,1.79,1.79,0.0,0.34,0.41,0.07,1.51,1.81,0.3,0.57,0.76,0.19,1
WjXNGWpS,BRAZIL,2026,Serie A Betano,BRAZIL 1,10/03/2026,21:30,RODADA 5,Mirassol,Santos,2,2,1.0,0.0,2.12,3.46,3.03,2.8,4.25,2.02,1.93,1.78,1.2,4.0,1.04,9.2,1.24,3.8,2.85,1.39,5.2,1.14,2.05,1.7,4.33,1.16,2.0,3.0,1.0,2.0,3.0,1.0,1.0,7.0,6.0,1.0,2.0,1.0,14.0,21.0,7.0,12.0,33.0,21.0,1.0,7.0,6.0,6.0,6.0,0.0,0.2,0.23,0.24,0.38,0.43,0.5,26.0,48.0,22.0,25.0,40.0,15.0,0.0,0.0,0.0,1.0,1.0,0.0,0.0,0.0,0.0,1.0,1.0,0.0,5.0,7.0,2.0,5.0,9.0,4.0,5.0,9.0,4.0,5.0,7.0,2.0,4.0,6.0,2.0,0.0,0.0,0.0,0.34,0.27,-0.07,-0.66,-0.66,0.0,0.0,0.0,0.0,0.0,0.0,0.0,5.0,9.0,4.0,4.0,10.0,6.0,0.46,0.47,0.47,0.67,0.7,0.74,1.0,1.0,0.0,0.0,0.0,0.0,9.0,16.5,51.0,67.0,12.5,26.0,101.0,0.63,0.68,0.71,0.78,0.81,0.85,0.78,0.82,0.84,0.85,0.88,0.9,0.4,0.46,0.49,0.6,0.54,0.51,2.0,10.0,8.0,7.0,12.0,5.0,2.0,7.0,5.0,3.0,9.0,6.0,2.0,2.0,0.0,6.0,9.0,3.0,3.0,6.0,3.0,3.0,8.0,5.0,0.42,0.5,0.67,0.83,0.67,0.33,0.0,0.0,0.0,1.0,2.0,1.0,12.0,21.0,9.0,5.0,16.0,11.0,5.0,16.0,11.0,10.0,20.0,10.0,7.0,23.0,16.0,16.0,26.0,10.0,1.04,1.01,1.0,1.0,1.02,1.01,1.0,0.2,0.83,0.63,0.62,1.54,0.92,1.34,1.34,0.0,1.34,2.27,0.93,1.34,1.34,0.0,1.34,2.27,0.93,1.2,1.76,0.56,0.46,1.48,1.02,1
t4kl8pdt,BRAZIL,2026,Serie A Betano,BRAZIL 1,26/02/2026,19:00,RODADA 4,Santos,Vasco,2,1,1.0,1.0,2.16,3.0,3.5,2.8,3.75,2.14,2.05,1.78,1.25,3.44,1.06,8.57,1.33,3.25,3.53,1.29,6.79,1.1,2.2,1.57,4.79,1.13,0.0,2.0,2.0,1.0,2.0,1.0,3.0,8.0,5.0,0.0,1.0,1.0,5.0,15.0,10.0,14.0,23.0,9.0,1.0,2.0,1.0,0.0,5.0,5.0,0.14,0.23,0.33,0.5,0.27,0.22,40.0,67.0,27.0,38.0,60.0,22.0,1.0,1.0,0.0,0.0,1.0,1.0,0.0,1.0,1.0,0.0,1.0,1.0,14.0,17.0,3.0,15.0,19.0,4.0,15.0,19.0,4.0,14.0,17.0,3.0,1.0,2.0,1.0,0.0,1.0,1.0,-0.43,-0.85,-0.42,0.0,-0.43,-0.43,0.0,0.0,0.0,0.0,0.0,0.0,5.0,6.0,1.0,5.0,10.0,5.0,0.52,0.46,0.4,0.33,0.33,0.32,0.0,2.0,2.0,1.0,2.0,1.0,17.0,34.0,67.0,67.0,19.0,81.0,101.0,0.76,0.78,0.8,0.49,0.63,0.73,0.86,0.86,0.86,0.7,0.77,0.82,0.67,0.6,0.52,0.33,0.4,0.48,2.0,8.0,6.0,2.0,6.0,4.0,2.0,6.0,4.0,1.0,3.0,2.0,0.0,2.0,2.0,2.0,4.0,2.0,3.0,8.0,5.0,1.0,2.0,1.0,0.79,0.71,0.6,0.67,0.54,0.38,0.0,1.0,1.0,0.0,0.0,0.0,10.0,19.0,9.0,9.0,16.0,7.0,5.0,16.0,11.0,3.0,8.0,5.0,6.0,24.0,18.0,10.0,18.0,8.0,1.01,1.0,1.0,1.0,1.0,1.0,1.0,0.24,1.03,0.79,0.09,0.51,0.42,0.0,0.57,0.57,0.57,1.15,0.58,0.0,0.57,0.57,0.57,1.15,0.58,0.26,1.36,1.1,0.44,0.75,0.31,1
zoPwpY9j,BRAZIL,2026,Serie A Betano,BRAZIL 1,25/02/2026,21:30,RODADA 4,Grêmio,Atlético-MG,2,1,0.0,0.0,2.22,3.1,3.25,2.8,3.6,2.2,2.0,1.73,1.36,2.88,1.03,9.0,1.29,3.3,3.6,1.25,7.5,1.06,3.0,1.33,8.0,1.05,1.0,1.0,0.0,1.0,1.0,0.0,2.0,4.0,2.0,2.0,6.0,4.0,15.0,34.0,19.0,11.0,15.0,4.0,3.0,3.0,0.0,1.0,6.0,5.0,0.25,0.2,0.0,0.09,0.11,0.13,24.0,51.0,27.0,20.0,38.0,18.0,0.0,0.0,0.0,1.0,1.0,0.0,0.0,0.0,0.0,0.0,0.0,0.0,3.0,5.0,2.0,7.0,14.0,7.0,7.0,14.0,7.0,3.0,5.0,2.0,4.0,5.0,1.0,1.0,1.0,0.0,-0.9,-0.84,0.06,-0.77,-0.77,0.0,0.0,0.0,0.0,0.0,1.0,1.0,5.0,9.0,4.0,7.0,13.0,6.0,0.31,0.3,0.29,0.76,0.62,0.45,0.0,0.0,0.0,1.0,2.0,1.0,13.0,26.0,67.0,67.0,19.0,67.0,101.0,0.73,0.63,0.47,0.82,0.81,0.8,0.8,0.73,0.65,0.91,0.89,0.87,0.4,0.37,0.33,0.6,0.63,0.67,2.0,2.0,0.0,3.0,6.0,3.0,2.0,2.0,0.0,1.0,5.0,4.0,2.0,2.0,0.0,6.0,7.0,1.0,4.0,6.0,2.0,6.0,12.0,6.0,0.4,0.47,0.56,0.45,0.5,0.57,0.0,0.0,0.0,0.0,0.0,0.0,7.0,13.0,6.0,10.0,18.0,8.0,6.0,8.0,2.0,9.0,18.0,9.0,4.0,5.0,1.0,4.0,10.0,6.0,1.01,1.0,1.0,1.0,1.0,1.0,1.0,0.19,0.22,0.03,0.77,0.99,0.22,0.23,0.23,0.0,1.1,1.16,0.06,0.23,0.23,0.0,1.1,1.16,0.06,0.32,0.41,0.09,0.65,0.93,0.28,1
065k6OQh,BRAZIL,2026,Serie A Betano,BRAZIL 1,25/02/2026,21:30,RODADA 4,Palmeiras,Fluminense,2,1,2.0,1.0,1.94,3.96,3.48,2.49,4.55,2.07,1.99,1.73,1.25,3.44,1.06,8.0,1.31,3.25,3.35,1.29,6.4,1.1,2.22,1.56,4.86,1.13,1.0,2.0,1.0,0.0,1.0,1.0,2.0,6.0,4.0,3.0,4.0,1.0,11.0,17.0,6.0,11.0,25.0,14.0,4.0,11.0,7.0,4.0,5.0,1.0,0.33,0.36,0.38,0.22,0.27,0.5,23.0,41.0,18.0,26.0,51.0,25.0,0.0,0.0,0.0,0.0,0.0,0.0,1.0,1.0,0.0,0.0,0.0,0.0,7.0,16.0,9.0,9.0,16.0,7.0,9.0,16.0,7.0,7.0,16.0,9.0,2.0,5.0,3.0,3.0,6.0,3.0,0.13,-0.78,-0.91,0.41,0.0,-0.41,1.0,1.0,0.0,2.0,2.0,0.0,4.0,6.0,2.0,3.0,7.0,4.0,0.61,0.57,0.53,0.63,0.56,0.48,0.0,2.0,2.0,1.0,3.0,2.0,11.0,26.0,67.0,67.0,17.0,67.0,101.0,0.83,0.86,0.88,0.79,0.71,0.53,0.9,0.9,0.9,0.84,0.82,0.8,0.61,0.65,0.69,0.39,0.35,0.31,4.0,10.0,6.0,5.0,10.0,5.0,3.0,5.0,2.0,2.0,4.0,2.0,3.0,7.0,4.0,2.0,6.0,4.0,4.0,8.0,4.0,2.0,4.0,2.0,0.38,0.38,0.4,0.57,0.77,1.0,0.0,0.0,0.0,0.0,0.0,0.0,8.0,17.0,9.0,7.0,9.0,2.0,8.0,18.0,10.0,7.0,14.0,7.0,10.0,28.0,18.0,12.0,23.0,11.0,1.02,1.0,1.0,1.0,1.0,1.0,1.0,0.67,1.28,0.61,0.32,0.67,0.35,0.41,1.0,0.59,0.13,1.22,1.09,0.41,1.0,0.59,0.13,1.22,1.09,0.71,1.23,0.52,0.45,1.59,1.14,1
Uoc62tQH,BRAZIL,2026,Serie A Betano,BRAZIL 1,25/02/2026,20:00,RODADA 4,Cruzeiro,Corinthians,1,1,1.0,0.0,1.92,4.33,3.33,2.42,4.75,2.14,2.05,1.69,1.36,2.88,1.07,7.6,1.33,3.15,3.5,1.28,6.6,1.09,2.88,1.36,8.0,1.05,0.0,0.0,0.0,0.0,0.0,0.0,0.0,0.0,0.0,4.0,4.0,0.0,10.0,14.0,4.0,11.0,20.0,9.0,2.0,3.0,1.0,4.0,5.0,1.0,0.4,0.26,0.11,0.0,0.07,0.25,23.0,44.0,21.0,17.0,34.0,17.0,0.0,0.0,0.0,0.0,0.0,0.0,0.0,0.0,0.0,1.0,1.0,0.0,7.0,14.0,7.0,7.0,15.0,8.0,7.0,15.0,8.0,7.0,14.0,7.0,0.0,2.0,2.0,0.0,1.0,1.0,0.0,-0.36,-0.36,-0.83,-0.78,0.05,0.0,0.0,0.0,0.0,0.0,0.0,10.0,13.0,3.0,6.0,11.0,5.0,0.72,0.63,0.52,0.5,0.5,0.5,3.0,3.0,0.0,0.0,1.0,1.0,11.0,26.0,67.0,67.0,17.0,67.0,101.0,0.68,0.66,0.61,0.77,0.75,0.71,0.78,0.81,0.84,0.78,0.81,0.85,0.51,0.52,0.52,0.49,0.48,0.48,2.0,2.0,0.0,3.0,5.0,2.0,2.0,2.0,0.0,2.0,4.0,2.0,1.0,2.0,1.0,0.0,3.0,3.0,1.0,2.0,1.0,3.0,6.0,3.0,0.71,0.79,0.86,0.5,0.67,0.8,0.0,0.0,0.0,0.0,0.0,0.0,5.0,21.0,16.0,10.0,21.0,11.0,3.0,4.0,1.0,6.0,11.0,5.0,7.0,9.0,2.0,13.0,22.0,9.0,1.02,1.0,1.0,1.0,1.0,1.0,1.0,0.36,0.47,0.11,0.58,0.77,0.19,0.17,0.22,0.05,0.0,0.64,0.64,0.17,0.22,0.05,0.0,0.64,0.64,0.2,0.23,0.03,0.46,0.74,0.28,1
zyMP7y2c,BRAZIL,2026,Serie A Betano,BRAZIL 1,25/02/2026,19:30,RODADA 4,Coritiba,São Paulo,0,1,0.0,0.0,2.57,2.71,3.2,3.25,3.4,2.05,2.31,1.58,1.34,2.95,1.09,6.63,1.42,2.76,4.02,1.22,9.34,1.04,2.52,1.46,5.8,1.1,1.0,2.0,1.0,0.0,2.0,2.0,1.0,1.0,0.0,0.0,3.0,3.0,10.0,14.0,4.0,7.0,19.0,12.0,5.0,7.0,2.0,2.0,3.0,1.0,0.43,0.25,0.11,0.3,0.35,0.43,18.0,39.0,21.0,21.0,44.0,23.0,0.0,0.0,0.0,0.0,0.0,0.0,0.0,0.0,0.0,0.0,1.0,1.0,7.0,19.0,12.0,2.0,5.0,3.0,2.0,5.0,3.0,7.0,19.0,12.0,2.0,2.0,0.0,3.0,5.0,2.0,0.03,0.03,0.0,1.25,1.46,0.21,0.0,0.0,0.0,0.0,1.0,1.0,3.0,10.0,7.0,3.0,6.0,3.0,0.56,0.57,0.59,0.59,0.53,0.45,0.0,0.0,0.0,0.0,0.0,0.0,15.83,51.0,67.0,67.0,12.0,81.0,101.0,0.77,0.72,0.68,0.64,0.69,0.75,0.85,0.86,0.88,0.85,0.83,0.79,0.54,0.58,0.63,0.46,0.42,0.37,5.0,7.0,2.0,4.0,9.0,5.0,1.0,3.0,2.0,6.0,13.0,7.0,4.0,5.0,1.0,2.0,2.0,0.0,1.0,2.0,1.0,4.0,9.0,5.0,0.63,0.54,0.4,1.0,0.91,0.75,0.0,0.0,0.0,0.0,0.0,0.0,9.0,20.0,11.0,14.0,20.0,6.0,6.0,9.0,3.0,8.0,18.0,10.0,9.0,13.0,4.0,12.0,21.0,9.0,1.01,1.0,1.0,1.0,1.01,1.0,1.0,0.26,0.56,0.3,0.29,0.59,0.3,2.25,2.46,0.21,0.03,0.03,0.0,2.25,2.46,0.21,0.03,0.03,0.0,1.15,1.33,0.18,0.32,0.9,0.58,1
8W8c42e5,BRAZIL,2026,Serie A Betano,BRAZIL 1,25/02/2026,19:00,RODADA 4,"Red Bull Bragantino
2",Athletico-PR,1,1,1.0,0.0,2.02,3.88,3.45,2.71,4.8,2.03,1.92,1.79,1.33,3.0,1.08,6.8,1.4,2.7,4.3,1.19,8.2,1.05,2.54,1.45,5.33,1.11,2.0,3.0,1.0,0.0,1.0,1.0,3.0,4.0,1.0,0.0,1.0,1.0,3.0,9.0,6.0,18.0,30.0,12.0,5.0,7.0,2.0,0.0,2.0,2.0,0.29,0.26,0.17,0.0,0.33,0.43,26.0,40.0,14.0,19.0,46.0,27.0,0.0,0.0,0.0,0.0,0.0,0.0,0.0,0.0,0.0,0.0,0.0,0.0,6.0,16.0,10.0,12.0,18.0,6.0,12.0,18.0,6.0,6.0,16.0,10.0,0.0,2.0,2.0,2.0,5.0,3.0,0.0,-0.66,-0.66,-0.16,0.2,0.36,0.0,0.0,0.0,0.0,0.0,0.0,1.0,3.0,2.0,6.0,8.0,2.0,0.45,0.45,0.44,0.37,0.4,0.47,1.0,2.0,1.0,0.0,2.0,2.0,13.0,55.0,67.0,67.0,16.0,50.0,101.0,0.83,0.78,0.64,0.54,0.58,0.62,0.88,0.84,0.78,0.58,0.72,0.78,0.76,0.61,0.45,0.24,0.39,0.55,7.0,9.0,2.0,0.0,3.0,3.0,7.0,8.0,1.0,1.0,3.0,2.0,3.0,6.0,3.0,0.0,3.0,3.0,6.0,9.0,3.0,1.0,4.0,3.0,0.6,0.64,0.67,0.67,0.73,0.78,0.0,1.0,1.0,1.0,1.0,0.0,10.0,23.0,13.0,8.0,15.0,7.0,13.0,18.0,5.0,1.0,7.0,6.0,13.0,18.0,5.0,3.0,12.0,9.0,1.01,1.0,1.0,1.0,1.02,1.0,1.0,0.61,0.7,0.09,0.04,0.34,0.3,0.84,1.2,0.36,0.0,0.34,0.34,0.84,1.2,0.36,0.0,0.34,0.34,0.64,1.0,0.36,0.03,0.64,0.61,1
4GDt4g1M,BRAZIL,2026,Serie A Betano,BRAZIL 1,25/02/2026,19:00,RODADA 4,Remo,Internacional,1,1,1.0,1.0,3.71,2.15,3.01,4.37,2.91,2.08,1.99,1.73,1.26,3.2,1.06,7.6,1.33,3.15,3.5,1.28,6.6,1.09,2.22,1.59,4.8,1.15,0.0,1.0,1.0,0.0,3.0,3.0,1.0,3.0,2.0,1.0,2.0,1.0,15.0,25.0,10.0,13.0,26.0,13.0,4.0,12.0,8.0,5.0,7.0,2.0,0.4,0.36,0.33,0.07,0.14,0.29,23.0,46.0,23.0,30.0,46.0,16.0,0.0,1.0,1.0,0.0,0.0,0.0,0.0,1.0,1.0,0.0,0.0,0.0,8.0,14.0,6.0,11.0,16.0,5.0,11.0,16.0,5.0,8.0,14.0,6.0,3.0,5.0,2.0,1.0,3.0,2.0,0.26,0.33,0.07,0.02,-0.42,-0.44,1.0,1.0,0.0,0.0,0.0,0.0,4.0,8.0,4.0,5.0,16.0,11.0,0.61,0.48,0.33,0.5,0.44,0.4,0.0,4.0,4.0,1.0,1.0,0.0,11.0,34.0,67.0,67.0,25.0,81.0,101.0,0.72,0.73,0.75,0.67,0.6,0.52,0.84,0.83,0.82,0.76,0.75,0.73,0.58,0.59,0.6,0.42,0.41,0.4,5.0,10.0,5.0,3.0,6.0,3.0,8.0,11.0,3.0,2.0,2.0,0.0,1.0,4.0,3.0,3.0,7.0,4.0,5.0,8.0,3.0,3.0,5.0,2.0,0.43,0.46,0.5,0.64,0.7,0.83,0.0,0.0,0.0,1.0,1.0,0.0,6.0,16.0,10.0,13.0,22.0,9.0,10.0,18.0,8.0,6.0,11.0,5.0,22.0,42.0,20.0,11.0,17.0,6.0,1.02,1.0,1.0,1.0,1.01,1.0,1.0,1.29,1.73,0.44,0.27,0.86,0.59,0.02,0.58,0.56,0.26,1.33,1.07,0.02,0.58,0.56,0.26,1.33,1.07,0.46,1.17,0.71,0.22,1.4,1.18,1
4ts9tvn1,BRAZIL,2026,Serie A Betano,BRAZIL 1,19/02/2026,19:30,RODADA 2,Athletico-PR,Corinthians,0,1,0.0,1.0,2.61,2.91,2.91,3.35,3.71,2.06,2.25,1.57,1.45,2.55,1.05,7.5,1.4,2.75,4.8,1.14,9.0,1.03,3.3,1.29,9.0,1.03,0.0,0.0,0.0,0.0,4.0,4.0,1.0,3.0,2.0,2.0,2.0,0.0,20.0,32.0,12.0,5.0,8.0,3.0,0.0,0.0,0.0,3.0,8.0,5.0,0.0,0.0,0.0,0.18,0.11,0.0,22.0,43.0,21.0,17.0,36.0,19.0,0.0,0.0,0.0,0.0,0.0,0.0,1.0,3.0,2.0,1.0,1.0,0.0,6.0,10.0,4.0,7.0,15.0,8.0,7.0,15.0,8.0,6.0,10.0,4.0,3.0,4.0,1.0,0.0,0.0,0.0,0.28,0.32,0.04,0.0,-0.87,-0.87,0.0,0.0,0.0,0.0,0.0,0.0,1.0,2.0,1.0,6.0,11.0,5.0,0.28,0.29,0.3,0.55,0.64,0.71,0.0,1.0,1.0,2.0,3.0,1.0,17.0,51.0,67.0,67.0,21.0,81.0,101.0,0.45,0.42,0.38,0.66,0.67,0.71,0.71,0.75,0.78,0.85,0.85,0.85,0.39,0.44,0.5,0.61,0.56,0.5,0.0,0.0,0.0,5.0,11.0,6.0,0.0,0.0,0.0,7.0,12.0,5.0,0.0,1.0,1.0,3.0,5.0,2.0,1.0,4.0,3.0,7.0,8.0,1.0,0.78,0.71,0.6,0.75,0.7,0.67,0.0,0.0,0.0,1.0,1.0,0.0,6.0,17.0,11.0,12.0,19.0,7.0,1.0,4.0,3.0,12.0,19.0,7.0,1.0,3.0,2.0,19.0,35.0,16.0,1.0,1.0,1.0,1.0,1.0,1.0,1.0,0.05,0.08,0.03,0.42,0.52,0.1,0.0,0.13,0.13,0.28,0.32,0.04,0.0,0.13,0.13,0.28,0.32,0.04,0.04,0.15,0.11,0.46,2.05,1.59,1
WUwqa7JP,BRAZIL,2026,Serie A Betano,BRAZIL 1,12/02/2026,21:30,RODADA 3,Internacional,Palmeiras,1,3,1.0,1.0,3.33,2.54,2.8,3.75,2.9,2.08,1.91,1.8,1.33,3.0,1.02,10.0,1.29,3.3,3.3,1.29,7.0,1.07,2.88,1.36,7.5,1.06,1.0,1.0,0.0,1.0,1.0,0.0,0.0,1.0,1.0,9.0,13.0,4.0,25.0,42.0,17.0,4.0,10.0,6.0,0.0,4.0,4.0,9.0,16.0,7.0,,0.5,0.5,,0.27,0.29,23.0,51.0,28.0,23.0,51.0,28.0,0.0,0.0,0.0,1.0,1.0,0.0,0.0,0.0,0.0,0.0,0.0,0.0,5.0,8.0,3.0,4.0,13.0,9.0,4.0,13.0,9.0,5.0,8.0,3.0,2.0,3.0,1.0,1.0,4.0,3.0,0.33,0.19,-0.14,-0.58,-0.71,-0.13,0.0,0.0,0.0,1.0,1.0,0.0,5.0,12.0,7.0,4.0,8.0,4.0,0.39,0.54,0.68,0.6,0.63,0.67,2.0,3.0,1.0,0.0,1.0,1.0,13.0,21.0,67.0,67.0,17.0,67.0,101.0,0.52,0.59,0.67,0.82,0.81,0.78,0.71,0.8,0.87,0.88,0.87,0.86,0.29,0.38,0.48,0.71,0.62,0.52,3.0,7.0,4.0,12.0,18.0,6.0,1.0,3.0,2.0,5.0,9.0,4.0,3.0,7.0,4.0,2.0,4.0,2.0,1.0,4.0,3.0,4.0,8.0,4.0,0.5,0.53,0.56,0.78,0.7,0.64,0.0,0.0,0.0,0.0,0.0,0.0,8.0,20.0,12.0,13.0,20.0,7.0,4.0,11.0,7.0,16.0,26.0,10.0,5.0,13.0,8.0,27.0,45.0,18.0,1.01,1.0,1.0,1.0,1.0,1.0,1.0,0.15,0.27,0.12,0.67,1.22,0.55,1.42,2.29,0.87,0.33,1.19,0.86,1.42,2.29,0.87,0.33,1.19,0.86,0.6,0.91,0.31,1.55,2.15,0.6,1
ttBjgHV6,BRAZIL,2026,Serie A Betano,BRAZIL 1,12/02/2026,20:00,RODADA 3,Corinthians,Red Bull Bragantino,2,0,0.0,0.0,2.05,4.2,2.66,2.62,4.5,2.05,2.05,1.75,1.25,3.75,1.07,9.0,1.33,3.4,3.75,1.29,7.0,1.1,2.2,1.62,5.0,1.17,1.0,1.0,0.0,2.0,2.0,0.0,1.0,2.0,1.0,1.0,1.0,0.0,9.0,16.0,7.0,7.0,13.0,6.0,1.0,3.0,2.0,2.0,3.0,1.0,0.0,0.1,0.2,0.29,0.3,0.33,20.0,40.0,20.0,26.0,49.0,23.0,0.0,0.0,0.0,0.0,0.0,0.0,0.0,0.0,0.0,0.0,2.0,2.0,14.0,24.0,10.0,10.0,17.0,7.0,10.0,17.0,7.0,14.0,24.0,10.0,2.0,3.0,1.0,1.0,4.0,3.0,-0.41,-0.28,0.13,0.78,1.03,0.25,0.0,0.0,0.0,0.0,0.0,0.0,3.0,8.0,5.0,3.0,9.0,6.0,0.5,0.45,0.4,0.54,0.6,0.64,0.0,1.0,1.0,2.0,4.0,2.0,15.0,29.0,67.0,67.0,15.0,33.0,101.0,0.65,0.58,0.51,0.71,0.65,0.58,0.82,0.79,0.75,0.81,0.83,0.84,0.48,0.4,0.33,0.52,0.6,0.67,2.0,3.0,1.0,8.0,9.0,1.0,0.0,3.0,3.0,6.0,7.0,1.0,1.0,4.0,3.0,4.0,5.0,1.0,0.0,6.0,6.0,3.0,4.0,1.0,0.5,0.57,0.63,0.75,0.7,0.67,0.0,0.0,0.0,0.0,0.0,0.0,8.0,22.0,14.0,12.0,27.0,15.0,2.0,9.0,7.0,11.0,13.0,2.0,7.0,10.0,3.0,12.0,17.0,5.0,1.03,1.01,1.0,1.0,1.03,1.01,1.0,0.16,0.26,0.1,0.38,0.48,0.1,0.78,1.03,0.25,1.59,1.72,0.13,0.78,1.03,0.25,1.59,1.72,0.13,1.02,1.27,0.25,0.9,0.99,0.09,1
SES32L8K,BRAZIL,2026,Serie A Betano,BRAZIL 1,12/02/2026,19:30,RODADA 3,Fluminense,Botafogo,1,0,0.0,0.0,2.27,2.79,3.33,2.88,3.39,2.03,1.99,1.73,1.27,3.4,1.06,7.8,1.32,3.2,3.4,1.29,6.4,1.09,2.28,1.55,5.0,1.14,0.0,0.0,0.0,2.0,3.0,1.0,1.0,1.0,0.0,0.0,1.0,1.0,9.0,21.0,12.0,13.0,18.0,5.0,0.0,0.0,0.0,1.0,4.0,3.0,0.25,0.22,0.0,0.0,0.1,0.17,26.0,49.0,23.0,20.0,45.0,25.0,1.0,1.0,0.0,0.0,0.0,0.0,0.0,0.0,0.0,0.0,0.0,0.0,4.0,11.0,7.0,7.0,18.0,11.0,7.0,18.0,11.0,4.0,11.0,7.0,3.0,4.0,1.0,3.0,3.0,0.0,0.36,0.57,0.21,0.54,0.54,0.0,1.0,1.0,0.0,0.0,1.0,1.0,4.0,6.0,2.0,6.0,14.0,8.0,0.33,0.38,0.4,0.5,0.45,0.41,0.0,0.0,0.0,0.0,1.0,1.0,11.0,16.5,67.0,67.0,9.0,34.0,101.0,0.74,0.7,0.6,0.72,0.65,0.59,0.84,0.79,0.74,0.81,0.8,0.79,0.56,0.52,0.48,0.44,0.48,0.52,2.0,2.0,0.0,5.0,8.0,3.0,1.0,1.0,0.0,1.0,4.0,3.0,3.0,3.0,0.0,4.0,5.0,1.0,3.0,3.0,0.0,0.0,2.0,2.0,0.56,0.64,1.0,0.86,0.65,0.5,0.0,0.0,0.0,0.0,0.0,0.0,10.0,20.0,10.0,12.0,23.0,11.0,5.0,5.0,0.0,5.0,10.0,5.0,5.0,7.0,2.0,13.0,24.0,11.0,1.02,1.01,1.0,1.0,1.03,1.01,1.0,0.37,0.44,0.07,0.31,0.51,0.2,0.54,0.54,0.0,1.36,1.57,0.21,0.54,0.54,0.0,1.36,1.57,0.21,0.34,0.34,0.0,1.32,1.55,0.23,1
0pUEgosm,BRAZIL,2026,Serie A Betano,BRAZIL 1,12/02/2026,19:00,RODADA 3,Athletico-PR,Santos,2,1,1.0,1.0,2.3,3.6,2.71,2.85,4.2,2.0,2.16,1.64,1.33,3.0,1.09,7.0,1.37,2.9,3.8,1.23,8.0,1.07,2.4,1.5,5.33,1.11,1.0,1.0,0.0,3.0,5.0,2.0,1.0,3.0,2.0,3.0,5.0,2.0,21.0,30.0,9.0,17.0,27.0,10.0,2.0,2.0,0.0,5.0,8.0,3.0,0.33,0.17,0.0,0.38,0.3,0.14,26.0,51.0,25.0,21.0,39.0,18.0,0.0,0.0,0.0,0.0,0.0,0.0,0.0,0.0,0.0,0.0,0.0,0.0,9.0,15.0,6.0,7.0,15.0,8.0,7.0,15.0,8.0,9.0,15.0,6.0,2.0,3.0,1.0,3.0,4.0,1.0,0.28,0.24,-0.04,1.23,0.92,-0.31,0.0,0.0,0.0,0.0,0.0,0.0,7.0,14.0,7.0,5.0,9.0,4.0,0.39,0.4,0.41,0.32,0.41,0.48,1.0,3.0,2.0,0.0,1.0,1.0,14.0,26.0,67.0,67.0,19.0,67.0,101.0,0.62,0.62,0.61,0.6,0.61,0.63,0.71,0.77,0.82,0.79,0.81,0.82,0.38,0.44,0.48,0.62,0.56,0.52,3.0,6.0,3.0,6.0,10.0,4.0,0.0,2.0,2.0,2.0,3.0,1.0,3.0,5.0,2.0,3.0,5.0,2.0,1.0,4.0,3.0,2.0,3.0,1.0,0.57,0.59,0.6,0.5,0.6,0.63,0.0,0.0,0.0,1.0,1.0,0.0,8.0,22.0,14.0,19.0,28.0,9.0,4.0,10.0,6.0,8.0,13.0,5.0,10.0,16.0,6.0,17.0,27.0,10.0,1.01,1.0,1.0,1.0,1.0,1.0,1.0,0.41,0.48,0.07,0.92,1.07,0.15,1.23,1.92,0.69,1.28,2.24,0.96,1.23,1.92,0.69,1.28,2.24,0.96,0.56,0.97,0.41,1.11,2.3,1.19,1
pEHsew1f,BRAZIL,2026,Serie A Betano,BRAZIL 1,11/02/2026,21:30,RODADA 3,São Paulo,Grêmio,2,0,1.0,0.0,2.12,3.75,3.2,2.66,4.25,2.08,2.1,1.65,1.36,2.88,1.03,9.0,1.3,3.2,4.0,1.2,8.0,1.05,3.0,1.33,8.0,1.05,0.0,0.0,0.0,4.0,5.0,1.0,0.0,0.0,0.0,2.0,2.0,0.0,9.0,22.0,13.0,4.0,11.0,7.0,1.0,3.0,2.0,3.0,3.0,0.0,0.4,0.46,0.5,0.33,0.28,0.17,14.0,41.0,27.0,23.0,42.0,19.0,0.0,0.0,0.0,0.0,0.0,0.0,2.0,3.0,1.0,0.0,0.0,0.0,7.0,16.0,9.0,4.0,11.0,7.0,4.0,11.0,7.0,7.0,16.0,9.0,2.0,2.0,0.0,1.0,1.0,0.0,0.56,0.35,-0.21,0.51,0.51,0.0,0.0,0.0,0.0,1.0,1.0,0.0,1.0,5.0,4.0,2.0,10.0,8.0,0.41,0.53,0.64,0.4,0.55,0.63,0.0,0.0,0.0,0.0,2.0,2.0,17.0,34.0,67.0,67.0,19.0,67.0,101.0,0.59,0.57,0.57,0.84,0.83,0.8,0.79,0.83,0.86,0.89,0.9,0.91,0.37,0.43,0.47,0.63,0.57,0.53,3.0,4.0,1.0,10.0,12.0,2.0,2.0,4.0,2.0,9.0,12.0,3.0,1.0,1.0,0.0,3.0,4.0,1.0,0.0,1.0,1.0,4.0,6.0,2.0,0.8,0.75,0.73,0.6,0.67,0.71,0.0,0.0,0.0,1.0,1.0,0.0,5.0,11.0,6.0,4.0,11.0,7.0,3.0,5.0,2.0,14.0,18.0,4.0,6.0,13.0,7.0,20.0,30.0,10.0,1.01,1.0,1.0,1.0,1.0,1.0,1.0,0.24,0.41,0.17,1.64,2.1,0.46,0.51,0.51,0.0,1.56,2.35,0.79,0.51,0.51,0.0,1.56,2.35,0.79,0.15,0.28,0.13,3.63,4.71,1.08,1
Cn4zcaWs,BRAZIL,2026,Serie A Betano,BRAZIL 1,11/02/2026,21:30,RODADA 3,Vasco,Bahia,0,1,0.0,1.0,2.4,2.75,3.25,3.2,3.4,2.1,1.89,1.91,1.2,3.89,1.05,9.14,1.28,3.57,3.05,1.36,5.75,1.13,1.96,1.72,4.0,1.19,0.0,0.0,0.0,0.0,0.0,0.0,0.0,2.0,2.0,3.0,7.0,4.0,26.0,50.0,24.0,7.0,19.0,12.0,0.0,4.0,4.0,3.0,8.0,5.0,0.0,0.0,0.0,0.22,0.27,0.35,32.0,53.0,21.0,27.0,52.0,25.0,0.0,0.0,0.0,0.0,0.0,0.0,0.0,1.0,1.0,1.0,1.0,0.0,8.0,14.0,6.0,9.0,15.0,6.0,9.0,15.0,6.0,8.0,14.0,6.0,0.0,4.0,4.0,0.0,2.0,2.0,0.0,1.93,1.93,0.0,-0.57,-0.57,0.0,0.0,0.0,0.0,0.0,0.0,10.0,16.0,6.0,5.0,8.0,3.0,0.24,0.32,0.41,0.64,0.43,0.29,1.0,3.0,2.0,0.0,0.0,0.0,17.0,26.0,67.0,67.0,11.0,81.0,101.0,0.52,0.67,0.75,0.81,0.79,0.75,0.68,0.78,0.83,0.88,0.84,0.79,0.26,0.38,0.5,0.74,0.62,0.5,1.0,3.0,2.0,5.0,16.0,11.0,2.0,3.0,1.0,9.0,15.0,6.0,0.0,3.0,3.0,0.0,4.0,4.0,1.0,5.0,4.0,7.0,10.0,3.0,0.71,0.72,0.75,0.75,0.7,0.67,1.0,1.0,0.0,0.0,1.0,1.0,6.0,13.0,7.0,13.0,23.0,10.0,2.0,8.0,6.0,12.0,26.0,14.0,3.0,7.0,4.0,20.0,49.0,29.0,1.01,1.0,1.0,1.0,1.01,1.0,1.0,0.23,0.43,0.2,0.72,1.59,0.87,0.0,0.43,0.43,0.0,1.93,1.93,0.0,0.43,0.43,0.0,1.93,1.93,0.11,0.38,0.27,0.5,1.71,1.21,1
bkuLfER1,BRAZIL,2026,Serie A Betano,BRAZIL 1,11/02/2026,20:00,RODADA 3,Atlético-MG,Remo,3,3,1.0,1.0,1.64,5.46,3.87,2.19,5.79,2.22,1.99,1.73,1.36,2.66,1.06,8.0,1.33,3.15,3.5,1.28,6.6,1.09,2.82,1.32,6.6,1.04,3.0,5.0,2.0,3.0,9.0,6.0,2.0,7.0,5.0,2.0,3.0,1.0,19.0,30.0,11.0,8.0,26.0,18.0,4.0,5.0,1.0,3.0,6.0,3.0,0.17,0.11,0.0,0.2,0.21,0.22,25.0,45.0,20.0,17.0,35.0,18.0,0.0,1.0,1.0,1.0,1.0,0.0,0.0,0.0,0.0,0.0,0.0,0.0,9.0,14.0,5.0,3.0,11.0,8.0,3.0,11.0,8.0,9.0,14.0,5.0,2.0,5.0,3.0,3.0,3.0,0.0,-0.24,0.12,0.36,-0.54,-0.64,-0.1,0.0,0.0,0.0,0.0,2.0,2.0,8.0,10.0,2.0,5.0,14.0,9.0,0.42,0.5,0.55,0.52,0.48,0.44,2.0,5.0,3.0,1.0,2.0,1.0,11.0,26.0,67.0,67.0,19.0,67.0,101.0,0.76,0.69,0.6,0.72,0.72,0.71,0.81,0.81,0.81,0.87,0.86,0.84,0.35,0.41,0.48,0.65,0.59,0.52,6.0,11.0,5.0,4.0,13.0,9.0,3.0,5.0,2.0,2.0,7.0,5.0,5.0,6.0,1.0,4.0,8.0,4.0,4.0,7.0,3.0,4.0,5.0,1.0,0.64,0.64,0.63,0.0,0.14,0.5,0.0,1.0,1.0,0.0,0.0,0.0,7.0,18.0,11.0,12.0,22.0,10.0,10.0,18.0,8.0,8.0,18.0,10.0,13.0,20.0,7.0,13.0,30.0,17.0,1.02,1.0,1.0,1.0,1.0,1.0,1.0,0.21,0.73,0.52,0.57,1.53,0.96,1.46,2.36,0.9,1.76,3.12,1.36,1.46,2.36,0.9,1.76,3.12,1.36,1.13,2.37,1.24,1.24,2.75,1.51,1
UPLVk3tC,BRAZIL,2026,Serie A Betano,BRAZIL 1,11/02/2026,19:00,RODADA 3,Chapecoense,Coritiba,3,3,1.0,1.0,2.37,3.1,3.0,3.1,3.75,2.0,2.15,1.6,1.45,2.27,1.09,7.0,1.37,2.9,4.0,1.22,8.0,1.07,3.45,1.22,7.9,1.02,4.0,5.0,1.0,0.0,2.0,2.0,1.0,2.0,1.0,6.0,6.0,0.0,17.0,25.0,8.0,4.0,12.0,8.0,2.0,5.0,3.0,5.0,6.0,1.0,0.5,0.27,0.14,0.2,0.27,0.43,17.0,34.0,17.0,19.0,41.0,22.0,0.0,1.0,1.0,0.0,1.0,1.0,0.0,0.0,0.0,0.0,0.0,0.0,3.0,8.0,5.0,1.0,4.0,3.0,1.0,4.0,3.0,3.0,8.0,5.0,3.0,5.0,2.0,1.0,2.0,1.0,-1.24,-1.16,0.08,-0.22,-0.17,0.05,0.0,0.0,0.0,0.0,0.0,0.0,5.0,10.0,5.0,2.0,5.0,3.0,0.61,0.59,0.58,0.52,0.5,0.48,0.0,0.0,0.0,0.0,0.0,0.0,16.0,51.0,67.0,67.0,21.0,81.0,101.0,0.54,0.64,0.71,0.71,0.69,0.65,0.78,0.85,0.88,0.86,0.86,0.85,0.35,0.49,0.59,0.65,0.51,0.41,5.0,8.0,3.0,8.0,11.0,3.0,4.0,6.0,2.0,2.0,7.0,5.0,3.0,5.0,2.0,5.0,8.0,3.0,3.0,5.0,2.0,5.0,10.0,5.0,0.43,0.5,0.6,0.67,0.57,0.5,0.0,0.0,0.0,0.0,0.0,0.0,8.0,12.0,4.0,13.0,21.0,8.0,8.0,13.0,5.0,13.0,21.0,8.0,9.0,16.0,7.0,13.0,17.0,4.0,1.01,1.0,1.0,1.0,1.0,1.0,1.0,0.3,0.47,0.17,0.6,1.07,0.47,1.78,2.83,1.05,0.76,1.84,1.08,1.78,2.83,1.05,0.76,1.84,1.08,1.56,2.0,0.44,0.94,2.39,1.45,1
Eg9bie0J,BRAZIL,2026,Serie A Betano,BRAZIL 1,11/02/2026,19:00,RODADA 3,Mirassol,Cruzeiro,2,2,1.0,1.0,2.36,2.73,3.25,2.93,3.31,2.03,1.9,1.84,1.23,3.7,1.05,8.5,1.28,3.39,3.2,1.32,5.9,1.11,2.05,1.68,4.15,1.19,1.0,1.0,0.0,0.0,5.0,5.0,1.0,3.0,2.0,1.0,5.0,4.0,10.0,25.0,15.0,4.0,10.0,6.0,0.0,0.0,0.0,4.0,9.0,5.0,0.0,0.0,0.0,0.0,0.12,0.24,16.0,40.0,24.0,21.0,39.0,18.0,0.0,0.0,0.0,0.0,0.0,0.0,1.0,2.0,1.0,0.0,0.0,0.0,7.0,10.0,3.0,6.0,12.0,6.0,6.0,12.0,6.0,7.0,10.0,3.0,3.0,9.0,6.0,0.0,2.0,2.0,-0.08,0.14,0.22,-0.14,-0.15,-0.01,0.0,0.0,0.0,0.0,1.0,1.0,3.0,11.0,8.0,2.0,8.0,6.0,0.21,0.27,0.33,0.5,0.69,0.87,0.0,0.0,0.0,2.0,2.0,0.0,10.01,14.82,67.0,67.0,12.23,67.0,101.0,0.66,0.67,0.67,0.73,0.81,0.85,0.75,0.79,0.81,0.85,0.87,0.88,0.44,0.44,0.43,0.56,0.56,0.57,2.0,6.0,4.0,4.0,14.0,10.0,1.0,2.0,1.0,1.0,4.0,3.0,1.0,4.0,3.0,4.0,11.0,7.0,1.0,3.0,2.0,2.0,6.0,4.0,0.5,0.63,0.7,0.2,0.47,0.6,0.0,0.0,0.0,0.0,0.0,0.0,13.0,24.0,11.0,6.0,16.0,10.0,3.0,9.0,6.0,6.0,20.0,14.0,6.0,14.0,8.0,14.0,33.0,19.0,1.03,1.01,1.0,1.0,1.02,1.0,1.0,0.28,0.38,0.1,0.11,0.8,0.69,0.86,1.85,0.99,0.92,2.14,1.22,0.86,1.85,0.99,0.92,2.14,1.22,1.02,1.55,0.53,0.39,2.43,2.04,1
MaINiPBa,BRAZIL,2026,Serie A Betano,BRAZIL 1,10/02/2026,21:30,RODADA 3,Vitória,Flamengo,1,2,0.0,2.0,5.0,1.64,3.66,5.0,2.2,2.28,1.88,1.82,1.33,3.0,1.05,8.6,1.28,3.5,3.1,1.34,5.8,1.12,2.88,1.36,7.5,1.06,0.0,1.0,1.0,2.0,3.0,1.0,1.0,1.0,0.0,2.0,5.0,3.0,24.0,43.0,19.0,7.0,11.0,4.0,2.0,2.0,0.0,4.0,7.0,3.0,1.0,0.67,0.0,0.1,0.05,0.0,16.0,39.0,23.0,26.0,57.0,31.0,0.0,0.0,0.0,0.0,0.0,0.0,0.0,0.0,0.0,0.0,0.0,0.0,10.0,21.0,11.0,6.0,12.0,6.0,6.0,12.0,6.0,10.0,21.0,11.0,1.0,2.0,1.0,0.0,0.0,0.0,-0.28,-0.16,0.12,0.0,-1.07,-1.07,0.0,0.0,0.0,0.0,0.0,0.0,5.0,9.0,4.0,6.0,10.0,4.0,0.44,0.35,0.28,0.28,0.3,0.33,3.0,3.0,0.0,1.0,2.0,1.0,9.8,21.0,67.0,67.0,17.0,67.0,101.0,0.77,0.73,0.64,0.43,0.6,0.69,0.84,0.8,0.75,0.76,0.75,0.73,0.6,0.56,0.51,0.4,0.44,0.49,3.0,4.0,1.0,4.0,8.0,4.0,3.0,3.0,0.0,1.0,2.0,1.0,0.0,2.0,2.0,2.0,3.0,1.0,1.0,2.0,1.0,1.0,2.0,1.0,0.6,0.69,0.75,0.44,0.38,0.33,0.0,0.0,0.0,1.0,2.0,1.0,11.0,25.0,14.0,11.0,32.0,21.0,4.0,6.0,2.0,5.0,10.0,5.0,8.0,9.0,1.0,9.0,16.0,7.0,1.03,1.0,1.0,1.0,1.0,1.0,1.0,0.32,0.4,0.08,0.41,0.88,0.47,0.0,0.93,0.93,0.72,0.84,0.12,0.0,0.93,0.93,0.72,0.84,0.12,0.21,0.52,0.31,1.09,1.65,0.56,1
EB2UmMgR,BRAZIL,2026,Serie A Betano,BRAZIL 1,05/02/2026,21:30,RODADA 2,Cruzeiro,Coritiba,1,2,1.0,1.0,1.52,6.33,3.8,2.0,6.5,2.28,1.77,1.75,1.22,3.67,1.05,8.6,1.28,3.45,3.15,1.33,5.8,1.11,2.17,1.59,4.85,1.13,1.0,2.0,1.0,0.0,0.0,0.0,1.0,2.0,1.0,4.0,7.0,3.0,22.0,37.0,15.0,6.0,15.0,9.0,1.0,2.0,1.0,10.0,12.0,2.0,1.0,0.4,0.0,0.11,0.12,0.15,17.0,31.0,14.0,30.0,52.0,22.0,0.0,0.0,0.0,0.0,0.0,0.0,0.0,1.0,1.0,0.0,0.0,0.0,11.0,17.0,6.0,3.0,9.0,6.0,3.0,9.0,6.0,11.0,17.0,6.0,0.0,3.0,3.0,0.0,0.0,0.0,0.0,-0.31,-0.31,0.0,-0.05,-0.05,0.0,0.0,0.0,0.0,0.0,0.0,4.0,7.0,3.0,1.0,3.0,2.0,0.32,0.45,0.61,0.86,0.67,0.29,0.0,2.0,2.0,1.0,1.0,0.0,10.0,26.0,67.0,67.0,17.0,67.0,101.0,0.52,0.67,0.75,0.8,0.81,0.83,0.5,0.74,0.85,0.89,0.9,0.91,0.21,0.32,0.42,0.79,0.68,0.58,4.0,6.0,2.0,5.0,11.0,6.0,3.0,6.0,3.0,4.0,8.0,4.0,1.0,2.0,1.0,0.0,4.0,4.0,1.0,4.0,3.0,3.0,8.0,5.0,1.0,1.0,1.0,0.67,0.62,0.5,0.0,1.0,1.0,0.0,0.0,0.0,6.0,12.0,6.0,12.0,20.0,8.0,5.0,10.0,5.0,8.0,19.0,11.0,10.0,19.0,9.0,14.0,30.0,16.0,1.03,1.0,1.0,1.0,1.0,1.0,1.0,0.25,1.1,0.85,0.52,0.92,0.4,1.0,1.95,0.95,0.0,0.69,0.69,1.0,1.95,0.95,0.0,0.69,0.69,1.5,2.35,0.85,0.28,0.89,0.61,1
bN2QVMXr,BRAZIL,2026,Serie A Betano,BRAZIL 1,05/02/2026,20:00,RODADA 2,Vasco,Chapecoense,1,1,0.0,0.0,1.5,6.0,4.0,1.95,5.75,2.25,1.85,1.85,1.33,3.0,1.02,10.0,1.25,3.6,3.3,1.29,6.5,1.08,2.75,1.4,7.5,1.06,0.0,0.0,0.0,6.0,9.0,3.0,1.0,1.0,0.0,2.0,5.0,3.0,18.0,39.0,21.0,9.0,18.0,9.0,0.0,0.0,0.0,4.0,14.0,10.0,0.33,0.25,0.0,0.35,0.36,0.36,17.0,38.0,21.0,27.0,52.0,25.0,0.0,0.0,0.0,0.0,0.0,0.0,0.0,0.0,0.0,0.0,1.0,1.0,8.0,11.0,3.0,8.0,15.0,7.0,8.0,15.0,7.0,8.0,11.0,3.0,4.0,10.0,6.0,0.0,0.0,0.0,1.92,3.46,1.54,-0.94,-0.94,0.0,0.0,0.0,0.0,1.0,3.0,2.0,5.0,7.0,2.0,2.0,10.0,8.0,0.39,0.33,0.27,0.61,0.52,0.4,1.0,1.0,0.0,0.0,0.0,0.0,11.0,21.0,67.0,67.0,17.0,51.0,101.0,0.46,0.41,0.35,0.75,0.81,0.85,0.78,0.72,0.64,0.86,0.88,0.9,0.39,0.33,0.27,0.61,0.67,0.73,3.0,3.0,0.0,10.0,21.0,11.0,4.0,5.0,1.0,4.0,12.0,8.0,1.0,1.0,0.0,7.0,13.0,6.0,3.0,4.0,1.0,3.0,9.0,6.0,0.75,0.89,1.0,0.6,0.8,1.0,1.0,1.0,0.0,0.0,1.0,1.0,9.0,17.0,8.0,4.0,11.0,7.0,6.0,7.0,1.0,13.0,30.0,17.0,3.0,5.0,2.0,25.0,53.0,28.0,1.01,1.0,1.0,1.0,1.0,1.0,1.0,0.22,0.29,0.07,1.46,2.51,1.05,0.06,0.06,0.0,2.92,4.46,1.54,0.06,0.06,0.0,2.92,4.46,1.54,0.25,0.31,0.06,2.96,4.81,1.85,1
08zIvIGD,BRAZIL,2026,Serie A Betano,BRAZIL 1,05/02/2026,19:00,RODADA 2,Bahia,Fluminense,1,1,0.0,1.0,2.16,3.5,3.2,2.68,3.89,2.04,2.0,1.75,1.28,3.33,1.07,8.0,1.32,3.2,3.5,1.27,7.0,1.09,2.28,1.55,5.0,1.14,3.0,5.0,2.0,1.0,1.0,0.0,1.0,2.0,1.0,1.0,3.0,2.0,12.0,23.0,11.0,10.0,21.0,11.0,0.0,4.0,4.0,2.0,6.0,4.0,0.0,0.18,0.2,0.0,0.25,0.56,31.0,55.0,24.0,22.0,41.0,19.0,1.0,1.0,0.0,0.0,0.0,0.0,0.0,1.0,1.0,0.0,0.0,0.0,7.0,13.0,6.0,4.0,12.0,8.0,4.0,12.0,8.0,7.0,13.0,6.0,2.0,4.0,2.0,3.0,3.0,0.0,0.06,0.33,0.27,0.46,-0.21,-0.67,0.0,0.0,0.0,1.0,1.0,0.0,2.0,6.0,4.0,3.0,7.0,4.0,0.38,0.4,0.43,0.55,0.6,0.67,0.0,0.0,0.0,4.0,4.0,0.0,11.0,15.74,67.0,67.0,23.0,67.0,101.0,0.88,0.84,0.81,0.67,0.69,0.7,0.87,0.88,0.89,0.84,0.83,0.83,0.55,0.58,0.6,0.45,0.42,0.4,4.0,8.0,4.0,7.0,14.0,7.0,3.0,7.0,4.0,6.0,11.0,5.0,3.0,4.0,1.0,3.0,5.0,2.0,3.0,5.0,2.0,3.0,5.0,2.0,0.5,0.47,0.45,0.67,0.62,0.5,0.0,1.0,1.0,0.0,0.0,0.0,4.0,9.0,5.0,10.0,17.0,7.0,7.0,13.0,6.0,10.0,19.0,9.0,10.0,26.0,16.0,12.0,24.0,12.0,1.03,1.01,1.0,1.0,1.01,1.0,1.0,0.18,1.53,1.35,0.14,0.4,0.26,0.46,0.79,0.33,1.06,1.33,0.27,0.46,0.79,0.33,1.06,1.33,0.27,0.74,1.83,1.09,0.79,1.22,0.43,1
WSr1r0Hl,BRAZIL,2026,Serie A Betano,BRAZIL 1,04/02/2026,21:30,RODADA 2,Grêmio,Botafogo,5,3,1.0,2.0,2.16,3.65,3.0,2.98,4.68,1.98,2.21,1.6,1.46,2.1,1.05,8.4,1.39,2.8,3.2,1.32,6.0,1.11,3.2,1.3,8.0,1.05,1.0,2.0,1.0,6.0,8.0,2.0,0.0,0.0,0.0,1.0,3.0,2.0,4.0,17.0,13.0,11.0,15.0,4.0,2.0,2.0,0.0,1.0,4.0,3.0,0.14,0.1,0.0,0.67,0.38,0.31,24.0,44.0,20.0,22.0,46.0,24.0,0.0,1.0,1.0,0.0,0.0,0.0,0.0,0.0,0.0,0.0,0.0,0.0,9.0,16.0,7.0,9.0,13.0,4.0,9.0,13.0,4.0,9.0,16.0,7.0,3.0,3.0,0.0,1.0,1.0,0.0,-0.22,-0.28,-0.06,-0.5,-1.27,-0.77,1.0,1.0,0.0,0.0,0.0,0.0,1.0,3.0,2.0,5.0,12.0,7.0,0.43,0.44,0.45,0.47,0.48,0.5,0.0,0.0,0.0,0.0,1.0,1.0,10.0,34.0,67.0,67.0,19.0,81.0,101.0,0.74,0.72,0.68,0.48,0.61,0.68,0.87,0.87,0.87,0.82,0.84,0.86,0.61,0.57,0.53,0.39,0.43,0.47,3.0,7.0,4.0,7.0,10.0,3.0,2.0,5.0,3.0,0.0,3.0,3.0,2.0,4.0,2.0,7.0,8.0,1.0,1.0,2.0,1.0,1.0,4.0,3.0,0.57,0.62,0.67,0.75,0.63,0.5,1.0,2.0,1.0,0.0,0.0,0.0,6.0,14.0,8.0,5.0,9.0,4.0,4.0,9.0,5.0,8.0,14.0,6.0,7.0,14.0,7.0,10.0,19.0,9.0,1.03,1.0,1.0,1.0,1.0,1.0,1.0,0.5,1.11,0.61,0.73,0.99,0.26,0.5,1.73,1.23,3.78,4.72,0.94,0.5,1.73,1.23,3.78,4.72,0.94,0.71,1.15,0.44,2.21,3.45,1.24,1
QkMZRvX7,BRAZIL,2026,Serie A Betano,BRAZIL 1,04/02/2026,21:30,RODADA 2,Palmeiras,Vitória,5,1,3.0,0.0,1.32,7.5,4.75,1.83,7.5,2.42,1.74,1.98,1.17,4.23,1.04,9.4,1.24,3.8,2.85,1.39,5.2,1.14,1.97,1.71,4.23,1.17,2.0,3.0,1.0,0.0,4.0,4.0,2.0,3.0,1.0,3.0,5.0,2.0,15.0,29.0,14.0,9.0,14.0,5.0,2.0,4.0,2.0,2.0,6.0,4.0,0.22,0.29,0.4,0.29,0.28,0.27,14.0,42.0,28.0,28.0,54.0,26.0,0.0,0.0,0.0,0.0,0.0,0.0,0.0,0.0,0.0,0.0,0.0,0.0,10.0,16.0,6.0,4.0,13.0,9.0,4.0,13.0,9.0,10.0,16.0,6.0,0.0,2.0,2.0,1.0,2.0,1.0,-1.85,-2.05,-0.2,0.12,0.38,0.26,0.0,0.0,0.0,1.0,1.0,0.0,4.0,12.0,8.0,3.0,7.0,4.0,0.47,0.4,0.33,0.67,0.71,0.75,0.0,1.0,1.0,1.0,2.0,1.0,9.0,19.0,51.0,67.0,11.0,51.0,101.0,0.69,0.64,0.55,0.72,0.7,0.69,0.82,0.8,0.78,0.88,0.87,0.86,0.44,0.4,0.36,0.56,0.6,0.64,4.0,6.0,2.0,3.0,10.0,7.0,0.0,2.0,2.0,2.0,4.0,2.0,3.0,4.0,1.0,2.0,8.0,6.0,1.0,3.0,2.0,4.0,7.0,3.0,0.0,0.56,0.63,0.67,0.7,0.71,0.0,1.0,1.0,0.0,0.0,0.0,9.0,18.0,9.0,8.0,17.0,9.0,5.0,9.0,4.0,7.0,17.0,10.0,7.0,11.0,4.0,11.0,33.0,22.0,1.04,1.0,1.0,1.0,1.01,1.0,1.0,0.46,0.63,0.17,0.15,1.42,1.27,1.12,1.38,0.26,0.15,2.95,2.8,1.12,1.38,0.26,0.15,2.95,2.8,0.56,0.93,0.37,0.18,2.37,2.19,1
2NoCdzck,BRAZIL,2026,Serie A Betano,BRAZIL 1,04/02/2026,20:00,RODADA 2,Remo,Mirassol,2,2,2.0,0.0,2.59,2.79,3.17,3.32,3.54,2.06,2.14,1.63,1.35,2.6,1.07,7.2,1.38,2.9,3.85,1.23,7.4,1.07,2.98,1.29,7.1,1.03,3.0,3.0,0.0,0.0,1.0,1.0,1.0,1.0,0.0,3.0,5.0,2.0,12.0,18.0,6.0,20.0,43.0,23.0,2.0,4.0,2.0,2.0,4.0,2.0,0.33,0.3,0.25,0.17,0.2,0.25,25.0,48.0,23.0,31.0,51.0,20.0,0.0,0.0,0.0,0.0,0.0,0.0,1.0,1.0,0.0,0.0,0.0,0.0,5.0,9.0,4.0,5.0,15.0,10.0,5.0,15.0,10.0,5.0,9.0,4.0,1.0,5.0,4.0,2.0,3.0,1.0,0.13,0.85,0.72,0.53,0.54,0.01,0.0,0.0,0.0,0.0,0.0,0.0,3.0,8.0,5.0,8.0,12.0,4.0,0.45,0.49,0.56,0.45,0.45,0.45,0.0,2.0,2.0,0.0,1.0,1.0,12.0,34.0,67.0,67.0,19.0,81.0,101.0,0.64,0.64,0.64,0.55,0.63,0.76,0.8,0.83,0.85,0.72,0.74,0.77,0.58,0.63,0.69,0.42,0.37,0.31,6.0,7.0,1.0,2.0,8.0,6.0,1.0,2.0,1.0,2.0,6.0,4.0,4.0,5.0,1.0,1.0,7.0,6.0,0.0,1.0,1.0,4.0,10.0,6.0,0.56,0.67,1.0,0.7,0.68,0.67,0.0,0.0,0.0,0.0,0.0,0.0,14.0,30.0,16.0,12.0,19.0,7.0,6.0,8.0,2.0,6.0,18.0,12.0,21.0,26.0,5.0,9.0,15.0,6.0,1.02,1.0,1.0,1.0,1.0,1.0,1.0,0.95,1.12,0.17,0.27,0.46,0.19,2.53,2.54,0.01,0.13,2.85,2.72,2.53,2.54,0.01,0.13,2.85,2.72,1.69,1.75,0.06,0.22,1.48,1.26,1
IPIRT02e,BRAZIL,2026,Serie A Betano,BRAZIL 1,04/02/2026,20:00,RODADA 2,Santos,São Paulo,1,1,1.0,0.0,2.13,3.36,3.42,2.79,4.05,2.15,2.05,1.78,1.27,3.65,1.08,8.25,1.36,3.2,3.55,1.3,6.7,1.11,2.18,1.67,4.55,1.19,1.0,2.0,1.0,0.0,1.0,1.0,0.0,1.0,1.0,2.0,5.0,3.0,21.0,32.0,11.0,9.0,18.0,9.0,1.0,4.0,3.0,5.0,7.0,2.0,0.57,0.43,0.29,0.16,0.15,0.13,31.0,58.0,27.0,24.0,45.0,21.0,0.0,0.0,0.0,0.0,0.0,0.0,0.0,0.0,0.0,0.0,1.0,1.0,8.0,21.0,13.0,8.0,15.0,7.0,8.0,15.0,7.0,8.0,21.0,13.0,0.0,2.0,2.0,1.0,2.0,1.0,0.0,-0.46,-0.46,-0.14,-0.05,0.09,0.0,0.0,0.0,0.0,0.0,0.0,4.0,10.0,6.0,2.0,8.0,6.0,0.35,0.27,0.2,0.41,0.52,0.62,0.0,0.0,0.0,0.0,2.0,2.0,11.75,16.5,51.0,67.0,13.0,33.0,101.0,0.69,0.64,0.56,0.69,0.71,0.73,0.82,0.79,0.74,0.82,0.85,0.86,0.57,0.5,0.42,0.43,0.5,0.58,4.0,7.0,3.0,2.0,6.0,4.0,3.0,4.0,1.0,3.0,4.0,1.0,2.0,3.0,1.0,0.0,3.0,3.0,1.0,1.0,0.0,3.0,6.0,3.0,0.5,0.74,0.85,0.2,0.44,0.75,0.0,0.0,0.0,0.0,0.0,0.0,10.0,16.0,6.0,10.0,23.0,13.0,5.0,8.0,3.0,5.0,12.0,7.0,12.0,19.0,7.0,5.0,12.0,7.0,1.04,1.01,1.0,1.0,1.02,1.01,1.0,0.82,1.02,0.2,0.24,0.63,0.39,0.86,0.95,0.09,0.0,0.54,0.54,0.86,0.95,0.09,0.0,0.54,0.54,0.43,0.6,0.17,0.3,1.09,0.79,1
SztglVmA,BRAZIL,2026,Serie A Betano,BRAZIL 1,04/02/2026,19:00,RODADA 2,Flamengo,Internacional,1,1,0.0,1.0,1.5,6.1,3.66,2.04,6.3,2.03,2.26,1.58,1.31,3.15,1.07,7.4,1.43,2.7,4.2,1.2,7.99,1.05,2.45,1.48,5.55,1.11,0.0,1.0,1.0,2.0,3.0,1.0,0.0,0.0,0.0,4.0,6.0,2.0,23.0,44.0,21.0,9.0,13.0,4.0,2.0,3.0,1.0,1.0,4.0,3.0,0.0,0.0,0.0,0.2,0.27,0.33,28.0,58.0,30.0,31.0,54.0,23.0,0.0,0.0,0.0,0.0,0.0,0.0,0.0,0.0,0.0,0.0,0.0,0.0,8.0,18.0,10.0,11.0,20.0,9.0,11.0,20.0,9.0,8.0,18.0,10.0,2.0,4.0,2.0,2.0,4.0,2.0,0.0,0.18,0.18,0.34,0.08,-0.26,0.0,0.0,0.0,0.0,0.0,0.0,2.0,6.0,4.0,1.0,6.0,5.0,0.34,0.44,0.54,0.68,0.63,0.53,2.0,2.0,0.0,0.0,1.0,1.0,11.01,15.74,67.0,67.0,12.23,81.0,101.0,0.56,0.63,0.7,0.77,0.77,0.77,0.75,0.79,0.82,0.89,0.88,0.87,0.33,0.35,0.37,0.67,0.65,0.63,1.0,2.0,1.0,5.0,13.0,8.0,2.0,4.0,2.0,2.0,7.0,5.0,2.0,5.0,3.0,3.0,5.0,2.0,3.0,7.0,4.0,4.0,5.0,1.0,0.5,0.53,0.57,0.88,0.92,1.0,0.0,0.0,0.0,1.0,1.0,0.0,2.0,8.0,6.0,9.0,14.0,5.0,4.0,9.0,5.0,9.0,18.0,9.0,4.0,8.0,4.0,11.0,27.0,16.0,1.02,1.01,1.0,1.0,1.02,1.0,1.0,0.09,0.2,0.11,0.65,1.2,0.55,0.34,1.08,0.74,1.0,1.18,0.18,0.34,1.08,0.74,1.0,1.18,0.18,0.19,0.76,0.57,1.24,1.73,0.49,1
6oaMkrPE,BRAZIL,2026,Serie A Betano,BRAZIL 1,04/02/2026,19:00,RODADA 2,Red Bull Bragantino,Atlético-MG,1,0,1.0,0.0,2.06,3.45,3.4,2.77,4.13,2.21,1.86,1.63,1.26,3.25,1.04,7.0,1.27,2.8,3.0,1.23,4.8,1.06,2.2,1.6,4.7,1.15,0.0,0.0,0.0,2.0,4.0,2.0,5.0,6.0,1.0,5.0,7.0,2.0,8.0,27.0,19.0,29.0,40.0,11.0,11.0,12.0,1.0,3.0,6.0,3.0,0.13,0.16,0.25,0.71,0.4,0.23,15.0,39.0,24.0,29.0,57.0,28.0,0.0,0.0,0.0,0.0,0.0,0.0,0.0,0.0,0.0,1.0,1.0,0.0,5.0,8.0,3.0,7.0,14.0,7.0,7.0,14.0,7.0,5.0,8.0,3.0,1.0,4.0,3.0,2.0,2.0,0.0,0.25,0.05,-0.2,0.14,0.14,0.0,1.0,1.0,0.0,0.0,0.0,0.0,4.0,12.0,8.0,3.0,7.0,4.0,0.42,0.46,0.5,0.45,0.53,0.6,3.0,5.0,2.0,0.0,1.0,1.0,6.2,26.0,67.0,67.0,21.0,67.0,101.0,0.72,0.66,0.56,0.64,0.68,0.7,0.86,0.83,0.76,0.77,0.82,0.85,0.66,0.52,0.36,0.34,0.48,0.64,4.0,6.0,2.0,8.0,10.0,2.0,3.0,4.0,1.0,3.0,7.0,4.0,2.0,2.0,0.0,1.0,5.0,4.0,6.0,6.0,0.0,1.0,9.0,8.0,1.0,0.5,0.45,0.13,0.35,0.56,0.0,0.0,0.0,0.0,0.0,0.0,12.0,21.0,9.0,6.0,19.0,13.0,10.0,12.0,2.0,9.0,19.0,10.0,16.0,21.0,5.0,10.0,28.0,18.0,1.01,1.0,1.0,1.0,1.01,1.0,1.0,0.22,0.27,0.05,0.43,1.15,0.72,0.14,0.14,0.0,0.25,1.05,0.8,0.14,0.14,0.0,0.25,1.05,0.8,0.38,0.44,0.06,0.51,1.41,0.9,1
CpixNhkB,BRAZIL,2026,Serie A Betano,BRAZIL 1,29/01/2026,21:30,RODADA 1,Botafogo,Cruzeiro,4,0,0.0,0.0,2.68,2.98,2.85,3.07,3.36,2.01,1.87,1.86,1.25,3.6,1.06,8.5,1.27,3.5,3.14,1.33,6.33,1.11,2.1,1.66,5.0,1.14,0.0,4.0,4.0,2.0,2.0,0.0,5.0,8.0,3.0,1.0,2.0,1.0,8.0,16.0,8.0,14.0,24.0,10.0,4.0,7.0,3.0,1.0,3.0,2.0,0.6,0.6,0.6,0.29,0.25,0.22,18.0,39.0,21.0,18.0,36.0,18.0,1.0,1.0,0.0,0.0,0.0,0.0,0.0,0.0,0.0,0.0,0.0,0.0,6.0,12.0,6.0,4.0,10.0,6.0,4.0,10.0,6.0,6.0,12.0,6.0,1.0,1.0,0.0,2.0,4.0,2.0,-0.94,-0.94,0.0,0.11,0.31,0.2,0.0,0.0,0.0,0.0,0.0,0.0,5.0,12.0,7.0,3.0,4.0,1.0,0.18,0.31,0.39,0.43,0.53,0.64,2.0,5.0,3.0,0.0,0.0,0.0,13.0,13.89,67.0,67.0,16.0,67.0,101.0,0.72,0.68,0.57,0.82,0.81,0.79,0.85,0.86,0.87,0.85,0.87,0.88,0.55,0.54,0.53,0.45,0.46,0.47,7.0,14.0,7.0,5.0,8.0,3.0,1.0,5.0,4.0,0.0,3.0,3.0,2.0,4.0,2.0,5.0,5.0,0.0,1.0,3.0,2.0,1.0,2.0,1.0,0.5,0.8,1.0,0.5,0.45,0.43,0.0,0.0,0.0,1.0,1.0,0.0,8.0,17.0,9.0,5.0,10.0,5.0,8.0,17.0,9.0,6.0,10.0,4.0,20.0,28.0,8.0,9.0,17.0,8.0,1.02,1.01,1.0,1.0,1.02,1.0,1.0,0.57,1.05,0.48,0.74,0.98,0.24,0.11,0.31,0.2,3.06,3.06,0.0,0.11,0.31,0.2,3.06,3.06,0.0,0.58,1.43,0.85,1.2,1.43,0.23,1
bs93wEZi,BRAZIL,2026,Serie A Betano,BRAZIL 1,29/01/2026,20:00,RODADA 1,Mirassol,Vasco,2,1,1.0,1.0,1.72,4.4,3.7,2.25,4.33,2.25,2.0,1.73,1.36,2.88,1.03,9.0,1.3,3.2,3.8,1.22,7.5,1.06,3.0,1.33,8.0,1.05,0.0,1.0,1.0,0.0,0.0,0.0,4.0,5.0,1.0,1.0,2.0,1.0,4.0,15.0,11.0,15.0,20.0,5.0,3.0,5.0,2.0,2.0,5.0,3.0,0.2,0.23,0.29,0.29,0.19,0.14,27.0,56.0,29.0,22.0,40.0,18.0,1.0,1.0,0.0,0.0,0.0,0.0,0.0,1.0,1.0,0.0,1.0,1.0,6.0,10.0,4.0,10.0,16.0,6.0,10.0,16.0,6.0,6.0,10.0,4.0,1.0,3.0,2.0,2.0,4.0,2.0,0.22,0.71,0.49,0.55,0.51,-0.04,0.0,0.0,0.0,0.0,0.0,0.0,4.0,8.0,4.0,5.0,9.0,4.0,0.64,0.67,0.68,0.61,0.64,0.67,2.0,2.0,0.0,1.0,1.0,0.0,17.0,26.0,67.0,67.0,19.0,67.0,101.0,0.87,0.83,0.76,0.64,0.65,0.66,0.91,0.89,0.86,0.83,0.86,0.88,0.62,0.53,0.44,0.38,0.47,0.56,3.0,6.0,3.0,4.0,6.0,2.0,1.0,3.0,2.0,2.0,7.0,5.0,2.0,5.0,3.0,2.0,4.0,2.0,4.0,7.0,3.0,1.0,7.0,6.0,0.5,0.54,0.56,0.67,0.6,0.5,0.0,0.0,0.0,0.0,0.0,0.0,12.0,13.0,1.0,8.0,21.0,13.0,7.0,13.0,6.0,5.0,13.0,8.0,8.0,15.0,7.0,6.0,10.0,4.0,1.01,1.0,1.0,1.0,1.0,1.0,1.0,0.38,0.64,0.26,0.23,0.44,0.21,0.55,1.51,0.96,1.22,1.71,0.49,0.55,1.51,0.96,1.22,1.71,0.49,0.33,0.6,0.27,0.3,0.68,0.38,1
YauoLWJN,BRAZIL,2026,Serie A Betano,BRAZIL 1,28/01/2026,21:30,RODADA 1,São Paulo,Flamengo,2,1,0.0,0.0,3.35,2.1,3.25,3.85,2.7,2.05,2.11,1.65,1.36,2.88,1.05,8.4,1.28,3.45,3.15,1.33,5.8,1.11,2.88,1.36,8.0,1.05,2.0,3.0,1.0,2.0,2.0,0.0,2.0,5.0,3.0,1.0,3.0,2.0,3.0,8.0,5.0,16.0,27.0,11.0,1.0,6.0,5.0,1.0,2.0,1.0,0.11,0.24,0.33,0.5,0.18,0.0,25.0,53.0,28.0,25.0,51.0,26.0,1.0,1.0,0.0,0.0,0.0,0.0,0.0,0.0,0.0,0.0,0.0,0.0,6.0,11.0,5.0,6.0,14.0,8.0,6.0,14.0,8.0,6.0,11.0,5.0,2.0,2.0,0.0,1.0,4.0,3.0,-0.28,-0.28,0.0,0.03,0.13,0.1,0.0,0.0,0.0,0.0,0.0,0.0,2.0,6.0,4.0,2.0,6.0,4.0,0.35,0.4,0.45,0.34,0.34,0.33,0.0,0.0,0.0,0.0,1.0,1.0,10.0,26.0,67.0,67.0,19.0,67.0,101.0,0.74,0.76,0.78,0.6,0.64,0.69,0.85,0.86,0.88,0.78,0.8,0.82,0.61,0.59,0.57,0.39,0.41,0.43,5.0,9.0,4.0,4.0,5.0,1.0,2.0,5.0,3.0,2.0,3.0,1.0,2.0,5.0,3.0,4.0,4.0,0.0,1.0,6.0,5.0,3.0,5.0,2.0,0.8,0.72,0.63,0.44,0.61,0.8,1.0,2.0,1.0,0.0,1.0,1.0,12.0,23.0,11.0,3.0,8.0,5.0,6.0,15.0,9.0,7.0,10.0,3.0,16.0,28.0,12.0,10.0,16.0,6.0,1.03,1.0,1.0,1.0,1.0,1.0,1.0,1.11,1.67,0.56,0.23,0.52,0.29,1.03,1.13,0.1,1.72,1.72,0.0,1.03,1.13,0.1,1.72,1.72,0.0,1.57,2.4,0.83,0.62,0.78,0.16,1
W8npjiJc,BRAZIL,2026,Serie A Betano,BRAZIL 1,28/01/2026,20:00,RODADA 1,Chapecoense,Santos,4,2,1.0,1.0,3.25,2.22,3.1,4.0,2.9,2.0,2.24,1.54,1.49,2.19,1.05,8.0,1.4,2.75,4.8,1.14,9.0,1.03,3.09,1.27,7.4,1.03,1.0,1.0,0.0,2.0,3.0,1.0,4.0,8.0,4.0,1.0,4.0,3.0,3.0,10.0,7.0,9.0,34.0,25.0,2.0,14.0,12.0,1.0,1.0,0.0,0.36,0.28,0.25,0.5,0.33,0.0,20.0,42.0,22.0,14.0,34.0,20.0,0.0,0.0,0.0,0.0,0.0,0.0,0.0,0.0,0.0,0.0,0.0,0.0,2.0,5.0,3.0,5.0,10.0,5.0,5.0,10.0,5.0,2.0,5.0,3.0,0.0,0.0,0.0,2.0,3.0,1.0,-1.68,-1.9,-0.22,-0.51,-0.66,-0.15,0.0,1.0,1.0,0.0,0.0,0.0,5.0,5.0,0.0,3.0,5.0,2.0,0.67,0.55,0.3,0.44,0.49,0.54,0.0,1.0,1.0,1.0,2.0,1.0,17.0,51.0,67.0,67.0,21.0,81.0,101.0,0.79,0.81,0.83,0.58,0.59,0.61,0.88,0.89,0.9,0.72,0.73,0.75,0.63,0.66,0.69,0.37,0.34,0.31,4.0,10.0,6.0,3.0,4.0,1.0,7.0,12.0,5.0,0.0,0.0,0.0,3.0,5.0,2.0,3.0,4.0,1.0,10.0,15.0,5.0,1.0,4.0,3.0,1.0,0.86,0.5,0.83,0.67,0.5,0.0,0.0,0.0,0.0,0.0,0.0,19.0,31.0,12.0,7.0,13.0,6.0,14.0,25.0,11.0,4.0,8.0,4.0,9.0,25.0,16.0,9.0,12.0,3.0,1.0,1.0,1.0,1.0,1.0,1.0,1.0,0.32,1.09,0.77,0.12,0.19,0.07,0.49,1.34,0.85,1.32,2.1,0.78,0.49,1.34,0.85,1.32,2.1,0.78,0.79,1.32,0.53,0.91,1.83,0.92,1
rZQGFAso,BRAZIL,2026,Serie A Betano,BRAZIL 1,28/01/2026,20:00,RODADA 1,Corinthians,Bahia,1,2,1.0,2.0,2.14,3.48,3.28,2.68,3.89,2.04,2.05,1.71,1.28,3.33,1.07,8.0,1.33,3.1,3.66,1.25,7.0,1.09,2.28,1.55,5.0,1.14,0.0,2.0,2.0,1.0,3.0,2.0,0.0,2.0,2.0,7.0,8.0,1.0,20.0,24.0,4.0,10.0,26.0,16.0,2.0,6.0,4.0,3.0,4.0,1.0,0.5,0.08,0.0,0.38,0.35,0.25,26.0,47.0,21.0,31.0,56.0,25.0,0.0,0.0,0.0,0.0,0.0,0.0,0.0,0.0,0.0,0.0,0.0,0.0,7.0,14.0,7.0,9.0,14.0,5.0,9.0,14.0,5.0,7.0,14.0,7.0,4.0,4.0,0.0,2.0,4.0,2.0,1.14,0.9,-0.24,0.75,0.69,-0.06,0.0,0.0,0.0,1.0,1.0,0.0,4.0,8.0,4.0,5.0,13.0,8.0,0.47,0.44,0.41,0.6,0.6,0.6,0.0,0.0,0.0,0.0,3.0,3.0,13.0,34.0,67.0,67.0,25.0,81.0,101.0,0.56,0.63,0.67,0.71,0.69,0.65,0.75,0.79,0.83,0.86,0.85,0.84,0.36,0.41,0.47,0.64,0.59,0.53,3.0,8.0,5.0,7.0,10.0,3.0,1.0,3.0,2.0,2.0,4.0,2.0,2.0,6.0,4.0,4.0,5.0,1.0,0.0,3.0,3.0,6.0,7.0,1.0,0.86,0.71,0.57,0.83,0.75,0.63,0.0,0.0,0.0,0.0,0.0,0.0,15.0,32.0,17.0,3.0,10.0,7.0,3.0,11.0,8.0,13.0,17.0,4.0,6.0,15.0,9.0,20.0,27.0,7.0,1.02,1.0,1.0,1.0,1.01,1.0,1.0,0.12,0.24,0.12,0.86,1.07,0.21,0.75,2.69,1.94,1.14,1.9,0.76,0.75,2.69,1.94,1.14,1.9,0.76,0.22,1.51,1.29,0.95,1.91,0.96,1
4KmUOEKb,BRAZIL,2026,Serie A Betano,BRAZIL 1,28/01/2026,19:30,RODADA 1,Fluminense,Grêmio,2,1,0.0,0.0,1.76,5.0,3.33,2.42,5.0,2.08,2.14,1.6,1.45,2.27,1.03,9.0,1.3,3.2,3.8,1.22,7.5,1.06,3.0,1.33,8.0,1.05,2.0,2.0,0.0,2.0,3.0,1.0,3.0,4.0,1.0,0.0,0.0,0.0,5.0,15.0,10.0,16.0,27.0,11.0,3.0,6.0,3.0,2.0,3.0,1.0,0.23,0.3,0.43,0.5,0.13,0.0,27.0,56.0,29.0,34.0,53.0,19.0,0.0,0.0,0.0,0.0,0.0,0.0,0.0,0.0,0.0,0.0,0.0,0.0,8.0,13.0,5.0,5.0,13.0,8.0,5.0,13.0,8.0,8.0,13.0,5.0,3.0,4.0,1.0,2.0,2.0,0.0,0.37,0.7,0.33,-0.06,-0.06,0.0,0.0,0.0,0.0,0.0,0.0,0.0,9.0,14.0,5.0,6.0,11.0,5.0,0.53,0.48,0.42,0.61,0.63,0.67,1.0,2.0,1.0,1.0,1.0,0.0,17.0,26.0,67.0,67.0,19.0,67.0,101.0,0.75,0.72,0.63,0.71,0.74,0.76,0.84,0.82,0.8,0.8,0.85,0.89,0.55,0.49,0.41,0.45,0.51,0.59,6.0,10.0,4.0,5.0,7.0,2.0,2.0,5.0,3.0,0.0,4.0,4.0,3.0,3.0,0.0,5.0,6.0,1.0,2.0,2.0,0.0,0.0,3.0,3.0,0.63,0.59,0.56,0.45,0.47,0.5,0.0,0.0,0.0,1.0,2.0,1.0,12.0,18.0,6.0,10.0,16.0,6.0,8.0,12.0,4.0,5.0,10.0,5.0,13.0,23.0,10.0,10.0,20.0,10.0,1.01,1.0,1.0,1.0,1.0,1.0,1.0,0.64,0.85,0.21,0.59,1.14,0.55,0.94,0.94,0.0,2.37,2.7,0.33,0.94,0.94,0.0,2.37,2.7,0.33,1.45,1.6,0.15,1.55,2.33,0.78,1
Wf7Byh44,BRAZIL,2026,Serie A Betano,BRAZIL 1,28/01/2026,19:00,RODADA 1,Atlético-MG,Palmeiras,2,2,1.0,1.0,2.65,2.7,3.1,3.2,3.25,2.09,1.92,1.76,1.27,3.4,1.05,7.0,1.28,3.2,3.2,1.28,6.0,1.08,2.2,1.6,5.33,1.11,1.0,2.0,1.0,0.0,1.0,1.0,1.0,2.0,1.0,3.0,4.0,1.0,8.0,17.0,9.0,13.0,22.0,9.0,5.0,7.0,2.0,4.0,5.0,1.0,0.15,0.17,0.2,0.3,0.31,0.33,29.0,48.0,19.0,26.0,45.0,19.0,0.0,0.0,0.0,0.0,0.0,0.0,0.0,0.0,0.0,0.0,0.0,0.0,11.0,20.0,9.0,8.0,14.0,6.0,8.0,14.0,6.0,11.0,20.0,9.0,1.0,1.0,0.0,4.0,4.0,0.0,0.16,-0.69,-0.85,0.44,0.21,-0.23,0.0,0.0,0.0,0.0,0.0,0.0,2.0,5.0,3.0,3.0,6.0,3.0,0.45,0.55,0.69,0.75,0.56,0.45,1.0,2.0,1.0,3.0,4.0,1.0,10.0,41.0,67.0,67.0,17.0,31.0,101.0,0.84,0.81,0.78,0.76,0.75,0.73,0.82,0.84,0.86,0.86,0.88,0.9,0.51,0.48,0.45,0.49,0.52,0.55,6.0,8.0,2.0,3.0,7.0,4.0,2.0,5.0,3.0,3.0,8.0,5.0,5.0,6.0,1.0,1.0,2.0,1.0,2.0,5.0,3.0,4.0,7.0,3.0,0.5,0.47,0.44,0.86,0.69,0.56,0.0,0.0,0.0,0.0,1.0,1.0,6.0,10.0,4.0,6.0,17.0,11.0,8.0,13.0,5.0,7.0,14.0,7.0,10.0,17.0,7.0,5.0,11.0,6.0,1.02,1.0,1.0,1.0,1.02,1.01,1.0,0.64,1.09,0.45,0.2,0.34,0.14,1.44,2.21,0.77,0.16,0.31,0.15,1.44,2.21,0.77,0.16,0.31,0.15,0.65,1.01,0.36,0.17,0.54,0.37,1
KUIRX93T,BRAZIL,2026,Serie A Betano,BRAZIL 1,28/01/2026,19:00,RODADA 1,Coritiba,Red Bull Bragantino,0,1,0.0,0.0,2.32,3.4,3.1,2.82,3.9,2.07,2.28,1.53,1.51,2.14,1.05,8.0,1.36,2.88,4.0,1.2,8.0,1.05,3.3,1.29,9.0,1.03,5.0,5.0,0.0,0.0,0.0,0.0,6.0,8.0,2.0,1.0,2.0,1.0,3.0,10.0,7.0,18.0,26.0,8.0,3.0,5.0,2.0,1.0,1.0,0.0,0.12,0.11,0.09,0.0,0.17,0.2,21.0,42.0,21.0,27.0,54.0,27.0,0.0,0.0,0.0,0.0,0.0,0.0,0.0,0.0,0.0,0.0,0.0,0.0,10.0,19.0,9.0,1.0,9.0,8.0,1.0,9.0,8.0,10.0,19.0,9.0,0.0,2.0,2.0,6.0,9.0,3.0,0.0,0.16,0.16,2.72,2.89,0.17,1.0,1.0,0.0,0.0,0.0,0.0,2.0,7.0,5.0,7.0,13.0,6.0,0.67,0.69,0.71,0.46,0.39,0.32,0.0,1.0,1.0,2.0,3.0,1.0,17.0,34.0,67.0,67.0,21.0,81.0,101.0,0.88,0.84,0.78,0.52,0.57,0.65,0.88,0.87,0.85,0.59,0.66,0.71,0.75,0.71,0.68,0.25,0.29,0.32,9.0,10.0,1.0,0.0,2.0,2.0,8.0,12.0,4.0,2.0,4.0,2.0,7.0,10.0,3.0,0.0,2.0,2.0,12.0,20.0,8.0,3.0,6.0,3.0,0.75,0.6,0.0,0.6,0.57,0.55,3.0,4.0,1.0,0.0,0.0,0.0,13.0,24.0,11.0,5.0,10.0,5.0,21.0,30.0,9.0,3.0,8.0,5.0,24.0,28.0,4.0,3.0,6.0,3.0,1.0,1.0,1.0,1.0,1.0,1.0,1.0,1.78,2.16,0.38,0.06,0.15,0.09,3.72,3.89,0.17,0.0,0.16,0.16,3.72,3.89,0.17,0.0,0.16,0.16,2.28,2.77,0.49,0.07,0.31,0.24,1
SM0KZVYG,BRAZIL,2026,Serie A Betano,BRAZIL 1,28/01/2026,19:00,RODADA 1,Internacional,Athletico-PR,0,1,0.0,1.0,1.86,4.41,3.38,2.48,5.05,2.13,2.11,1.65,1.3,3.2,1.08,7.2,1.38,2.9,3.85,1.23,7.4,1.07,2.4,1.5,5.33,1.11,1.0,3.0,2.0,1.0,3.0,2.0,0.0,0.0,0.0,4.0,5.0,1.0,25.0,35.0,10.0,9.0,18.0,9.0,0.0,1.0,1.0,8.0,13.0,5.0,0.0,0.0,0.0,0.22,0.2,0.17,20.0,43.0,23.0,24.0,38.0,14.0,0.0,0.0,0.0,0.0,0.0,0.0,1.0,1.0,0.0,1.0,1.0,0.0,4.0,11.0,7.0,6.0,13.0,7.0,6.0,13.0,7.0,4.0,11.0,7.0,3.0,5.0,2.0,1.0,1.0,0.0,1.1,1.32,0.22,0.32,-0.17,-0.49,0.0,0.0,0.0,0.0,0.0,0.0,7.0,12.0,5.0,4.0,7.0,3.0,0.27,0.28,0.29,0.35,0.43,0.48,0.0,1.0,1.0,3.0,4.0,1.0,12.0,34.0,67.0,67.0,19.0,67.0,101.0,0.5,0.44,0.4,0.78,0.76,0.71,0.71,0.69,0.66,0.86,0.86,0.86,0.28,0.29,0.3,0.72,0.71,0.7,1.0,4.0,3.0,7.0,12.0,5.0,2.0,4.0,2.0,2.0,7.0,5.0,1.0,2.0,1.0,4.0,7.0,3.0,2.0,2.0,0.0,3.0,7.0,4.0,0.57,0.57,0.57,0.67,0.73,1.0,0.0,0.0,0.0,0.0,0.0,0.0,9.0,24.0,15.0,12.0,22.0,10.0,3.0,6.0,3.0,10.0,19.0,9.0,2.0,12.0,10.0,27.0,38.0,11.0,1.02,1.0,1.0,1.0,1.0,1.0,1.0,0.02,0.81,0.79,1.47,1.85,0.38,0.32,0.83,0.51,1.1,1.32,0.22,0.32,0.83,0.51,1.1,1.32,0.22,0.68,1.59,0.91,1.64,2.42,0.78,1
42fbSmRj,BRAZIL,2026,Serie A Betano,BRAZIL 1,28/01/2026,19:00,RODADA 1,Vitória,Remo,2,0,0.0,0.0,1.75,5.19,3.6,2.28,5.6,2.05,2.11,1.65,1.25,3.42,1.07,7.2,1.38,2.9,3.9,1.23,7.4,1.07,2.32,1.51,5.34,1.11,2.0,2.0,0.0,5.0,6.0,1.0,2.0,6.0,4.0,2.0,5.0,3.0,9.0,15.0,6.0,8.0,23.0,15.0,0.0,1.0,1.0,3.0,4.0,1.0,0.3,0.19,0.09,0.25,0.36,0.67,18.0,39.0,21.0,24.0,54.0,30.0,0.0,0.0,0.0,0.0,0.0,0.0,0.0,0.0,0.0,1.0,1.0,0.0,3.0,17.0,14.0,4.0,13.0,9.0,4.0,13.0,9.0,3.0,17.0,14.0,2.0,5.0,3.0,1.0,1.0,0.0,-0.14,0.28,0.42,0.2,0.2,0.0,0.0,0.0,0.0,1.0,1.0,0.0,6.0,11.0,5.0,6.0,9.0,3.0,0.63,0.48,0.43,0.24,0.3,0.36,1.0,2.0,1.0,1.0,2.0,1.0,12.0,51.0,67.0,67.0,26.0,81.0,101.0,0.74,0.75,0.76,0.7,0.67,0.64,0.87,0.85,0.83,0.74,0.77,0.8,0.6,0.58,0.55,0.4,0.42,0.45,5.0,6.0,1.0,10.0,15.0,5.0,6.0,7.0,1.0,6.0,8.0,2.0,1.0,1.0,0.0,4.0,7.0,3.0,4.0,8.0,4.0,2.0,5.0,3.0,0.86,0.64,0.25,0.56,0.58,0.67,0.0,0.0,0.0,1.0,1.0,0.0,4.0,11.0,7.0,13.0,19.0,6.0,9.0,14.0,5.0,12.0,20.0,8.0,9.0,11.0,2.0,24.0,33.0,9.0,1.01,1.0,1.0,1.0,1.0,1.0,1.0,0.51,0.58,0.07,1.32,1.74,0.42,0.2,0.2,0.0,1.86,2.28,0.42,0.2,0.2,0.0,1.86,2.28,0.42,0.78,1.01,0.23,2.11,3.12,1.01,1
